orgnr;navn;ansatte;hjemmeside;beskrivelse;auto_kategori;auto_ord;auto_typer;manual_informativ (ja/nei);manual_forretningstype
930459615;1850 NUMMEROPPLYSNINGEN AS;19;;Selge tjenester og varer innen WEB PORTALER og annet som naturlig sammenfaller med dette, samt deltakelse i andre selskaper, investeringer og nærliggende virksomhet.;specific;deltakelse enfaller nærliggende portaler selskaper varer web;real estate/investment;;
934936124;2IZII AS;8;;Programvareutvikling.;boilerplate;;;;
919844523;7ANALYTICS AS;18;;Utvikle produkter og tjenester innen IKT, infrastruktur, fiskeri og råvarer.;specific;fiskeri infrastruktur råvarer;;;
913077369;7SENSE TECHNOLOGIES AS;8;;Konsulenttjenester innenfor elektronikk og programvare. Egenutvikling av produkter innenfor elektronikk og programvare.;generic;egenutvikling elektronikk;consulting/staffing, hardware/electronics;;
982057892;99X INCREO AS;30;www.increo.no;Utvikling av internettløysningar for bedrifter og offentleg. Også rådsgivning, konsulenttjenester, salg, markedsføring og prosjektstyring samt anna virksomhet til dette, herunder ved innskudd, av kapital, ved aksjetegning og deltakelse i andre virksomheter.;specific;aksjetegning anna deltakelse innskudd internettløysningar offentleg prosjektstyring rådsgivning;consulting/staffing;;
979955138;ABARIS CONSULTING AS;10;;Programmering/tilpasning av EDB-programmer.;specific;edb-progra ering progra tilpasning;;;
919608811;ABEL TECHNOLOGIES AS;32;;Utvikle digitale løsninger innenfor helse og treningsindustrien. Hovedsakelig innebærer dette å utvikle programvare for mobile enheter i form av applikasjoner og nettsider. Programvarene har som formål å hjelpe og veilede brukerne med trening og kosthold for å endre eller vedlikeholde sin kropp, og er rettet mot å forbedre brukernes helse. Dataingeniører, programutviklere, personlige trenere, ernæringsfysiologer, kokker, idrettsbiologer, psykologer, leger, og markedsførere er med i utviklingen av programvaren.;specific;applikasjoner brukerne brukernes dataingeniører digitale endre enheter ernæringsfysiologer forbedre form har helse hjelpe idrettsbiologer innebærer kokker kosthold kropp leger markedsførere mobile nettsider personlige programutviklere programvaren programvarene psykologer rettet sin trenere trening treningsindustrien utviklingen vedlikeholde veilede;product/SaaS;;
991326804;ABLEMAGIC AS;8;;Utvikling og salg av elektroniske spill for pc, mobiltelefoner mv.;specific;elektroniske mobiltelefoner spill;games/media;;
928957195;ABSTRACTIONS AS;9;;IT-utvikling og IT-rådgivning. Selskapet kan delta i andre foretak som fremmer eller støtter selskapets øvrige formål.;specific;delta foretak fre it-rådgivning it-utvikling støtter øvrige;consulting/staffing;;
971050756;ACCELLA SOLUTIONS AS;13;www.accella.no;Programmeringstjenester/IT. System for automasjon og administrasjon av terminaler og tankanlegg. Engineering, idriftsettelse og service/vedlikehold.;specific;administrasjon automasjon engineering eringstjenester idriftsettelse progra tankanlegg terminaler;;;
918874224;ACCOUNTFLOW AS;19;accountflow.no;Utvikling og konsulentvirksomhet innen elektronisk databehandling, samt hva dermed står i forbindelse, herunder å delta i andre selskaper med lignende virksomhet.;generic;databehandling elektronisk;consulting/staffing;;
812702742;ACEVE NORGE AS;27;;Fremstilling/salg av programvare og andre produkter som naturlig faller sammen med dette, herunder å delta i andre selskaper med lignende virksomhet, kjøp og salg av aksjer, eller på annen måte gjøre seg interessert i andre foretagender. Konsulentvirksomhet og rådgivning, samt import og salg av relaterte produkter.;specific;faller foretagender fremstilling gjøre interessert måte seg;consulting/staffing, real estate/investment;;
927167778;ADAPTIC TECHNOLOGY AS;32;;Programmeringstjenester.;generic;eringstjenester progra;;;
995221608;ADATO AS;8;www.nettlonn.no;Tilby internettbaserte tjenester, inkludert salg av forbruksvarer over Internett. Selskapet skal også tilby administrative og annen IT relaterte tjenester.;specific;administrative forbruksvarer inkludert internett internettbaserte over tilby;;;
924690496;ADMINKIT AS;16;;Utvikling og salg av programvare, samt virksomhet som naturlig grenser til dette.;generic;grenser;;;
813235552;ADMMIT AS;16;admmit.no;Utvikle, produsere og selge software- og informasjonsteknologi til transportbransjen, bygg- og anleggsbransjen og andre.;specific;anleggsbransjen bygg- software- transportbransjen;;;
916977565;ADNUNTIUS AS;5;www.adnuntius.com;Programmeringstjenester.;generic;eringstjenester progra;;;
947812815;ADONIS AS;13;;Drive med kjøp og salg av elektronisk utstyr, programvare, service, opplæring og konsulent- tjenester, samt alt hva herved står i forbindelse, herunder å delta i andre selskap med lignende virksomhet.;specific;delta elektronisk konsulent- opplæring utstyr;consulting/staffing, hardware/electronics;;
921882327;ADVANTEK DIGITAL AS;7;;Salg av IT løsninger. Konsulentvirksomhet tilknyttet informasjonsteknologi.;boilerplate;;consulting/staffing;;
923242201;ADVISOR AS;14;;Utvikling og salg av dataprogrammer.;generic;dataprogra;;;
925354090;AECOM ENGINEERING TECHNOLOGY SERVICES AS;27;;Programvareutvikling.;boilerplate;;;;
922546592;AEDIL AS;9;;Programvare og produktutvikling.;generic;produktutvikling;;;
919825723;AGE LABS AS;11;agelabs.com;Software. Helse. Bioteknologi.;generic;bioteknologi helse;;;
988669695;AGENS AS;49;www.agens.no;Fremstilling og salg av mobilapplikasjoner og software.;generic;fremstilling mobilapplikasjoner;;;
996738574;AGR SOFTWARE AS;5;;Selskapet skal utvikle og levere software til oljebransjen (operatører og serviceselskap), samt kursing.;specific;kursing oljebransjen operatører serviceselskap;;;
924293438;AGRILOGG AS;6;;Systemutvikling av webløsning for landbruket, samt salg, support og drift av programvare.;specific;landbruket support systemutvikling webløsning;operations/hosting;;
929200276;AIBA AS;9;;Utvikling av IKT-baserte tjenester.;generic;ikt-baserte;;;
927384302;AIDN AS;142;www.aidn.no;Utvikle og levere datatjenester til bruk for helsevesenet.;specific;bruk datatjenester helsevesenet;;;
933876179;AIMZ AS;6;;Programmering.;generic;ering progra;;;
931971786;AIRIT AS;9;www.airit.no;AirIT leverer moderne sikkerhetsløsninger ved aktiv bruk av skytjenester.;specific;airit aktiv bruk leverer moderne sikkerhetsløsninger skytjenester;product/SaaS;;
923378685;AIZE AS;103;;Å utvikle og selge software og digitale løsninger som brukes i den globale olje- og gassindustrien, å utvide slikt for anvendelse i annen industri samt tilby software og digitale løsninger som abonnementstjenester for kunder både innenfor og utenfor olje- og gassindustrien.;specific;abonnementstjenester anvendelse brukes digitale gassindustrien globale industri olje- slikt tilby utenfor utvide;product/SaaS;;
940456584;AKKODIS EDGE NORWAY AS;36;;Utvikling, produksjon og markedsføring av data produkter og tilknyttede tjenester, samt deltagelse i andre selskaper og hva hermed står i forbindelse.;specific;deltagelse selskaper tilknyttede;;;
971125756;AKKODIS GROUP NORDICS AS;6;www.datarespons.no;Eie og forvalte aksjer og andre selskapsandeler, samt kjøp og salg av fast eiendom og annen virksomhet som står i naturlig sammenheng med dette.;specific;eie enheng forvalte selskapsandeler;real estate/investment;;
980665895;AKKODIS NORWAY R&D SERVICES AS;72;;Programmeringstjenester.;generic;eringstjenester progra;;;
927613298;AKSIO INSURTECH AS;8;;Utvikling av systemer for pensjonskasser, pensjonsfond og legater, slik at disse bruker de utviklede systemene for å: beregne pensjonsforpliktelser mm, forvaltning og administrasjon av pensjonsordnigene. Bistand mot pensjonskasser basert på timeavtaler.;specific;administrasjon basert beregne bruker disse forvaltning legater pensjonsfond pensjonsforpliktelser pensjonskasser pensjonsordnigene systemene timeavtaler utviklede;;;
830340882;ALBA TECH AS;12;;Utvikling av app og tjeneste.;generic;app;product/SaaS;;
983607780;ALLEGRO KOMMUNIKASJON AS;27;;"Reklametjenester, grafiske og interaktive tjenester; herunder programutvikling, publiseringsløsninger, webdesign, videoportal og film.";specific;film grafiske interaktive programutvikling publiseringsløsninger reklametjenester videoportal webdesign;;;
934608852;ALLEGRO NORDIC AS;7;;Programvareutvikling.;boilerplate;;;;
921147325;ALPHA SOLUTIONS NORGE AS;5;www.alpha-solutions.no;Utvikling, salg og integrasjon av programvare samt annen virksomhet beslektet med dette, herunder support, drift, rådgivning og konsulentvirksomhet.;specific;beslektet integrasjon support;consulting/staffing;;
937396783;AMADEUS NORWAY AS;5;www.amadeus.com/en;Markedsføre datatekniske kommunikasjonssystemer og dermed forbunden virksomhet.;specific;datatekniske forbunden markedsføre unikasjonssystemer;;;
831163542;AMBR INSTITUTE AS;5;;Programmering.;generic;ering progra;;;
968489127;AMITEC AS;44;www.amitec.no;Drive handel, import, eksport, agentur, konsulent- virksomhet og produktutvikling, samt hva hermed står i forbindelse. Videre investeringsvirksomhet gjennom deltagelse i andre selskaper og annen finansiell virksomhet.;specific;agentur deltagelse finansiell gjennom investeringsvirksomhet konsulent- produktutvikling selskaper videre;consulting/staffing, real estate/investment;;
940474639;AMS AS;23;;Utvikling, produksjon og markedsføring av data- teknologi og systemer. Rådgivning innen integrering av datateknologi i produksjons- bedrifter. Andre oppgaver som står i nær til- knytning til det foran nevnte. Deltagelse i annen virksomhet ved aksjekjøp eller lignende.;specific;aksjekjøp data- datateknologi deltagelse foran integrering knytning nær oppgaver produksjons- til-;consulting/staffing;;
893938192;ANAQUA FOREIGN FILING AS;6;;Anaqua Foreign Filing opptrer som en tjenesteleverandør for beskyttelse av immatrielle eiendeler og rettigheter for søsterselskapet Anaqua Services Inc.;specific;anaqua atrielle beskyttelse eiendeler filing foreign inc opptrer rettigheter services søsterselskapet tjenesteleverandør;;;
919512113;ANITA SYSTEMS AS;6;;Programmeringstjenester. Grafisk produksjon.;specific;eringstjenester grafisk progra;;;
929804538;ANKERDB AS;6;;Utvikle og kommersialisere programvare for byggenæringen, og alt som naturlig hører ved.;generic;byggenæringen ersialisere;;;
888777032;ANSUR TECHNOLOGIES AS;6;;Programvareutvikling for å overføre bilder, video og strømmetjenester i optimal kvalitet ved bruk av minimalt med båndbredde. Løsningene er spesielt utviklet for lav båndbredde, som satellitt- og radiokommunikasjon. Virksomheten er av både nasjonal og internasjonal karakter. Selskapet kan eie eierandeler i andre selskap.;specific;bilder bruk båndbredde eie eierandeler etjenester internasjonal karakter kvalitet lav løsningene minimalt nasjonal optimal overføre radioko satellitt- spesielt strø unikasjon utviklet video;games/media;;
985802572;ANTENOR-OTG AS;12;;Utvikle og selge programvare innen virksomhetstyring, kvalitet/risiko og HMS konsulenttjenester innen virksomhetsstyring, kvalitet, risiko, HMS og teknisk sikkerhet.;specific;hms kvalitet risiko sikkerhet teknisk virksomhetsstyring virksomhetstyring;consulting/staffing;;
914490944;ANZYZ TECHNOLOGIES AS;9;www.anzyz.com;Utvikling av algoritmer og tilsvarende for analyse av store datamengder.;specific;algoritmer analyse datamengder store;;;
913376811;APEX IT AS;14;apexapp.no;IT bransjen ved salg, drift, utvikling og support av software, utviklingstjenester og driftstjenester. Samt salg og support av IT relatert utstyr.;specific;bransjen driftstjenester support utstyr utviklingstjenester;hardware/electronics;;
998850371;APLIA AS;22;;Konsulenttjenester knyttet til utvikling av webløsninger tilpasset kundegruppers behov, rådgivning og opplæring, samt annen virksomhet som står i naturlig tilknytning til dette.;specific;behov knyttet kundegruppers opplæring tilpasset webløsninger;consulting/staffing;;
984902638;APOKUS AS;12;;Opplærings- og utviklingsvirksomhet for apotekbransjen.;specific;apotekbransjen opplærings- utviklingsvirksomhet;;;
919513586;APPARAT AS;10;www.apparat.no;Produkt- og tjenesteutvikling innen IT, design og film.;specific;design film produkt- tjenesteutvikling;;;
919697199;APPFARM AS;52;;Levere IT-tjenester og drive programvareutvikling. Selskapet skal også kunne investere i andre selskaper.;specific;investere kunne selskaper;;;
918843493;APPLIED AUTONOMY AS;8;www.appliedautonomy.no;Utvikling og salg av informasjonsteknologi for kjøretøy og transportsystemer.;generic;kjøretøy transportsystemer;;;
935269695;APROODOS AS;7;;Programvareutvikling.;boilerplate;;;;
920419372;APTIC NORWAY AS;8;;Programmerings- og konsulentvirksomhet gjennom å utvikle og forvalte system- og webløsninger. Dette inkluderer kjøp og salg av hard- og software. Selskapet har anledning til å eie og forvalte verdipapirer og investere i andre selskap.;specific;anledning eie erings- forvalte gjennom har hard- inkluderer investere progra system- verdipapirer webløsninger;consulting/staffing;;
931851926;AQUILA HASH AS;6;;"IT-tjenester, inkludert utvikling og markedsføring av informasjonsteknologi, utvikling av datasystemer og rådgivning om integrering av datasystemer. Internasjonal handel med datautstyr, maskiner og medisinsk utstyr, farmasøytiske produkter og husholdingsprodukter; Bedriftsrådgivning, inkludert e-handel, konferansetjenester, HR-tjenester og konsulenttjenester innen prosjektinvestering.";specific;bedriftsrådgivning datautstyr e-handel farmasøytiske hr-tjenester husholdingsprodukter inkludert integrering internasjonal konferansetjenester maskiner medisinsk prosjektinvestering utstyr;consulting/staffing, hardware/electronics;;
921542453;ARCTIC CORE AS;5;;Investeringer i informasjonsteknologi, salg av programmeringstjenester, konsulentvirksomhet tilknyttet informasjonsteknologi, investeringer i datasentre, aktiv deltakelse i driften av slike datasentre, og tilhørende virksomhet.;specific;aktiv datasentre deltakelse driften eringstjenester progra slike tilhørende;consulting/staffing, real estate/investment;;
912017818;ARDOQ AS;136;www.ardoq.com;Produktutvikling, konsulenttjenester, salg av produkter, investering i lignende selskaper innenfor IT.;generic;produktutvikling selskaper;consulting/staffing, real estate/investment;;
927439441;AREALIZE AS;13;;Virksomheten skal utvikle og selge programvare til eiendomsbransjen, bygg- og anleggsbransjen og andre bransjer der selskapets programvare kan benyttes, samt å yte tilhørende eller nærliggende tjenester. Dette kan også innebære investering i andre selskaper, samt annen virksomhet som naturlig faller inn under denne foretningsvirksomhet.;specific;anleggsbransjen benyttes bransjer bygg- denne der eiendomsbransjen faller foretningsvirksomhet inn innebære nærliggende selskaper tilhørende yte;real estate/investment;;
933216748;ARK SOLUTION NORWAY AS;5;;Konsulenttjenester innen IT. Programmering. WEB-design. Drift av web-portaler.;specific;ering progra web-design web-portaler;consulting/staffing, operations/hosting;;
964675279;ARMADA DYNAMICS AS;12;www.armadadynamics.no;IT leverandør. Software til forretningskritiske prosesser.;specific;forretningskritiske leverandør prosesser;;;
918487328;ARRIBATEC NORGE AS;78;;Konsulenttjenester (implementering og support) relatert til egenutviklet og 3-parts ERP-software. Salg av software. Utvikling av software.;specific;egenutviklet erp-software implementering parts support;consulting/staffing;;
929098609;ARTI CONSULT AS;6;;Vi utvikler nettsider og markedsfører bedrifter digitalt via tjenester som Google Ads, Facebook Ads og andre tilsvarende plattformer. I tillegg tilbyr vi tjenester innen produksjon av innhold til bruk digitalt, artikler, nyhetersbrev og lignende, og driftsavtaler.;specific;ads artikler bruk digitalt driftsavtaler facebook google innhold markedsfører nettsider nyhetersbrev plattformer tilbyr tillegg via;product/SaaS;;
925364967;ARTIFIK AS;7;;Utvikling, markedsføring og salg av IT-baserte løsninger.;generic;it-baserte;;;
919300388;ARTISAN CONSULTING AS;11;;Programvare utvikling, konsulenttjenester, kjøp og salg av elektronikk og utvikling av elektroniske løsninger.;generic;elektronikk elektroniske;consulting/staffing, hardware/electronics;;
814881512;ARUNDO ANALYTICS AS;10;www.arundo.com;Utvikling av programvare, analyse av store datamengder (big data), og dertil tilhørende virksomhet.;specific;analyse big datamengder dertil store tilhørende;;;
997061535;ARV DESIGN AS;6;;Å utvikle og drifte innovative applikasjoner for den mobile teknologien rettet mot kundegrupper innen klær og moter globalt.;specific;applikasjoner globalt innovative klær kundegrupper mobile moter rettet teknologien;product/SaaS;;
922686408;ASCENIUM AS;8;www.ascenium.com;Programmering og databehandling samt gjøre investeringer i lignende virksomheter.;specific;databehandling ering gjøre progra;real estate/investment;;
933155633;ASENTI AS;5;;Programmering.;generic;ering progra;;;
915017096;ASK UNDERVISNING AS;36;;Forvaltning og drift av IT-systemer.;generic;forvaltning it-systemer;operations/hosting;;
989974300;ASKI RASKI AS;7;www.askiraski.no;Utvikling og salg av undervisningsprogrammer, kursing, samt hva herved står i forbindelse.;generic;kursing undervisningsprogra;;;
937007833;ASTAR CONSULTING AS;8;;Programvareutvikling.;boilerplate;;;;
979543719;AT WORK SYSTEMS AS;6;www.atworklogin.com;Konsulentvirksomhet og salg av tjenester tilknyttet system- og programvare, samt delta i andre selskaper med økonomisk interesser.;specific;delta interesser selskaper system- økonomisk;consulting/staffing;;
927074915;ATLAS AS;15;;Utvikle og selge programvare innenfor informasjonsteknologi, samt levere generelle konsulenttjenester, og alt som kan knyttes til denne type virksomhet. Selskapet skal også kunne investere i andre selskaper.;specific;denne generelle investere knyttes kunne selskaper;consulting/staffing;;
994202367;ATTENSI AS;111;www.attensi.com;Programvareutvikling IT.;boilerplate;;;;
925044237;AUCOTEC NORWAY AS;8;;Utvikling, salg og vedlikehold av programvare, herunder konsulentvirksomhet.;boilerplate;;consulting/staffing;;
911989417;AUGMENTCITY AS;5;www.offsim.no;Utvikle og selge simulerings- og visualiseringsløsninger.;generic;simulerings- visualiseringsløsninger;;;
920774911;AURORA SYSTEMS AS;7;;Utvikling og utgivelse av programvare samt det som naturlig står i forbindelse med dette.;generic;utgivelse;;;
922421544;AUTILITY AS;13;;Konsulent- og servicetjenester mot eiendomsbransjen.;specific;eiendomsbransjen konsulent- servicetjenester;consulting/staffing, real estate/investment;;
917616159;AUTODESK NORWAY OPERATIONS AS;100;;Programvareutvikling og salg til eiendomsmarkedet.;generic;eiendomsmarkedet;real estate/investment;;
922821127;AVENSIA AS;5;;Salg, konsultasjon og produktutvikling av IT-relaterte produkter.;specific;it-relaterte konsultasjon produktutvikling;;;
996662144;AVENTIA MEDIA AS;16;www.aventia.no;Konsulentvirksomhet, programmeringstjenester.;generic;eringstjenester progra;consulting/staffing;;
922686416;AVILO AS;7;;Utvikling av programvare og videresalg av dette. Softwareutvikling.;generic;softwareutvikling videresalg;;;
916559399;AVJU SOLUTIONS AS;20;;Utvikling av produkter og programvare til overvåkning.;generic;overvåkning;;;
926559745;AXAZ AS;70;;Utvikle, selge og levere tjenester til bedriftsmarkedet som bidrar til å akselerere kundenes innovasjon og forretningsutvikling gjennom bruk av data, og annet som naturlig faller sammen med dette.;specific;akselerere bedriftsmarkedet bidrar bruk faller forretningsutvikling gjennom innovasjon kundenes;;;
998392497;AXBIT AS;9;;Utvikling og salg av informasjonsteknologi og programvare, herunder konsulenttjenester.;boilerplate;;consulting/staffing;;
978661211;AXIA AS;11;;Drive med EDB-tjenester, handels- og konsulenttjenester, kjøp og salg av fast eiendom.;generic;handels-;consulting/staffing, real estate/investment;;
931050478;AXIOM GROUP AS;7;www.axiomgroup.no;Bedrive konsulentvirksomhet og produktutvikling innen IT-området samt det som står i naturlig forbindelse med dette. Selskapet skal forvalte fast eiendom og løsøre samt foreta investeringer.;specific;bedrive fast foreta forvalte it-området løsøre produktutvikling;consulting/staffing, real estate/investment;;
919573619;BAMBOO SOLUTIONS AS;6;;Programmering av dataløsninger og salg av disse til bedrifts- og privatmarkedet i Norden.;specific;bedrifts- dataløsninger disse ering norden privatmarkedet progra;;;
987917342;BARDE SOFTWARE AS;7;www.barde.ai;Utvikling, salg og utleie av IT og Informasjonsløsninger. Web-baserte tjenester, konsulent, drift samt alt hva herved står i forbindelse.;generic;informasjonsløsninger web-baserte;consulting/staffing;;
976071166;BARN - NETT AS;11;www.barn-nett.no;Konsulentvirksomhet, samt utvikling og salg av dataprogrammer.;generic;dataprogra;consulting/staffing;;
999159958;BARNFIND TECHNOLOGIES AS;10;;Utvikling, produksjon, salg og markedsføring av tekniske produkter til flere bransjer som trenger video, audio, data og IP løsninger.;specific;audio bransjer flere tekniske trenger video;games/media;;
916382774;BAYMARKETS AS;8;www.baymarkets.com;Systemutvikling innen finansiell teknologi.;generic;finansiell systemutvikling;;;
983977413;BB COMPUTERTEKNIKK AS;16;;Utvikling av kontroll- og computersystemer for logistikk.;specific;computersystemer kontroll- logistikk;;;
915224628;BE YOUR BEST AS;8;www.beyourbest.com;Programvareutvikling.;boilerplate;;;;
933660192;BECRYSTAL AS;9;becrystal.ai;Programmering.;generic;ering progra;;;
922304521;BEDFORD CONSULTANCY SERVICES AS;5;;Bedriftsrådgivning, salg og formidling av IT-løsninger med tilhørende tjenester samt annet som står i forbindelse med dette, inkludert deltakelse i andre selskap.;specific;bedriftsrådgivning deltakelse formidling inkludert tilhørende;;;
935219345;BEDROCK GROUP AS;5;;Programvareutvikling.;boilerplate;;;;
937951612;BENFORD TEKNOLOGI AS;10;;Programvareutvikling.;boilerplate;;;;
928913244;BEVART AS;6;;Utvikler en programvare tilpasset museenes behov, og tar i bruk smart sensorikk for å gi konservatorer sanntidsoversikt over klimatiske forhold.;specific;behov bruk forhold klimatiske konservatorer museenes over sanntidsoversikt sensorikk smart tar tilpasset;hardware/electronics;;
946944483;BIBLIOTEK-SYSTEMER A/S;26;;Salg av edb-utstyr og programvare, rådgivning og konsulentvirksomhet og hva dermed står i for- bindelse, herunder deltakelse i andre selskaper og virksomheter.;specific;bindelse edb-utstyr for-;consulting/staffing, hardware/electronics;;
914721091;BIFROST OG DRAUPNE AS;7;;Investere i aksjer, verdipapirer og andre selskapsandeler, samt hva hermed står i forbindelse.;specific;investere selskapsandeler verdipapirer;real estate/investment;;
920148867;BILBERRY TECHNOLOGIES AS;12;www.bilberry.no;Utvikling og drift av programvare, samt konsulenttjenester tilknyttet informasjonsteknologi.;boilerplate;;consulting/staffing, operations/hosting;;
996528324;BILLINK AS;6;www.billink.no;Utvikling, salg og support av programvare, konsulentvirksomhet.;generic;support;consulting/staffing;;
924645385;BILLIONWORLDS AS;5;;Lager dataspill som selges elektronisk til mobilplattformer gjennom Apple sin Appstore og Google sin Play store, samt til PC/Laptop via nettbutikken Steam.;specific;apple appstore dataspill elektronisk gjennom google lager laptop mobilplattformer nettbutikken play selges sin steam store via;;;
924455926;BIM2SHARE AS;7;www.bim2share.no;Utvikling. salg og vedlikehold av programvare, omsetning av tilhørende konsulenttjenester, samt alt som står i forbindelse med dette.;generic;omsetning tilhørende;consulting/staffing;;
927018829;BIODRONE AS;9;;Utvikling av programvare. Rådgivning dronetjenester. Salg av droner. Utføre dronetjenester.;specific;droner dronetjenester utføre;consulting/staffing;;
918714510;BIRDSVIEW AS;14;;Utvikle programvarer og tjenester for å undersøke tilstanden til kritisk infrastruktur.;specific;infrastruktur kritisk tilstanden undersøke;;;
922808848;BIZTEK AS;32;www.biztek.no;Utvikle, forvalte og drifte egne og andres IT-løsninger, salg av service- og konsulenttjenester, samt annen virksomhet som har sammenheng med dette.;specific;andres egne enheng forvalte har service-;consulting/staffing;;
918887520;BK ONCODE AS;6;;Produksjon av hjemmesider og grafisk design. Programmering og salg av datautstyr/programvare.;specific;datautstyr design ering esider grafisk hje progra;;;
926707345;BLDNG.AI AS;11;;Kjøp, salg, utvikling og produksjon av teknologi, programmeringstjenester og tilknyttet konsulentvirksomhet rettet mot eiendom. Selskapet skal også investere i tilknyttet virksomhet.;specific;eringstjenester investere progra rettet;consulting/staffing, real estate/investment;;
914185742;BLI SYNLIG AS;8;;"Webbyrå; totalleverandør av hjemmesider, webutvikling og grafisk design til privatpersoner og bedrifter. Bistand med å øke synligheten i søkemotorer og sosiale medier, samt rådgivning.";specific;design esider grafisk hje medier privatpersoner sosiale synligheten søkemotorer totalleverandør webbyrå webutvikling øke;consulting/staffing;;
933063976;BLOOMLET TECHNOLOGIES AS;7;bloomlet.com;Programmering.;generic;ering progra;;;
996296490;BLUE CTRL AS;21;www.bluectrl.io;Yte tjenester til maritim virksomhet.;generic;maritim yte;;;
989707906;BLUWARE AS;17;bluware.com;Utvikle og selge kommersielle produkter og tjenester innen informasjonsteknologi;generic;ersielle;;;
931549383;BOITANO OSLO AS;52;www.boitano.no;Konsulenttjenester innen IT. Programmering.;generic;ering progra;consulting/staffing;;
915295797;BOLDER TECHNOLOGY AS;7;www.bolder.no;Utvikling av digitale og analoge systemer, utstyr og tjenester for underholdning, trening og læring, samt levering av personell og kunnskap i denne forbindelse.;specific;analoge denne digitale kunnskap levering læring personell trening underholdning utstyr;hardware/electronics;;
893829342;BOMAN AS;5;;Utvikling og salg av egenutviklede IT-systemer.;generic;egenutviklede it-systemer;;;
932435985;BONESHOCK STUDIO AS;11;;Software og dataspillutvikling.;generic;dataspillutvikling;;;
935338905;BOOKBUILD AS;6;;Programvareutvikling.;boilerplate;;;;
917362394;BOOST AI AS;96;boost.ai;IT: Programmeringstjenester Konsulentvirksomhet tilknyttet informasjonsteknologi.;generic;eringstjenester progra;consulting/staffing;;
918614273;BOTNEVIK IT TJENESTER AS;5;bitt.no;Utvikling og drift av IT systemer, innkjøp og videresalg av tilhørende fastvare, samt virksomhet i tilknytning til dette. Selskapet skal også kunne holde aksjer og andeler i andre selskap.;specific;fastvare holde innkjøp kunne tilhørende videresalg;operations/hosting, real estate/investment;;
996756246;BOUVET NORGE AS;2270;www.bouvet.no;Rådgivning, systemutvikling og implementering av IT-løsninger samt annen virksomhet som har sammenheng med dette. Virksomheten kan drives av selskapet selv. av datterselskaper eller gjennom deltakelse i andre selskaper eller i samarbeid med andre.;specific;datterselskaper deltakelse drives enheng gjennom har implementering samarbeid selskaper selv systemutvikling;consulting/staffing;;
996941566;BRANDSAFE AS;5;;Utvikling og salg av programvare.;boilerplate;;;;
993492353;BRAVONET AS;21;;IT basert konsulentvirksomhet innen kravspesifisering, systemutvikling, programmering, database og prosjektledelse.;specific;basert database ering kravspesifisering progra prosjektledelse systemutvikling;consulting/staffing;;
918166769;BREACH AS;28;;Produksjon, konsulenttjenester, forskning og utviklingsarbeid innen IKT for både sluttbruker og industri. Utgivelse av dataspill. Utgivelse av annen programvare.;specific;dataspill forskning industri sluttbruker utgivelse utviklingsarbeid;consulting/staffing;;
932406667;BREEZE IP AS;5;;Programmering.;generic;ering progra;;;
917895317;BREVIO AS;7;www.brevio.com;Utvikling, markedsføring og salg av webbaserte kommunikasjonsplattformer, som skal selges direkte til bedriftskunder.;specific;bedriftskunder direkte selges unikasjonsplattformer webbaserte;;;
922998337;BRICKS SOFTWARE AS;11;;Internettdesign og programmering.;specific;ering internettdesign progra;;;
999643671;BRIK AS;12;brik.no/;Utvikle og selge programvare og tilhørende tjenester, samt alt som hører naturlig til dette.;generic;tilhørende;;;
912272389;BRILLIANT AS;54;www.brilliant.no;Utvikling og levering av programvare og tjenester, samt delta i eller eie virksomhet som står i naturlig sammenheng med dette.;specific;delta eie enheng levering;;;
915343716;BROKER AS;71;;Salg av annonser i selskapets datasystem, samt arbeide med utvikling innenfor samme fagfelt og eventuelt deltagelse i selskap med samme teknologi.;specific;annonser arbeide datasystem deltagelse eventuelt fagfelt;;;
916004702;BROS INTERACTIVE AS;5;;Programvareutvikling og andre produkter/tjenester som naturlig hører sammen med dette, herunder å delta i andre selskap med lignende virksomhet, og kjøp og salg av eiendom, aksjer eller på annen måte gjøre seg interessert i andre foretak.;specific;delta foretak gjøre interessert måte seg;real estate/investment;;
992631481;BRYHNI.COM AS;10;www.bryhni.com;Konsulentvirksomhet, utvikling av programvare og elektronikk, rådgivning, investering i andre selskaper, utleie og handel.;generic;elektronikk selskaper;consulting/staffing, hardware/electronics, real estate/investment;;
997090462;BUILDIT AS;10;buildit.no/;Utvikling, drift og salg av programvare, samt dertil hørende virksomhet.;generic;dertil hørende;;;
992853905;BUSINESS ONLINE AS;11;iqubes.no;Systemutvikling, salg av programvare, kurs og opplæring, konsulentvirksomhet.;specific;kurs opplæring systemutvikling;consulting/staffing;;
917139369;BUSTBYTE AS;14;bustbyte.no;Utvikling av applikasjoner, programmeringstjenester og konsulenttjenester innen IT.;specific;applikasjoner eringstjenester progra;product/SaaS, consulting/staffing;;
997586697;BX SOFTWARE AS;10;;Utvikling av programvare.;boilerplate;;;;
926476327;BÅRD STYREPORTAL AS;6;;Utvikling og salg av programvare.;boilerplate;;;;
911701251;CAGEEYE AS;26;www.cageeye.com;Å direkte og indirekte monitorere og ivareta økologisk balanse innen matproduksjon. Vi utvikler og leverer utstyr, avansert sensorteknologi og intelligent programvare som muliggjør datadrevet innsikt og beslutningsstøtte for optimalisering av matproduksjon på en langsiktig og bærekraftig måte, samt alt relatert, enten direkte eller indirekte, til det ovennevnte i den bredeste forstand.;specific;avansert balanse beslutningsstøtte bredeste bærekraftig datadrevet direkte enten forstand indirekte innsikt intelligent ivareta langsiktig leverer matproduksjon monitorere måte optimalisering ovennevnte sensorteknologi uliggjør utstyr økologisk;hardware/electronics;;
937199090;CALWIN AS;11;;Utvikling av programvare, konsulent-, handels og servicevirksomhet, og å delta i andre selskaper.;specific;delta handels konsulent- selskaper servicevirksomhet;consulting/staffing;;
898426122;CAP10 AS;15;;Programutvikling, konsulentvirksomhet, drift av datasystemer og alt hva hverved kommer i forbindelse.;generic;hverved programutvikling;consulting/staffing, operations/hosting;;
930070556;CARDBOARD AS;13;;Utvikling av programvare og digitale tjenester for bedriftsmarkedet, og annen virksomhet som faller naturlig inn med dette.;specific;bedriftsmarkedet digitale faller inn;;;
934440323;CARL HQ AS;5;;Programvareutvikling.;boilerplate;;;;
920018734;CARROT AS;11;;Utvikling og salg av produkt- og programvareløsninger. Selskapet kan også drive annen virksomhet i tilknytning til formålet. Selskapet kan inngå samarbeidsavtaler eller delta i andre foretak dersom dette er hensiktsmessig for å oppfylle formålet.;specific;delta dersom foretak hensiktsmessig inngå oppfylle produkt- programvareløsninger samarbeidsavtaler;;;
928788709;CARS SOFTWARE AS;7;;Salg, drift og installasjon av datasystem. Konsulenttjenester i tilknytning til dette.;generic;datasystem installasjon;consulting/staffing;;
930463515;CASI AS;12;;Utvikle, eie og drifte programvarer, mobilitetsløsninger, teknologiløsninger og alt som naturlig relaterer seg til dette. I tillegg skal selskapet kunne drive kjøp, salg og eie av aksjer og andre verdipapirer.;specific;eie kunne mobilitetsløsninger relaterer seg teknologiløsninger tillegg verdipapirer;real estate/investment;;
920257607;CASPECO NORGE AS;5;;Salg, utvikling og support av dataprogrammer samt salg av administrative tjenester og det som måtte være forbundet med dette.;specific;administrative dataprogra forbundet support være åtte;;;
919875038;CATACLOUD AS;12;www.catacloud.no;Programvareutvikling.;boilerplate;;;;
915263836;CATALYSTONE SOLUTIONS AS;100;;Å forestå utvikling og salg av software samt annen virksomhet beslektet med dette, herunder support og konsulentvirksomhet.;specific;beslektet forestå support;consulting/staffing;;
830832262;CATCHWISE AS;7;;Programmering.;generic;ering progra;;;
987493453;CCOM AS;17;www.ccom.no;Utvikling og salg av dataprogram og utstyr, konsulenttjenester og det som naturlig hører innunder dette.;generic;innunder utstyr;consulting/staffing, hardware/electronics;;
892644152;CCT NORGE AS;18;;Salg av annonserings- og markedsføringsverktøy på digitale kanaler, og hva hermed står i forbindelse. I tillegg kan selskapet drive alminnelig tjenestevirksomhet.;specific;alminnelig annonserings- digitale kanaler markedsføringsverktøy tillegg tjenestevirksomhet;;;
995590441;CEEVIEW AS;11;;Utvikling og salg av IT-relaterte produkter og tjenester, herunder deltagelse i andre selskaper med tilsvarende virksomhet.;generic;it-relaterte;;;
996261875;CEFALO AS;6;www.cefalo.com;Utvikling og salg av programvare, utleie av norsk og utenlandsk arbeidskraft, rådgivning og ledelse i næringslivet og alt hva hermed er i forbindelse, samt investeringer i eiendom og deltakelse i andre foretak.;specific;arbeidskraft deltakelse foretak ledelse næringslivet utenlandsk;consulting/staffing, real estate/investment;;
999093302;CELERWAY COMMUNICATION AS;8;;Utvikling og salg av software, hardware og tjenester innen datakommunikasjon.;specific;datako hardware unikasjon;hardware/electronics;;
936254594;CELESTE SYSTEMS AS;6;;Investering i aksjer og verdipapirer.;generic;verdipapirer;real estate/investment;;
926626264;CELSIA AS;12;celsia.io;Utvikling og salg av software for bedrifter.;boilerplate;;;;
921891806;CEMIT DIGITAL AS;16;;Leveranse av IT- og digitaliseringsrelaterte tjenester og produkter, samt annen virksomhet som står i naturlig tilknytning til dette.;generic;digitaliseringsrelaterte it-;;;
953151553;CENCOM AS;17;www.cencom.no;Utvikling, produksjon, salg og service innen data og alt som står i forbindelse med dette. Selskapets formål skal også være kjøp og salg av varer og tjenester, og alt som hører sammen med dette herunder aksjetegning, samt deltakelse i andre selskaper med lignende formål. Selskapet skal primært innrette sin virksomhet mot å dekke taxinæringens og dets medlemmers behov for varer og tjenester.;specific;aksjetegning behov dekke deltakelse dets ers innrette medle primært selskaper sin taxinæringens varer være;;;
982439965;CHECK POINT SOFTWARE TECHNOLOGIES NORWAY AS;19;www.checkpoint.com;Norsk avdeling av utenlandsk programvareutvikler.;specific;avdeling programvareutvikler utenlandsk;;;
994035053;CHECKIN AS;25;www.checkin.no;Komplette påmeldingstjenester: Påmelding- og banktjenester, håndtering av kunderegister, avtalegiro, nettbutikk og bookingtjenester. Serverdrift, drifting av nettsider, utvikling og programmering av nettløsninger, salg av hardware og software og foto/video-produksjon.;specific;avtalegiro banktjenester bookingtjenester drifting ering foto hardware håndtering komplette kunderegister nettbutikk nettløsninger nettsider progra påmelding- påmeldingstjenester serverdrift video-produksjon;hardware/electronics, games/media;;
986051155;CHRONOS AS;6;;Konsulentvirksomhet og salg av programvare innen data og det som står i forbindelse med denne virksomhet.;generic;denne;consulting/staffing;;
928771555;CILLCO TECHNOLOGY AS;10;;Utvikling og salg av programvare og datautstyr;generic;datautstyr;;;
912112616;CIMPLE TECHNOLOGY AS;9;;Design, utvikling, vedlikehold, markedsføring og salg av systemer og innhold for mobile teknologiplattformer til opplæring og informasjonsspredning. Selskapet kan også delta i andre selskaper med lignende virksomhet, samt investere i verdipapirer og andre formuesobjekter.;specific;delta design formuesobjekter informasjonsspredning innhold investere mobile opplæring selskaper teknologiplattformer verdipapirer;;;
998710502;CLOUD INSURANCE AS;9;www.cloudinsurance.io;Utvikling, utleie, salg og drift av programvare og internettbaserte tjenester, konsulentvirksomhet innen IKT, samt alt annet som er naturlig knyttet til virksomheten. Selskapet kan delta i andre selskaper.;specific;delta internettbaserte knyttet selskaper;consulting/staffing, operations/hosting;;
921957319;CLOUDBERRIES AS;14;cloudberries.no;Salg og leveranse av tjenester, løsninger og annet innen innovasjons- og digitaliseringsindustrien. Samt annen virksomhet som naturlig faller innenfor dette, herunder å delta i andre selskaper.;specific;digitaliseringsindustrien faller innovasjons-;;;
923158812;CLOUDBERRIES BRAVOUR AS;14;;Salg og leveranse av tjenester, løsninger og annet innen innovasjons- og digitaliseringsindustrien. Samt annen virksomhet som naturlig faller innenfor dette.;specific;digitaliseringsindustrien faller innovasjons-;;;
823239882;CLOUDBERRIES CAPO AS;18;;Salg og leveranse av tjenester, løsninger og annet innen innovasjons- og digitaliseringsindustrien. Samt annen virksomhet som naturlig faller innenfor dette.;specific;digitaliseringsindustrien faller innovasjons-;;;
823158882;CLOUDBERRIES DELTA AS;8;;Salg og leveranse av tjenester, løsninger og annet innen innovasjons- og digitaliseringsindustrien. Samt annen virksomhet som naturlig  faller innenfor dette.;specific;digitaliseringsindustrien faller innovasjons-;;;
932090953;CLOUDBERRIES FUSION AS;5;;Salg og leveranse av tjenester, løsninger og annet innen innovasjons- og digitaliseringsindustrien.;generic;digitaliseringsindustrien innovasjons-;;;
987255684;CLOUDOFFICE AS;6;www.cloudoffice.no;Programvareutvikling.;boilerplate;;;;
930300926;CO2PILOT AS;6;;Utvikling av digitale løsninger for eiendomsaktører med tilhørende rådgivning.;specific;digitale eiendomsaktører tilhørende;consulting/staffing, real estate/investment;;
931645544;COBRIEF AS;8;;Programmering.;generic;ering progra;;;
996802493;CODEIT AS;33;;Utvikling og salg av dataløsninger.;generic;dataløsninger;;;
929756118;CODEIT INNOVATION AS;5;;Utvikling, salg, drift og support for softwareteknologi, samt konsulentvirksomhet. Selskapet kan også drifte samhandlingsløsninger med et non-profit formål, spesielt med hensikt å støtte gjenoppbyggingen av Ukraina.;specific;gjenoppbyggingen hensikt non-profit samhandlingsløsninger softwareteknologi spesielt støtte support ukraina;consulting/staffing;;
911586738;CODELAB BERGEN AS;5;www.codelab.no;IT bransjen - Software utvikling.;generic;bransjen;;;
920517846;COGNIA TECHNOLOGY AS;14;;Utvikling, kjøp og salg av digitale løsninger, rådgivningstjenester og kjøp og salg av selskaper med samme formål.;specific;digitale rådgivningstjenester selskaper;consulting/staffing;;
918274758;COGNITE AS;352;;Utvikle og selge skreddersydde produkter innenfor informasjonsteknologi, samt levere generelle konsulenttjenester innenfor samme område, og alt som kan knyttes til denne type virksomhet. Selskapet skal også kunne investere i andre selskaper.;specific;denne generelle investere knyttes kunne område selskaper skreddersydde;consulting/staffing;;
832170712;COGNITIONHUB AS;9;;Programmering. Konsulenttjenester innen IT.;generic;ering progra;consulting/staffing;;
984755384;COGNIZANT OIL AND GAS CONSULTING SERVICES NORWAY AS;55;;Drive industri, handel, service, konsulentvirksomhet, annen tjensteytende virksomhet, forvaltning og utleie av driftstilknyttet fast eiendom samt virksomhet i forbindelse med dette, herunder deltagelse i andre selskaper som aksjonær eller på annen måte.;specific;aksjonær driftstilknyttet fast forvaltning industri måte tjensteytende;consulting/staffing, real estate/investment;;
988707031;COGNIZANT TECHNOLOGY SOLUTIONS NORWAY AS;126;;Tilby tjenester innen design, utvikling, integrasjon og vedlikehold av informasjonsteknologi, samt alle andre aktiviteter som herved står i forbindelse med, herunder, men ikke begrenset til, å inneha eierandeler i andre selskaper.;specific;aktiviteter begrenset design eierandeler ikke inneha integrasjon men selskaper tilby;;;
917606714;COMPANYCASTS AS;5;;Selskapet skal levere og formidle produksjonstjenester innenfor nettbasert kommunikasjon for næringslivet gjennom en nettbasert portal.;specific;formidle gjennom nettbasert næringslivet portal produksjonstjenester unikasjon;;;
930376981;COMPERA AS;6;;System for rapportering av informasjon samt konsulenttjenester innen bærekraft.;specific;bærekraft informasjon rapportering;consulting/staffing;;
976006631;COMPUTANSE AS;6;;Salg av hardware og software samt utførelse av konsulenttjeneste innen EDB.;specific;hardware konsulenttjeneste utførelse;consulting/staffing, hardware/electronics;;
986352325;COMPUTAS AS;325;computas.com;Produksjon, handel og tjenesteytelse innenfor databransjen, spesielt relatert til kunnskapsbaserte systemer.;specific;databransjen kunnskapsbaserte spesielt tjenesteytelse;;;
835914992;COMPUTAS OPUS AS;17;;Programmering.;generic;ering progra;;;
995943441;COMQ AS;5;;Programmeringstjenester. Utvikling, forvaltning, drift og support av webbaserte IKT-løsninger for bl.a. infoskjermer. .System- og applikasjonsutvikling, samt relaterte konsulenttjenester.;specific;applikasjonsutvikling eringstjenester forvaltning ikt-løsninger infoskjermer progra support system- webbaserte;product/SaaS, consulting/staffing;;
979555792;COMSOL AS;22;www.comsol.no;Edb-software.;generic;edb-software;;;
982396999;CONEXUS AS;17;Conexus.net;Investering i aksjer og andeler i andre selskaper.;generic;selskaper;real estate/investment;;
998613353;CONSCIA NORGE AS;143;www.conscia.no;Salg av nettverksutstyr, maskinvare og programvare innen IKT. Konsulent og kursvirksomhet innen IKT.;specific;kursvirksomhet maskinvare nettverksutstyr;consulting/staffing, hardware/electronics, operations/hosting;;
927302942;CONSID AS;41;;Å arbeide med konsulentvirksomhet innen programmering og systemutvikling og dermed forenlig virksomhet.;specific;arbeide ering forenlig progra systemutvikling;consulting/staffing;;
998807867;CONTA AS;51;www.conta.no;Utvikle og drifte nettjenester for bedriftsmarkedet, samt det som naturlig står i forbindelse med dette. Selskapet kan også foreta investeringer i andre selskap med nærliggende virksomhet.;specific;bedriftsmarkedet foreta nettjenester nærliggende;real estate/investment;;
928423549;CONVIER AS;6;convier.no;Utvikling og leveranse av teknologi for analyse av data, samt annen virksomhet som står i tilknytning til dette.;generic;analyse;;;
982116252;COPYLEFT SOLUTIONS AS;15;copyleftsolutions.com;Konsulenttjenester innen data og design samt handelsvirksomhet.;generic;design handelsvirksomhet;consulting/staffing;;
931325647;COREGO AS;5;;Utvikling av betalingstjeneste og annen digitale tjenester samt det som naturlig står i forbindelse med dette.;generic;betalingstjeneste digitale;;;
984587406;CORETREK AS;75;www.coretrek.no;Investere i selskaper, videreutvikle disse for maksimal verdiskapning og deretter avhende dem. I tillegg skal selskapet drive aktiv rådgivningsvirksomhet.;specific;aktiv avhende dem deretter disse investere maksimal rådgivningsvirksomhet selskaper tillegg verdiskapning videreutvikle;consulting/staffing;;
934929314;COSMO SCIENTIFIC CONSULTANT AS;8;;Systemutvikling innen data og komunikasjon, samt handel.;generic;komunikasjon systemutvikling;;;
918543198;COSMOS IT AS;5;;Leverandør av datautstyr/dataprogrammer, opplæring og andre tjenester i forbindelse med dette, samt å yte konsulent- og finansiell rådgivning og generelle finansielle tjenester. Videre deltagelse i andre selskaper med økonomisk formål.;specific;dataprogra datautstyr deltagelse finansiell finansielle generelle konsulent- leverandør opplæring selskaper videre yte økonomisk;consulting/staffing;;
923471405;COUNTING HERO AS;5;www.countinghero.com;Forskining og utvikling av software for bildegjenkjenning. Tilpasning av kamerasystemer for bildegjenkjenning.;specific;bildegjenkjenning forskining kamerasystemer tilpasning;;;
836201922;CRUNCHED TECH AS;11;;Programvareutvikling.;boilerplate;;;;
919134216;CRYSTALLIZE AS;5;;Utvikling og salg av programvare.;boilerplate;;;;
925882267;CTD AS;6;;Skal selge varer og tjenester innen programmeringstjenester og annet som naturlig sammenfaller med dette, samt deltakelse i andre selskaper, investeringer og nærliggende virksomhet.;specific;deltakelse enfaller eringstjenester nærliggende progra selskaper varer;real estate/investment;;
919062223;CUBIT AS;19;www.cubit.no;Programvareutvikling av egen teknologi for senere salg.;generic;egen senere;;;
914521483;CULTURE INTELLIGENCE AS;7;;Culturengine leverer teknologiske løsninger for kulturell kartlegging og rapportering. Selskapet eier, driver og utvikler løsninger som kan brukes av virksomheter som driver endring og utvikling.;specific;brukes culturengine eier endring kartlegging kulturell leverer rapportering teknologiske;;;
923641645;CURIPOD AS;6;;Online platform for leksehjelp, hvor elever i vgs og ungdomsskolen kan få hjelp med matematikk over mobilen ved å bli matched med våre mentorer.;specific;bli elever hjelp leksehjelp matched matematikk mentorer mobilen online over platform ungdomsskolen vgs våre;;;
928521184;CUTTING ROOM AS;8;;Utvikle og selge programvare og tekniske løsninger for SaaS-tjenester  på internett og andre aktiviteter som naturlig står i forbindelse med dette. Selskapet kan videre eie eller ha eierandeler i andre selskaper.;specific;aktiviteter eie eierandeler internett saas-tjenester selskaper tekniske videre;product/SaaS;;
918390944;DALUX NORWAY AS;40;;Utvikling, produksjon og salg av software.;boilerplate;;;;
914141508;DANDERO AS;16;;Utvikling av elektroniske tjenester. Formidling av restaurantbestillinger og betalingstjenester.;specific;betalingstjenester elektroniske formidling restaurantbestillinger;;;
911197146;DATA DESIGN AS;6;;Utvikle, produsere og selge elektronikk og programvare, samt yte tjenester i forbindelse med data-behandling.;specific;data-behandling elektronikk yte;hardware/electronics;;
931863568;DATA TREEHOUSE AS;5;;Programvare for industriell databehandling. Bruk av semantiske metoder for informasjonssystemer.;specific;bruk databehandling industriell informasjonssystemer metoder semantiske;;;
927269252;DATABUTTON AS;13;;Utvikling og salg av programvare, samt alt som hører naturlig til dette.;boilerplate;;;;
944690883;DATEK AS;6;www.datek.no;Utvikling, produksjon, handel, herunder import og eksport, samt tjenesteyting og deltagelse i andre selskaper med kunnskaper, ledelse og kapital. Drift av kantine.;specific;deltagelse kantine kunnskaper ledelse selskaper;operations/hosting;;
913143051;DATEK LIGHT CONTROL AS;18;;Produksjon og salg av kontroll- og styringssystem for utendørs belysning.;specific;belysning kontroll- styringssystem utendørs;;;
981693302;DEADLINE2ONLINE AS;7;www.d2o.biz;Databehandlingstjenester. Salg, utvikling av dataprogram, deltagelse i andre selskaper og alt som herved står i forbindelse.;specific;databehandlingstjenester deltagelse selskaper;;;
918609830;DEEPINSIGHT AS;46;www.deepinsight.io/;Programvareutvikling.;boilerplate;;;;
913704665;DEFIGO AS;14;www.defigo.no;Programvareutvikling: Utvikling av programvare for bedriftsmarkedet.;generic;bedriftsmarkedet;;;
894928662;DEKODE INTERAKTIV AS;29;www.dekode.no;Levere kommunikasjonstjenester, herunder digitale kommunikasjonstjenester, samt drive markedsføring og deltagelse i andre selskaper.;specific;deltagelse digitale selskaper unikasjonstjenester;;;
952603779;DESCARTES SYSTEMS (NORWAY) AS;17;www.ksdsoftware.com;Utvikling og salg av programvare for transport- og spedisjon, og automatisk tollbehandling.;specific;automatisk spedisjon tollbehandling transport-;;;
934236025;DETEC AS;6;www.detec.no;Salg og tekniske tjenester. Deltagelse i andre selskap ved aksjetegning eller på annen måte.;specific;aksjetegning deltagelse måte tekniske;;;
912669114;DIALOG EXE AS;15;;Utvikling av programvare, tjenester tilknyttet billettsalg og bestilling av varer og tjenester på internett, samt å tilby datatjenester til offentlig forvaltning og næringslivet i form av utvikling, installasjon og operativt vedlikehold av datanettverk.;specific;bestilling billettsalg datanettverk datatjenester form forvaltning installasjon internett næringslivet offentlig operativt tilby varer;;;
912220036;DIFFIA AS;12;www.diffia.com;Tjenester innen helseinformatikk og forbedre hverdagen i helsevesenet for pasienter og ansatte. Programmeringstjenester.;specific;ansatte eringstjenester forbedre helseinformatikk helsevesenet hverdagen pasienter progra;;;
933191656;DIGEL AS;5;;Programmering.;generic;ering progra;;;
932863359;DIGGECARD SOLUTIONS AS;5;www.diggecard.com;Utvikling, salg og drift av gavekort software og det som naturlig faller inn under dette.;specific;faller gavekort inn;operations/hosting;;
897744902;DIGI PUBLISHING AS;10;;Utvikling, produksjon og salg av publiseringsløsninger for internett, samt alt som hermed hører med.;generic;internett publiseringsløsninger;;;
916706766;DIGILEAN AS;12;www.digilean.com;IT-relaterte produkter og tjenester i form av utvikling av programvare og konsulenttjenester, samt annet som naturlig hører inn under dette.;specific;form inn it-relaterte;consulting/staffing;;
913212878;DIGIMAKER AS;5;;IKT med særskilt vekt på portaler og webapplikasjoner.;specific;portaler særskilt vekt webapplikasjoner;;;
922844879;DIGIPOS AS;5;;Bedriften utvikler, drifter og leverer handelssystemer til bedriftskunder, både til fysisk butikk og til netthandel.;specific;bedriften bedriftskunder butikk drifter fysisk handelssystemer leverer netthandel;;;
921360428;DIGIPRO HELSE AS;7;;Utvikling og drift av applikasjon som gjør rutiner og prosedyrer innenfor pleie- og omsorgstjenesten tilgjengelig i førstelinjetjenesten.;specific;applikasjon førstelinjetjenesten gjør omsorgstjenesten pleie- prosedyrer rutiner tilgjengelig;product/SaaS, operations/hosting;;
923673911;DIGIQUIP AS;7;;Utvikling, salg og videreformidling av opplæringsvideoer som viser korrekt bruk av maskiner og utstyr. For eksempel hvordan du bruker en lift, minigraver o.l.;specific;bruk bruker eksempel hvordan korrekt lift maskiner minigraver opplæringsvideoer utstyr videreformidling viser;hardware/electronics;;
986977740;DIGIT AS;5;;Designe, utvikle og omsette produkter og tjenester innen sikre, elektronisk baserte betalings- og logistikkløsninger basert på egen forskning og utvikling eller i partnerskap med andre aktører. Selskapet skal patentere og merkevarebeskytte løsninger og produkter, samt delta i som investor innen eiendomsutvikling, kulturprosjekter og virksomheter for øvrig der selskapet kan tilføre kompetanse, arbeidskraft eller finansiering.;specific;aktører arbeidskraft basert baserte betalings- delta der designe egen eiendomsutvikling elektronisk finansiering forskning investor kompetanse kulturprosjekter logistikkløsninger merkevarebeskytte omsette partnerskap patentere sikre tilføre øvrig;real estate/investment;;
987348593;DIGITAL INNOVATION AS;12;;Fremstilling/salg av IKT-konsulenttjenester og andre produkter som naturlig faller sammen med dette.;specific;faller fremstilling ikt-konsulenttjenester;consulting/staffing;;
913939840;DIGITAL SAFETY AS;15;;Programvareutvikling.;boilerplate;;;;
996362337;DIGNIO AS;61;www.dignio.no;Utvikle, selge og leie ut it teknologi og programvare innenfor helsetjenestene.;generic;helsetjenestene leie;;;
915071422;DIGNITY COLLECTIVE AS;20;;Markedsplass for kjøp og salg på internett.;generic;internett markedsplass;;;
928008002;DILLIEN AS;6;;Utvikling av programvare(r) for forvaltning av kapitalkrevende eiendeler.;generic;eiendeler krevende;;;
999665675;DINCARE AS;9;www.dincare.no;Utvikling og salg av software og tjenester innen informasjonsteknologi. Forskning og utvikling av ny datateknologi til industriell automatisering, robot, og bilindustrien. Kjøp og salg av elektronisk utstyr og datautstyr. Salg av produkter og tjenester innen industriell automatisering, robot, og bilindustrien. Biltester, bilutleie, import og eksport av biler, og handel med biler og bildeler.;specific;automatisering bildeler biler bilindustrien biltester bilutleie datateknologi datautstyr elektronisk forskning industriell robot utstyr;hardware/electronics;;
825475222;DIPAI AS;9;;Salg av tjenester for å optimalisere systemer gjennom anvendelse av kunstig intelligens. Konsulenttjenester innen kunstig intelligens.;specific;anvendelse gjennom intelligens kunstig optimalisere;consulting/staffing;;
963310439;DNV IMATIS AS;95;www.dnvimatis.com;Utvikling og salg av systemer for automatisert og integrert informasjonsbehandling der kundens behov og krav danner grunnlaget, og selskapets kompetanse og profesjonelle innsikt i utviklingen av software og hardware bestemmer valg av løsninger og systemstruktur til beste for kunder og brukere. Dette baseres på en god innsikt i kundenes og brukernes fagområder gjennom prosjektsamarbeid og diskusjoner. Faglig utvikling av de ansatte er en forutsetning. Moderne Systems Enginering anvendes i alle faser av prosjektenes livsløp, fra tilbud til ferdigstillelse.;specific;ansatte anvendes automatisert baseres behov beste brukere brukernes danner der diskusjoner enginering faglig fagområder faser ferdigstillelse forutsetning gjennom god grunnlaget hardware informasjonsbehandling innsikt integrert kompetanse krav kundenes kundens livsløp moderne profesjonelle prosjektenes prosjektsamarbeid systems systemstruktur tilbud utviklingen valg;hardware/electronics;;
920941249;DO:BE AS;5;;Hovedaktivitet er å utvikle og kommersialisere intelligente, pedagogiske verktøy.;specific;ersialisere hovedaktivitet intelligente pedagogiske verktøy;;;
916510705;DOKFLYT AS;14;;Utvikling og drift av skytjenester og alt som står i denne forbindelse.;generic;denne skytjenester;product/SaaS, operations/hosting;;
996330923;DOLPHIN INTERCONNECT SOLUTIONS AS;34;;Utvikling og salg av maskin- og programvare.;generic;maskin-;;;
925769681;DOMORE DIAGNOSTICS AS;9;;Utvikling og salg av systemer for dataanalyse av medisinske bilder.;specific;bilder dataanalyse medisinske;;;
915006620;DONE.AI NORWAY AS;12;;Programvareutvikling. Drift av web-portaler. Konsulenttjenester innen IT. Programmering. Bedriftsrådgivning, administrativt.;specific;administrativt bedriftsrådgivning ering progra web-portaler;consulting/staffing, operations/hosting;;
918772693;DOTNET INTERNALS AS;10;www.dni.no;Programvarehus.;generic;programvarehus;;;
926585665;DOXIS NORDICS AS;8;;Teknisk-, tjeneste- og programvareutvikling innen IT samt markedsføre og selge egenutviklet programvare og tjenester. I tillegg skal selskapet selge programvare, utføre drift av datamaskiner med beslektede virksomheter, samt alt som dermed står i forbindelse.;specific;beslektede datamaskiner egenutviklet markedsføre teknisk- tillegg tjeneste- utføre;operations/hosting;;
922359989;DPLAN PROJECT AS;7;;Salg, konsulentvirksomhet og utvikling av programvare. Primært fokus mot prosjektdrevne virksomheter.;specific;fokus primært prosjektdrevne;consulting/staffing;;
915379486;DRAGA AS;17;;Informasjonsteknologi: konfigurering, oppsett og drift av entrepriseløsninger. Informasjonsforvaltning. Ingeniørtjenester.;specific;entrepriseløsninger informasjonsforvaltning ingeniørtjenester konfigurering oppsett;operations/hosting;;
921583869;DRIFTI AS;12;;Utvikling av software og annet som står i naturlig forbindelse med dette.;boilerplate;;;;
937925905;DRIFTSPARTNER NORD AS;7;;Programvareutvikling.;boilerplate;;;;
927527545;DRIVE365 AS;12;;Utvikling og salg av IT relaterte tjenester mot bedriftsmarkedet.;generic;bedriftsmarkedet;;;
997466586;DROFUS AS;32;;Utvikle og selge programvare til bruk i byggeprosjekter.;generic;bruk byggeprosjekter;;;
992762594;DUPLO MEDIA AS;18;;Utvikling, salg og markedsføring av tjenester og produkter innen nye medier, samt all virksomhet som står i forbindelse med dette.;generic;medier nye;;;
926978926;DYNAMIK SOFTWARE LAB AS;6;;Programvareutvikling.;boilerplate;;;;
924599138;DYNAMON AS;8;;Utvikle IT-løsninger og drive konsulentvirksomhet, samt investeringsvirksomhet herunder å eie aksjer i andre selskaper samt alt som naturlig hører med.;specific;eie investeringsvirksomhet selskaper;consulting/staffing, real estate/investment;;
926888196;DYPLINK AS;6;dyplink.no;Utvikle og levere teknologiløsninger på internett, som nettsider, mobilapplikasjoner, integrasjoner og alt som hører naturlig til dette. Selskapet satser spesielt på løsninger til digital formidling og produksjon av innhold for redaksjonelle virksomheter som aviser og magasiner.;specific;aviser digital formidling innhold integrasjoner internett magasiner mobilapplikasjoner nettsider redaksjonelle satser spesielt teknologiløsninger;;;
925536725;EASE LIVE AS;14;;Utvikling og lisensiering av SaaS teknologi til en internasjonal mediebransje tilhørende IT-konsulentvirksomhet, systemutvikling og design.;specific;design internasjonal it-konsulentvirksomhet lisensiering mediebransje saas systemutvikling tilhørende;product/SaaS, consulting/staffing;;
997950879;EASY AT WORK AS;13;;Utvikling og salg av applikasjoner og softwareløsninger og rådgivning i inn- og utland.;specific;applikasjoner inn- softwareløsninger utland;product/SaaS, consulting/staffing;;
980050491;EASY PARK AS;36;www.easypark.no;Utvikling, markedsføring av parkeringssystem.;generic;parkeringssystem;;;
931606050;EASYPLAY AS;5;;Programmering.;generic;ering progra;;;
827968072;ECI SOFTWARE SOLUTIONS NORWAY AS;15;;Investering i aksjer og verdipapir, selskaper, selskapsandeler og fast eiendom samt alt som står i forbindelse med dette.;specific;fast selskaper selskapsandeler verdipapir;real estate/investment;;
924597984;ECIT DIGITAL SOFTWARE AS;12;;Utvikle og selge egne system og levere tjenester knyttet til dette. Selskapet driver også generell konsulentvirksomhet innen internett, programvareutvikling, regnskap og økonomi.;specific;egne internett knyttet regnskap økonomi;consulting/staffing;;
930816620;ECIT F&A TECH AS;14;;Investere i selskaper og eiendom og alt annet som naturlig faller sammen med dette, herunder å delta i andre selskaper med lignende virksomhet, kjøp og salg av aksjer, eller på annen måte gjøre seg interessert i andre foretagende.;specific;faller foretagende gjøre interessert investere måte seg selskaper;real estate/investment;;
928678075;EDDA ANALYTICS AS;13;;Utvikling og salg av software og tjenester knyttet til dette.;generic;knyttet;;;
991939490;EFAKTOR AS;10;www.efaktor.no;Programmeringstjenester og konsulenttjenester tilknyttet forvaltning og drift av it-systemer. Levere tjenester i forbindelse med læring via internett. Alle slags tjenester i spenningsfeltet mellom internett, it og pedagogikk samt virksomhet forbundet med dette.;specific;eringstjenester forbundet forvaltning internett it-systemer læring mellom pedagogikk progra slags spenningsfeltet via;consulting/staffing, operations/hosting;;
990808414;EG CHECKWARE AS;24;www.checkware.com;Salg, utvikling og konsulentvirksomhet innen programvare.;boilerplate;;consulting/staffing;;
982506395;EG HOLTE AS;71;www.holte.no;Programvare, tjenester og kurs. Digitale bransjeløsninger innen kalkulasjon, prosjektstyring og gjennomføring av prosjekter.;specific;bransjeløsninger digitale gjennomføring kalkulasjon kurs prosjektstyring;;;
968992600;EG RETAIL AS;59;www.eg.no;Salg, utvikling og konsulentvirksomhet innen programvare.;boilerplate;;consulting/staffing;;
917081859;EGDE CONSULTING AS;83;www.egde.no;Utvikling, rådgivning og konsulenttjenester innen informasjonsteknologi, forretningsutvikling, prosjektledelse, test- og testledelse, samt investerer i selskaper og/eller aksjer i selskaper med tilknytning til slik virksomhet og annet som naturlig faller sammen med dette.;specific;faller forretningsutvikling investerer prosjektledelse selskaper test- testledelse;consulting/staffing, real estate/investment;;
919444509;EGH AS;5;egh-as.com;Konsulentvirksomhet innen automasjon.;generic;automasjon;consulting/staffing;;
930779849;EHRA TALENT SOLUTIONS AS;17;;Utvikling og salg av software, konsulentvirksomhet innen software og utviklingsprosjekter.;generic;utviklingsprosjekter;consulting/staffing;;
931264079;ELBITS AS;41;;Programmering. Drift av web-portaler.;specific;ering progra web-portaler;operations/hosting;;
920755984;ELD365 AS;5;;Utvikle eigne hardware- og softwareløysingar med det formål å hjelpe små og mellomstore bedrifter spare energi gjennom overvaking, automatisert styring og gjennomføring av fysiske tiltak. Eld365 skal og utvikle heilt nye teknologi- og tenesteløysingar for små og mellomstore bedrifter som skal hjelpe dei med energisparing.;specific;automatisert dei eigne eld energi energisparing fysiske gjennom gjennomføring hardware- heilt hjelpe mellomstore nye overvaking små softwareløysingar spare styring teknologi- tenesteløysingar tiltak;hardware/electronics;;
912774007;ELECTRIC FRIENDS AS;5;;Utvikling og forvaltning av software og hardware, derunder lisensiering og salg, samt å eie og investere i andre virksomheter.;specific;derunder eie forvaltning hardware investere lisensiering;product/SaaS, hardware/electronics;;
920766854;ELEKT AS;5;;Programmering.;generic;ering progra;;;
925514721;ELKEM DIGITAL OFFICE AS;6;www.elkem.no;Drive utvikling og implementering av digitale modeller og styringssystemer for forbedring av effektivitet og lønnsomhet i industrielle tilvirkningsprosesser, samt alt som derved står i forbindelse.;specific;derved digitale effektivitet forbedring implementering industrielle lønnsomhet modeller styringssystemer tilvirkningsprosesser;;;
926408739;EMLOGIC AS;57;;Utvikling av elektronikk og programvare.;generic;elektronikk;hardware/electronics;;
933993124;ENDRE TECH AS;5;;Programmering.;generic;ering progra;;;
930811858;ENDUSER AS;6;;Konsulenttjenester innan programmering/software.;specific;ering innan progra;consulting/staffing;;
933481662;ENERGEE AS;5;;Programvareutvikling.;boilerplate;;;;
927611074;ENERGI.AI AS;14;;Bygge og videreutvikle software og datadreven innovasjon, samt det som naturlig faller inn under dette.;specific;bygge datadreven faller inn innovasjon videreutvikle;;;
917540640;ENIN AS;9;www.enin.ai;Utvikling av teknologi for dataanalyse samt gjennomføring av dataanalyse. Salg av disse analysene samt abonnent på lignende.;specific;abonnent analysene dataanalyse disse gjennomføring;;;
933674169;ENMO AS;6;;Programmering.;generic;ering progra;;;
976786270;ENONIC AS;15;;Programvareutvikling.;boilerplate;;;;
985471029;ENOVATE AS;10;www.enovate.no;Kommersielt orientert utvikling, produksjon, salg og distribusjon av teknologi, metoder og produkter, herunder programvare, og alt som kan forbindes med dette og tjene dette formål, herunder eierskap i andre selskap.;specific;distribusjon eierskap ersielt forbindes metoder orientert tjene;;;
920868797;ENTAIL AS;19;;Konsulentvirksomhet innen ingeniør- og programmeringstjenester.;specific;eringstjenester ingeniør- progra;consulting/staffing;;
917422575;ENTUR AS;439;;Service og billettsalg.;generic;billettsalg;;;
826455152;ENVISION-IT AS;6;;Å utvikle digitale løsninger for eiendoms- og byggebransjen, samt investere i digitale løsninger for eiendoms- og byggebransjen og fast eiendom, herunder eiendomsutvikling, samt det som naturlig står i forbindelse med dette.;specific;byggebransjen digitale eiendoms- eiendomsutvikling fast investere;real estate/investment;;
998082625;ENVO AS;28;;Utvikling og salg av software, salg av hardware, konsulentbistand og alt hva hermed står i forbindelse.;generic;hardware konsulentbistand;consulting/staffing, hardware/electronics;;
820355512;EPIC TRONDHEIM AS;6;;Programvarelisensiering, -implementering, -støtte og relaterte tjenester.;specific;implementering programvarelisensiering støtte;;;
935609070;EPILOG AS;5;;Programvareutvikling.;boilerplate;;;;
995215748;EPINOVA AS;93;;Konsulentvirksomhet innen IT.;boilerplate;;consulting/staffing;;
983746802;EPSIS AS;11;www.epsis.com;Kommersialiserer, markedsfører og selger dataprogrammer og konsulenttjenester til oljeselskap og serviceindustri i inn- og utland.;specific;dataprogra ersialiserer inn- markedsfører oljeselskap selger serviceindustri utland;consulting/staffing;;
925140260;EQTA AS;6;;Utvikling og drift av AI løsninger for å fremme emosjonell intelligens, EQ, og språk hos barn for å øke deres livsmestring samt å ha eierskap i lignende virksomheter.;specific;barn deres eierskap emosjonell fre hos intelligens livsmestring språk øke;operations/hosting;;
998927854;ESMART SYSTEMS AS;59;www.esmartsystems.com;Utvikling av softwareløsninger for bruk i energimarkedet.;specific;bruk energimarkedet softwareløsninger;;;
920998704;ETAIN AS;10;www.etain.ai;Utvikling og salg av porgramvare, løsninger og salg av konsulenttjenester.;generic;porgramvare;consulting/staffing;;
926858963;ETERO AS;5;www.etero.no;IT programmeringstjenester samt web og applikasjonsutvikling.;specific;applikasjonsutvikling eringstjenester progra web;product/SaaS;;
936578357;EVERSPRING AS;34;;Lojalitetsløsninger som gavekort og verdikoder, IT løsninger samt bransjeløsninger for betalinger inkludert betalingsformidling og låneformidling.;specific;betalinger betalingsformidling bransjeløsninger gavekort inkludert lojalitetsløsninger låneformidling verdikoder;;;
917448043;EXABEL AS;6;;Informasjonsteknologi, herunder utvikling, drift, salg og lisensiering av programvare.;generic;lisensiering;product/SaaS;;
935918316;EXACTIO AS;5;;Programvareutvikling.;boilerplate;;;;
814739082;EXEBENUS AS;11;;Utikling av programvare for olje og gass industrien.;specific;gass industrien olje utikling;;;
919423153;EXELA TECHNOLOGIES AS;9;www.banctec.com;Tilby tjenester innen finansielle transaksjoner og dokumenthåndtering samt hva som naturlig hører inn under dette.;specific;dokumenthåndtering finansielle inn tilby transaksjoner;;;
933638308;EXIO AS;7;;Programmering.;generic;ering progra;;;
954165892;EXTENDA RETAIL AS;24;www.extendaretail.com;Kjøp, utvikling og salg av mikrosystemer.;generic;mikrosystemer;;;
995572400;EYASYS AS;17;;Utvikling, markedsføring, salg, leveranse og vedlikehold av produkter og tjenester innenfor datasystemer og maskinvare.;generic;maskinvare;hardware/electronics;;
915487467;EYR MEDICAL AS;15;www.eyr.md;Utvikling av applikasjoner og teknologi for bruk innen digital helse og telemedisin.;specific;applikasjoner bruk digital helse telemedisin;product/SaaS;;
989590014;F24 NORDICS AS;35;cim-no.f24.com;Konsulenttjenester, utvikling, salg og drift av dataløsninger for informasjonshåndtering i beredskaps- og krisesituasjoner, samt hva dermed står i forbindelse, herunder deltakelse i beslektet eller annen virksomhet.;specific;beredskaps- beslektet dataløsninger deltakelse informasjonshåndtering krisesituasjoner;consulting/staffing, operations/hosting;;
985284350;F24 NORGE AS;12;www.f24.com/no/produkter/service-notification/;Utviking og salg av online tjenester på internett.;specific;internett online utviking;;;
927158442;FAIRSIGHT AS;6;;Utvikle og selge teknologi og programvare til bruk innen arbeidslivet. Konsulentvirksomhet som støtter oppunder dette.;specific;arbeidslivet bruk oppunder støtter;consulting/staffing;;
989112007;FARA AS;41;www.fara.no;Utvikle, produsere og selge systemer for elektronisk billettering, samt deltakelse i andre selskaper og lignende virksomheter.;specific;billettering deltakelse elektronisk selskaper;;;
918744150;FARMFORCE AS;12;www.farmforce.com;Utvikling av programvare og leveranse av tjenester for kvalitetssikring og sporing av produkter innen jordbruk.;specific;jordbruk kvalitetssikring sporing;;;
931855654;FAST TRAVEL AS;14;;Levere både software og infrastruktur for å håndtere og drifte tilbydertjenester på lufthavner, togstasjon, hoteller, taxiholdeplasser, der vi har løsninger for smartere taxikøer eller taximarkedsplasser. Tjenestene kan utvides til å dekke flere behov i taxibransjen og på knutepunktene, som wayfinding, formidling buss,;specific;behov buss dekke der flere formidling har hoteller håndtere infrastruktur knutepunktene lufthavner smartere taxibransjen taxiholdeplasser taxikøer taximarkedsplasser tilbydertjenester tjenestene togstasjon utvides wayfinding;;;
934954858;FAUNUS HUB AS;5;;Programmeringstjenester.;generic;eringstjenester progra;;;
934039459;FAVO AS;11;;Programmering.;generic;ering progra;;;
922255709;FAVRIT AS;24;web.favrit.com;Forske og utvikle software knyttet til salg og optimalisering av tjenester og produkter.;specific;forske knyttet optimalisering;;;
927208407;FC QUIZ AS;6;;Utvikling av applikasjoner.;generic;applikasjoner;product/SaaS;;
883759702;FDVHUSET AS;21;;Programmering.;generic;ering progra;;;
934279220;FENCE AS;11;;Konsulenttjenester innen IT.;boilerplate;;consulting/staffing;;
917865205;FERDIA AS;6;;Utvikling og drift av programvare.;boilerplate;;operations/hosting;;
993177407;FIBREWORKS CONSULTING AS;6;www.fibreworks.no;IT-rådgivning og utvikling.;generic;it-rådgivning;consulting/staffing;;
825918302;FIDL AS;8;;Utvikling av digitale løsninger for utdanning og det som følger naturlig til dette.;specific;digitale følger utdanning;;;
832436542;FIELD GEOSPATIAL AS;163;;Programmering.;generic;ering progra;;;
924963840;FIELDNODE AS;8;;Drifte, utvikle og selge programvare til bruk og utnyttelse av additiv produksjon.;specific;additiv bruk utnyttelse;;;
913312465;FIKEN AS;80;www.fiken.no;Programvareutvikling og salg. Konsulentvirksomhet.;boilerplate;;consulting/staffing;;
926086758;FINDABLE AS;24;;Utvikle og selge programvare til bygg, anlegg og eiendomsbransjen (BAE) og andre bransjer der selskapets programvare kan benyttes, samt å yte tilhørende eller nærliggende tjenester. Dette kan også innebære investering i andre selskaper, samt annen virksomhet som naturlig faller inn under denne forretningsvirksomhet.;specific;anlegg bae benyttes bransjer bygg denne der eiendomsbransjen faller forretningsvirksomhet inn innebære nærliggende selskaper tilhørende yte;real estate/investment;;
928431037;FINTECH SYSTEMS NORWAY AS;19;;Å eie aksjer og andeler i andre selskaper av en hver art, herunder også eiendomsaksjeselskap.;specific;art eie eiendomsaksjeselskap hver selskaper;real estate/investment;;
931605437;FINTER AS;20;;Programvareutvikling.;boilerplate;;;;
921658842;FIREMESH AS;6;;Programvareutvikling, rådgivning, Tjenesteprodukt for overvåkning/digitalisering, ettersyn og testing av ulike tekniske anlegg og eventuelle øvrige produkter og tjenester innenfor brannvern. utvikling og produksjon av produkt som forenkler ettersyn, testing og overvåkning av slokkeanlegg og det som står i forbindelse med det, konsulenttjenester og annet som naturlig faller sammen med dette, herunder å delta i andre selskaper med lignende virksomhet, kjøp og salg av aksjer, eller på annen måte gjøre seg interessert i andre foretagender.;specific;anlegg brannvern digitalisering ettersyn eventuelle faller forenkler foretagender gjøre interessert måte overvåkning seg slokkeanlegg tekniske testing tjenesteprodukt øvrige;consulting/staffing, real estate/investment;;
926403699;FIS NORWAY AS;10;;Utvikling og markedsføring av dataprogramvarepakker for banknæringen og levering av relaterte konsulent- og vedlikeholdstjenester.;specific;banknæringen dataprogramvarepakker konsulent- levering vedlikeholdstjenester;consulting/staffing;;
822349412;FISHWELL TECHNOLOGY AS;8;;Havbruk og fiskeri. Utvikle og tilby innovativ teknologi/løsninger for ulike prosesser innen havbruk og fiskeri.;specific;fiskeri havbruk innovativ prosesser tilby;;;
923050000;FISKHER AS;5;;Utvikling av app, levere redaksjonelle og kommersielle tjenester til fritidsfiskere.;specific;app ersielle fritidsfiskere redaksjonelle;product/SaaS;;
921704224;FLOW TECHNOLOGIES AS;13;;Programmeringstjenester.;generic;eringstjenester progra;;;
932614286;FLOWCASE AS;15;;Programvareutvikling. Drift av web-portaler. Programmering. Konsulenttjenester innen IT.;specific;ering progra web-portaler;consulting/staffing, operations/hosting;;
915491766;FLUIDO NORWAY AS;19;;IT- og forretningsrådgivning, opplæring, programvare og utvikling av programvare, videresalg av forretningsapplikasjoner.;specific;forretningsapplikasjoner forretningsrådgivning it- opplæring videresalg;;;
930539260;FLYT IT AS;11;;Utvikling og drift av skytjenester.;generic;skytjenester;product/SaaS, operations/hosting;;
919638095;FOLIO AS;29;;Utvikling av programvare og digitale tjenester for bedriftsmarkedet.;generic;bedriftsmarkedet digitale;;;
918714588;FOLQ AS;24;;Utvikle digitale løsninger og i en viss grad også drive disse løsningene. Slike løsninger kan være digitale markedsplasser, bedriftsverktøy o.l.;specific;bedriftsverktøy digitale disse grad løsningene markedsplasser slike viss være;;;
917725454;FONN AS;5;www.fonn.io;Programmeringstjenester og salg av applikasjoner til byggenæringen;specific;applikasjoner byggenæringen eringstjenester progra;product/SaaS;;
916913370;FONN GROUP AS;12;;Investering i aksjer og andre eiendeler, og dertil beslektet virksomhet, samt drift av konsernfunksjoner og ytelser av tjenester til selskaper der man har eierinteresser.;specific;beslektet der dertil eiendeler eierinteresser har konsernfunksjoner man selskaper ytelser;operations/hosting, real estate/investment;;
811900052;FOODBACK AS;12;Foodback.com;IT: Produksjon av softwarer samt utleie og salg av denne.;generic;denne softwarer;;;
825622152;FORNIX AS;11;www.fornixvr.com;Utvikle VR-programvare som skal brukes av psykologer og annet helsepersonell i privat og offentlig sektor i virtuell eksponeringsterapi (VRET). Denne aktiviteten brer seg innen VR bransjen og den digital delen av helsebransjen.;specific;aktiviteten bransjen brer brukes delen denne digital eksponeringsterapi helsebransjen helsepersonell offentlig privat psykologer seg sektor virtuell vr-programvare vret;;;
914951852;FORSE AS;44;;Levering av konsulenttjenester og tjenester innen programvareutvikling. Samt det som naturlig følger av dette.;generic;følger levering;consulting/staffing;;
932918935;FORTE SOLUTIONS AS;17;;Programmering. Konsulenttjenester innen IT.;generic;ering progra;consulting/staffing;;
913968026;FORZASYS AS;5;;Utvikling av software og tekniske systemer for sport og underholdningssektoren.;specific;sport tekniske underholdningssektoren;;;
936876366;FOSSEFALL CLOUDCO AS;10;;Programvareutvikling.;boilerplate;;;;
923176012;FOSSUM AERO SYSTEMS AS;5;;Programvareutvikling-, drift- og konsulenttjenester innen informasjonsteknologi samt alt som står i naturlig forbindelse med dette.;generic;drift- programvareutvikling-;consulting/staffing;;
918850511;FOTMOB AS;30;;Programvareutvikling og konsulenttjenester.;boilerplate;;consulting/staffing;;
818278152;FOUNT AS;7;fount.energy;Utvikling, produksjon og salg av informasjonsteknologi knyttet til energimarkedet.;generic;energimarkedet knyttet;;;
912391906;FOURC AS;7;www.fourc.eu;Utvikling og produksjon av programvare og salg av programvaren og salg av tjenester basert på programvaren;generic;basert programvaren;;;
924404817;FOURPRO SOLUTIONS AS;9;;Utvikle og selge software og relaterte tjenester samt salg av konsulent timer innen IT og drift.;generic;timer;consulting/staffing;;
985256055;FRAMEWORKS AS;5;frameworks.no;Fremstilling og salg av data programvare og salg av konsulenttjenester samt andre produkter og tjenester som naturlig faller sammen med dette, herunder å delta i andre selskaper med lignende virksomhet, og kjøp og salg av aksjer eller på annen måte å gjøre seg interessert i andre foretagender.;specific;faller foretagender fremstilling gjøre interessert måte seg;consulting/staffing, real estate/investment;;
919597577;FREMBY AS;7;;Salg av digitale tjenester.;generic;digitale;;;
913425251;FREQUENTIS NORWAY AS;13;;Salg av kundespesifisert programvare og maskinvare, samt standardiserte løsninger innen kommunikasjons- og informasjonsteknologi. Bedriften utfører indirekte i så måte programutvikling, -endring, -test og -support med henblikk på å oppfylle en bestemt kundes behov.;specific;bedriften behov bestemt endring henblikk indirekte kundes kundespesifisert maskinvare måte oppfylle programutvikling standardiserte support test unikasjons- utfører;hardware/electronics;;
930908185;FRIFOR AS;8;;Drift og utvikling av mobilapplikasjon;generic;mobilapplikasjon;;;
996408841;FRIVIND AS;9;;Programmering.;generic;ering progra;;;
889539062;FRONT SOFTWARE AS;5;;Utvikling og salg av datarelaterte tjenester og løsninger.;generic;datarelaterte;;;
991083413;FRONT SYSTEMS AS;19;www.frontsystems.no;Salg, utvikling og konsulentvirksomhet innen programvare.;boilerplate;;consulting/staffing;;
924812699;FRONTLINE POS AS;23;;Salg av kassasystemer og betalingsløsninger.;generic;betalingsløsninger kassasystemer;;;
914923484;FROSTRØYK AS;7;;Salg av tekst, interiør og idéarbeid, grafiske og interiørrelaterte tjenester og produkter.;specific;grafiske idéarbeid interiør interiørrelaterte tekst;;;
919941189;FUNCTION SOLUTIONS AS;8;;Levere systemløsninger innen byggautomasjon, programmere og idriftsette automasjonsprodukter samt annet som er naturlig knyttet til dette.;specific;automasjonsprodukter byggautomasjon ere idriftsette knyttet progra systemløsninger;;;
997001877;FUSETOOLS AS;18;www.fuse.no;Utvikling av teknologi og plattform som effektiviserer utvikling og drift av digitale produkter. Salg av relaterte abonnementsprodukter og tjenester.;specific;abonnementsprodukter digitale effektiviserer plattform;product/SaaS, operations/hosting;;
916735472;FUTUREON AS;14;;Eie og forvalte immaterielle rettigheter, deltagelse i andre selskaper med lignende virksomhet, samt annet som står i naturlig forbindelse med dette.;specific;aterielle deltagelse eie forvalte rettigheter selskaper;;;
994581384;FYND REALITY AS;26;www.fyndreality.com;Utvikle og selge programvare til kunnskapsoverføring innen virtuell og augmentert virkelighet. Herunder også utvikle og selge produkter og tjenester for planlegging, gjennomføring og evaluering av tverrsektoriell trening innen samfunnssikkerhet - samt delta i virksomhet med beslektet type aktivitet.;specific;aktivitet augmentert beslektet delta evaluering gjennomføring kunnskapsoverføring planlegging samfunnssikkerhet trening tverrsektoriell virkelighet virtuell;;;
924964367;FYR CONSULTING AS;6;;Programvareutvikling og av å tilby konsulenttjenester, systemutvikling og prosjektledelse innenfor informasjonsteknologi, samt investeringer i nærliggende virksomheter.;specific;nærliggende prosjektledelse systemutvikling tilby;consulting/staffing, real estate/investment;;
999189571;FYR TECHNOLOGIES AS;15;;Programmering. Markedsføring og reklame.;specific;ering progra reklame;;;
916561768;FYRESIGN AS;9;;Vi er et rent SaaS-selskap for infoskjerm løsning (utviklet og videreutvikler en programvare der våre kunder kan laste opp, lage og administrere innhold ut på sine skjermer).;specific;administrere der infoskjerm innhold lage laste opp rent saas-selskap sine skjermer utviklet videreutvikler våre;product/SaaS;;
934018249;GAMEOPEDIA AS;10;;Programmering.;generic;ering progra;;;
917567204;GAPIT NORDICS AS;61;gapit.io;Leverer produkt for tilstandsovervåkning av elektrotavler og høyspentanlegg Dette inkluderer produktutvikling, programmering av styresytemer, dokumentasjon og prosjektering samt tilstandsovervåkning;specific;dokumentasjon elektrotavler ering høyspentanlegg inkluderer leverer produktutvikling progra prosjektering styresytemer tilstandsovervåkning;;;
895210862;GASTRO PLANNER AS;9;gastroplanner.eu;Programvareutvikling samt handel av varer og tjenester knyttet til de produkter og tjenester som selskapet utvikler. Samt å delta i andre selskaper med tilsvarende formål.;specific;delta knyttet selskaper varer;;;
893136932;GEODATA AS;211;www.geodata.no;Utgivelse av annen programvare. Konsulentvirksomhet knyttet til informasjonsteknologi. Forvaltning og drift av IT-systemer. Databehandling, datalagring og tilknyttede tjenester.;specific;databehandling datalagring forvaltning it-systemer knyttet tilknyttede utgivelse;consulting/staffing, operations/hosting;;
935631408;GEOWISE AS;6;;Programvareutvikling. Ingeniørtjenester.;generic;ingeniørtjenester;;;
995318733;GETA AS;15;geta.no;Fremstilling/salg av IT-relaterte produkter og tjenester, samt andre produkter som naturlig faller sammen med dette, herunder å delta i andre selskaper med lignende virksomhet, kjøp og salg av aksjer, eller på annen måte gjøre seg interessert i andre foretagender.;specific;faller foretagender fremstilling gjøre interessert it-relaterte måte seg;real estate/investment;;
998580706;GETONNET AS;6;www.getonnet.no;Webdesign, salg av internett-tjenester og utvikling og salg av programvare for små og mellomstore bedrifter og næringsdrivende, og enhver annen virksomhet som står i forbindelse dermed. Selskapet kan også være involvert i andre selskaper.;specific;enhver internett-tjenester involvert mellomstore selskaper små være webdesign;;;
925171387;GLEDE NORWAY AS;6;;Plattform der man kan sende varer og tjenester i form av gaver til sine nærmeste.;specific;der form gaver man nærmeste plattform sende sine varer;product/SaaS;;
921891601;GLEX AS;5;;Utvikling av programvare for lisensiering.;generic;lisensiering;product/SaaS;;
924895772;GLINT SOLAR AS;42;www.glintsolar.com;Utvikling og salg av programvare og tjenester i forbindelse med sol- og fornybar energi. Selskapet vil også kunne foreta investeringer og deltagelse i andre selskaper, samt annen virksomhet i naturlig tilknytning til ovennevnte formål.;specific;deltagelse energi foreta fornybar kunne ovennevnte selskaper sol-;real estate/investment;;
919664886;GLOBUS AI AS;5;;Utgivelse og drift av egenutviklet programvare samt tilpasning og videreutvikling av denne programvaren for bestemte marked.;specific;bestemte denne egenutviklet marked programvaren tilpasning utgivelse videreutvikling;operations/hosting;;
927600676;GLOW TECHNOLOGY AS;7;;Drive utvikling og salg av programvare og konsulentvirksomhet innen IT, samt hva hermed står i forbindelse. Virksomheten kan drives av selskapet selv, av heleide datterselskaper, eller gjennom andre selskaper det har eierandeler i eller samarbeider med.;specific;datterselskaper drives eierandeler gjennom har heleide samarbeider selskaper selv;consulting/staffing;;
998675472;GNIST DESIGN AS;7;www.gnistdesign.no;Planlegging, utforming og utvikling av webløsninger. Grafisk utforming av logo, visittkort og brosjyrer. Innholdsarbeid med tekst og bilder.;specific;bilder brosjyrer grafisk innholdsarbeid logo planlegging tekst utforming visittkort webløsninger;;;
924922583;GREENFOX MARINE AS;13;;Utvikling av elektronikk for industrien, hardware og software.;specific;elektronikk hardware industrien;hardware/electronics;;
921510365;GREENWAVE TERMINAL SYSTEMS AS;6;;Utvikle varer og tjenester innenfor data, internett og telefoni. Drift av programvare. Kjøp og salg av varer og tjenester, samt deltagelse i andre selskaper.;specific;deltagelse internett selskaper telefoni varer;operations/hosting;;
920188141;GRENSESNITT AS;13;;Programvareutvikling, IT-konsulenttjenester.;generic;it-konsulenttjenester;consulting/staffing;;
915695396;GREY AREA AS;5;;Programmeringstjenester.;generic;eringstjenester progra;;;
989786857;GRIEG CONNECT AS;21;www.griegconnect.com;Utvikling, markedsføring og salg av programvare rettet mot maritime tjenester, logistikkstøtte og beredskap, samt konsulenttjenester og annen virksomhet i tilknytning til dette.;specific;beredskap logistikkstøtte maritime rettet;consulting/staffing;;
918889450;GRIPR AS;8;www.gripr.no;Programmering og salg av egen utviklede nettbastere løsninger.;specific;egen ering nettbastere progra utviklede;;;
914910951;GRUNT AS;25;www.grunt.pro;IT-utvikling.;generic;it-utvikling;;;
963299850;GSFLEET AS;31;;Utvikle og stå for driften av vakt og rednings- systemer, samt drive handel med varer og tjenester og alt hva dermed står i forbindelse, i inn- og utland.;specific;driften inn- rednings- stå utland vakt varer;;;
932469863;GSG HANDYMAN AS;21;;Konsulenttjenester innen IT. Programmering.;generic;ering progra;consulting/staffing;;
916520190;GUILTY AS;6;;Konsulentvirksomhet knyttet til system/ og programvare, datarelaterte tjenester og produkter og grafisk design, samt hva som hermed måtte stå i forbindelse.;specific;datarelaterte design grafisk knyttet måtte stå;consulting/staffing;;
911737671;GURU UTVIKLING AS;12;;Leveranser av tjenester innen informasjonsteknologi.;boilerplate;;;;
991543732;GURUSOFT AS;49;www.gurusoft.no;Utvikling og salg av programvare og andre produkter/tjenester som naturlig faller sammen med dette, herunder å delta i andre selskaper med lignende virksomhet, kjøp og salg av aksjer, eller på annen måte gjøre seg interessert i andre foretagender.;specific;faller foretagender gjøre interessert måte seg;real estate/investment;;
912282910;H5P GROUP AS;31;h5p.group;Fremstilling/salg av programvare og andre produkter som naturlig faller sammen med dette, herunder å delta i andre selskaper med lignende virksomhet, kjøp og salg av aksjer, eller på annen måte gjøre seg interessert i andre foretagender.;specific;faller foretagender fremstilling gjøre interessert måte seg;real estate/investment;;
915338534;HALLO VERDEN AS;7;halloverden.no;Produksjon av dataprogrammer og -tjenester.;generic;dataprogra;;;
985041954;HALOGEN AS;46;www.halogen.no;Konsulentvirksomhet innenfor IT-bransjen, administrative tjenester, samt deltagelse og investering i andre virksomheter.;specific;administrative deltagelse it-bransjen;consulting/staffing, real estate/investment;;
964825726;HANSEN TECHNOLOGIES NORWAY AS;84;www.hansencx.com;Utvikling og sal av EDB-program med tilhøyrande tenester herunder også eventuelt delta i andre verksemder i bransjen med aksjeinnskot.;specific;aksjeinnskot bransjen delta edb-progra eventuelt sal tenester tilhøyrande verksemder;;;
931103849;HAVGUARD AS;8;;Utvikling av teknologi for maritim næring.;generic;maritim næring;;;
927476770;HAVTECH AS;9;;Utvikling av software og andre produkter/tjenester som naturlig hører til dette, herunder å delta i andre selskap med lignende virksomhet, og kjøp og salg av aksjer eller på annen måte gjøre seg interessert i andre foretak. Selskapet kan også drive med kjøp/drift av fast eiendom.;specific;delta fast foretak gjøre interessert måte seg;operations/hosting, real estate/investment;;
921995296;HELIOS AUTO AS;8;www.heliosauto.no;selskapet selger programvareløsninger for verkstedindustrien og tjenester som er nødvendig for bruk av den aktuelle programvaren, herunder service og vedlikehold.;specific;aktuelle bruk nødvendig programvareløsninger programvaren selger verkstedindustrien;;;
927984601;HELSERESPONS AS;8;;Utvikling og salg av effektive løsninger for pasientkontakt, dialog og betaling i helsesektoren, samt det som naturlig står i forbindelse med dette.;specific;betaling dialog effektive helsesektoren pasientkontakt;;;
923490914;HIDDN TECHNOLOGY AS;9;www.hiddn.no;Utvikling av forretningsverdi gjennom utvikling og drift av maskinvarer og tjenester knyttet til informasjonsteknologi og rådgivning og andre produkter/tjenester som naturlig hører til dette, herunder å delta i andre selskap med lignende virksomhet, og kjøp og salg av aksjer.;specific;delta forretningsverdi gjennom knyttet maskinvarer;consulting/staffing, operations/hosting, real estate/investment;;
996840506;HIGHSOFT AS;63;www.highsoft.com;Utvikling og salg av programmeringstjenester samt virksomhet som står i tilknytning til dette.;generic;eringstjenester progra;;;
821446422;HIRO AS;7;;Programvareutvikling.;boilerplate;;;;
920340350;HITACHI RAIL NORWAY AS;49;;Å designe, utvikle, produsere og levere, i tillegg til å installere, operere og vedlikeholde, alle typer elektroniske, digitale, elektriske eller mekaniske produkter, komponenter, systemer og programvare, innen blandt annet områdene elektronikk, kommunikasjon, telekommunikasjonsnettverk, betalingssystemer, betalingsløsninger, informasjonsstyring og kommunikasjon for transport, signalløsninger og kontroll av landtransport, luftrom og trafikkstyringssystemer, trenings- og simuleringsprodukter i tillegg til militære og sikkerhetsrelaterte applikasjoner i Norge og resten av verden. Selskapet kan dessuten operere innen all kommersiell, finansiell og annen aktivtet inkludert å tilby andre tjenester som er relatert til formålet. Selskapet kan etablere andre selskaper eller erverve aksjer eller eierandeler i ethvert selskap og enhver virksomhet med et tilsvarende eller relatert formål.;specific;aktivtet applikasjoner betalingsløsninger betalingssystemer blandt designe dessuten digitale eierandeler elektriske elektronikk elektroniske enhver ersiell erverve etablere ethvert finansiell informasjonsstyring inkludert installere komponenter kontroll landtransport luftrom mekaniske militære områdene operere resten selskaper signalløsninger sikkerhetsrelaterte simuleringsprodukter teleko tilby tillegg trafikkstyringssystemer transport trenings- unikasjon unikasjonsnettverk vedlikeholde verden;product/SaaS, hardware/electronics, real estate/investment;;
929765060;HIVE AUTONOMY AS;30;;Bedriftsrådgivning og det som står i naturlig forbindelse med dette.;generic;bedriftsrådgivning;;;
932213478;HJEMMESIDEHUSET AS;30;;WEB-design.;generic;web-design;;;
924505478;HK BITS AS;12;;IT bransje. Utvikle teknologiske løsninger og applikasjoner og annet som sammenfaller innenfor dette.;specific;applikasjoner bransje enfaller teknologiske;product/SaaS;;
925879819;HMSREG AS;7;;Utvikling av data programvare for salg til kunder. Drift og vedlikehold av data programvare og IT systemer for og til kunder. Salg av konsulent tjenester knyttet til programvare og IT systemer.;generic;knyttet;consulting/staffing;;
976570626;HOBERG & VESTRHEIM AS;8;www.billing.no;Objektorientert EDB-systemering og programutvikling og hva hermed står i forbindelse.;specific;edb-systemering objektorientert programutvikling;;;
995109670;HOLBERG EEG AS;8;;IKT, utvikling av programvare og systemløsninger.;generic;systemløsninger;;;
929395824;HOLIO AS;5;;IKT utvikling- og støttetjenester til aktører i netthandel og annet som naturlig faller sammen med dette.;specific;aktører faller netthandel støttetjenester utvikling-;;;
924791268;HOLIO CONSULTING AS;7;;Å tilby digitaliseringstjenester, programmering, prosjektledelse basert på innleie fra norske og ukrainske selskaper.;specific;basert digitaliseringstjenester ering innleie norske progra prosjektledelse selskaper tilby ukrainske;;;
933582159;HOMEKEY AS;14;;Design, utvikling og salg av digitale salg- og markedsføringsløsninger rettet mot eiendomsbransjen. Rådgivning og konsulentvirksomhet i forbindelse med dette.;specific;design digitale eiendomsbransjen markedsføringsløsninger rettet salg-;consulting/staffing, real estate/investment;;
997312368;HOOPLA AS;10;;Utvikle, prosjektere, drifte og selge web / mobilsystemer rettet mot betalingsformidling og salg, samt utføre tjenester og annen virksomhet som står i naturlig forhold til dette. Selskapet kan også eie aksjer i andre selskaper.;specific;betalingsformidling eie forhold mobilsystemer prosjektere rettet selskaper utføre web;real estate/investment;;
933792366;HORIZON56 NORGE AS;42;horizon56.io;Utvikling og levering av programvare og tjenester til olje- og gassindustrien, inkludert men ikke begrenset til programvare, programvare som en tjeneste (SaaS), Programvareintegrasjonstjeneste, prosedyremessig og teknisk støtte, serviceteknikere, implementeringstjenester og andre tilleggstjenester knyttet til drift av borerigger.;specific;begrenset borerigger gassindustrien ikke implementeringstjenester inkludert knyttet levering men olje- programvareintegrasjonstjeneste prosedyremessig saas serviceteknikere støtte teknisk tilleggstjenester;product/SaaS, operations/hosting;;
935080185;HORNET AS;19;;Programvareutvikling.;boilerplate;;;;
923661832;HOYLU NORGE AS;5;;Å levere varer og tjenester innen software, teknologi, utvikling, marked, og alt som står i forbindelse med dette, herunder investere i andre virksomheter og selskaper innenfor dette området.;specific;investere marked området selskaper varer;;;
933270157;HUDD AS;7;;Programmering.;generic;ering progra;;;
912159329;HUMA AS;33;huma.humahr.com;Utvikling og salg av programvare.;boilerplate;;;;
996533174;HYBEL AS;15;www.hybel.no;Utvikling, markedsføring og salg av digital plattform for utleie av hybler og leiligheter og utleieadministrasjon.;specific;digital hybler leiligheter plattform utleieadministrasjon;product/SaaS;;
999039529;HYPER GAMES AS;13;www.hypergames.no;Ide-, konseptutvikling, produksjon og kommersialisering av spill og spill konsepter.;specific;ersialisering ide- konsepter konseptutvikling spill;games/media;;
823980892;HYPERGENE AS;27;;Softwareutvikling og salg av software.;generic;softwareutvikling;;;
915681441;HYTTETJENESTER AS;9;www.hyttetjenester.net;Programvareutvikling og salg av egenutviklet programvare.;generic;egenutviklet;;;
932808013;HYYR AS;7;;Programmering.;generic;ering progra;;;
981601564;IBEXA AS;6;www.ibexa.co;Alt innen IT-virksomhet samt annen virksomhet som naturlig faller inn under dette.;specific;faller inn it-virksomhet;;;
996481867;IBOOKING AS;22;;Fremstilling, salg og drift av dataprogramvare og tjenester.;generic;dataprogramvare fremstilling;operations/hosting;;
912181960;IDENTITYSTREAM AS;9;;Salg av rådgivningstimer innenfor IT.;generic;rådgivningstimer;consulting/staffing;;
916863268;IDROP AS;7;www.idrop.no;Å utvikle og systemintegrere nye konsepter og ideer, internt og i samarbeid med kunde og sluttbruker, annen rådgivning samt deltagelse i andre virksomheter.;specific;deltagelse ideer internt konsepter nye samarbeid sluttbruker systemintegrere;consulting/staffing;;
930456462;IFLOW AS;6;;Utvikling og salg av nettbaserte tjenester for administrasjon av kunder og oppdrag, herunder drive elektronisk informasjonsbehandling, samt det som naturlig står i forbindelse med dette.;specific;administrasjon elektronisk informasjonsbehandling nettbaserte oppdrag;;;
818464142;IGNITE PROCUREMENT AS;38;www.ignite.no;Utvikling og salg av innkjøpssoftware.;generic;innkjøpssoftware;;;
926742221;IGNOS AS;15;www.ignos.no;Formidling, utvikling, drift og salg av IT-tjenester/programvare samt hva hermed står i forbindelse, herunder å delta i andre selskaper med lignende virksomhet.;generic;formidling;;;
998166845;IIZY AS;39;iizy.no;Salg og utvikling av programvare samt relaterte tjenester.;boilerplate;;;;
995772957;IMAGESHOP AS;13;www.imageshop.org;Programmeringstjenester, systemutvikling og utvikling innen webteknologi.;specific;eringstjenester progra systemutvikling webteknologi;;;
913347013;IMERSO AS;11;www.imerso.com;Utvikling av software, hardware;generic;hardware;hardware/electronics;;
921475063;IMPERIETEK AS;6;;Produksjon av maskiner og utstyr til industrien. Kjøp salg av maskiner og utstyr.;specific;industrien maskiner utstyr;hardware/electronics;;
992097000;INCA CONSULTING AS;10;www.inca.no;Prosjektledelse for store adm. og økonomisystemleveranser globalt med tilhørende leveranse av relevant IT system.;specific;adm globalt prosjektledelse relevant store tilhørende økonomisystemleveranser;;;
921196008;INDUSENZ AS;8;;Utvikle, få produsert og levere sensorer Utvikle tilhørende programvare som leveres sammen med sensorene;specific;leveres produsert sensorene sensorer tilhørende;hardware/electronics;;
926277340;INDYKITE NORWAY AS;9;indykite.com;Drive utvikling, salg og drift av programvare og internettbaserte tjenester.;generic;internettbaserte;operations/hosting;;
996878546;INFOBRIC AS;5;www.infobric.no;Utvikling av elektronikkløsninger og IT-systemer.;generic;elektronikkløsninger it-systemer;;;
984406509;INFOBRIC TIME AS;6;;Programmering.;generic;ering progra;;;
930520101;INFOSYS NORWAY AS;37;infosys.com;Å tilby, vedlikeholde og utvikle programvare og å tilby konsulenttjenester og regnskapstjenester samt aktiviteter knyttet til dette.;specific;aktiviteter knyttet regnskapstjenester tilby vedlikeholde;consulting/staffing;;
917732655;INFOTILES AS;5;;Utvikling og salg av konsepter og løsninger knyttet til mikrotjenester og skytjenester Kjøp av aksjer eller på annen måte delta i annen tilsvarende virksomhet.;specific;delta knyttet konsepter mikrotjenester måte skytjenester;product/SaaS, real estate/investment;;
926584588;INFRASPACE AS;5;;Programvareutvikling og konsulentvirksomhet for bygg- og anleggsbransjen.;generic;anleggsbransjen bygg-;consulting/staffing;;
927678594;INNOVA DYNAMICS AS;8;www.innovadynamics.no;Service- og konsulentselskap, som betjener kunder i Norge og utlandet. Designe, utvikle, implementere, oppgradere og vedlikeholde digitale forretningsapplikasjoner som hjelper virksomheter med å levere resultater innen digital transformasjon, samt alt knyttet til dette, inkludert deltakelse i andre selskaper.;specific;betjener deltakelse designe digital digitale forretningsapplikasjoner hjelper implementere inkludert knyttet konsulentselskap oppgradere resultater selskaper service- transformasjon utlandet vedlikeholde;consulting/staffing;;
935237998;INNREGISTRERING.NO AS;5;;Programvareutvikling.;boilerplate;;;;
931507354;INNSIKT.AI. AS;8;;Programmering.;generic;ering progra;;;
919382481;INPARK AS;5;;Å utvikle løsninger innen ITS - Intelligente transporttjenester og systemer. Herunder konsulentvirksomhet, programmering, drift, montering og utvikling av både teknisk utstyr og programvare løsninger.;specific;ering intelligente its montering progra teknisk transporttjenester utstyr;consulting/staffing, hardware/electronics;;
915213200;INSELO GRUPPEN AS;5;;Utvikling, salg og leveranse av system og logistikkløsninger med tilhørende tjenester til næringslivet, herunder deltagelse i andre selskaper med samme eller lignende formål.;specific;logistikkløsninger næringslivet tilhørende;;;
815653882;INSITE MEDIA AS;5;;Produksjon og salg av mediatjenester, herav logo, osv.;specific;herav logo mediatjenester osv;;;
925288225;INSPECTIO AS;6;;Utvikling og salg av programvare fra egne lokaler og konsulenttjenester.;generic;egne lokaler;consulting/staffing;;
998156963;INSPERA AS;25;;Utvikling av programvare, og salg av de utviklede produktene.;generic;produktene utviklede;;;
924515031;INSPIRE TO ACTION AS;5;;Selskapet utvikler og produserer eksempelvis, men ikke begrenset til kommunikasjonsplattformer og innhold knyttet til edutainment, ed-tech, digitale og fysiske installasjoner, samt visualisering og audiovisuell kommunikasjon.;specific;audiovisuell begrenset digitale ed-tech edutainment eksempelvis fysiske ikke innhold installasjoner knyttet men produserer unikasjon unikasjonsplattformer visualisering;;;
928748774;INSTALLER AS;13;;Digitalt konsulent- og softwareselskap som utvikler løsninger innenfor området «prop tech».;specific;digitalt konsulent- området prop softwareselskap tech;consulting/staffing;;
979267118;INTEGRASJONSSYSTEMER AS;48;www.isystem.no;Konsulent tjenester innenfor regnskap/økonomi/administrativ databehandling med hovedvekt på integrering av informasjon. Salg av programvare og datamaskiner m/tilbehør. Formidling av salg/provisjons salg.;specific;administrativ databehandling datamaskiner formidling hovedvekt informasjon integrering provisjons regnskap tilbehør økonomi;consulting/staffing;;
918527419;INTELECY AS;13;www.intelecy.com;Tjenester i forbindelse med teknologi og programvareutvikling og annet som naturlig faller sammen med dette.;generic;faller;;;
924509627;INTERCAB AS;13;;Utvikling og salg av IT-løsninger, primært rettet mot transportselskaper, herunder i taxi-bransjen. Forøvrig skal InterCab yte konsulenttjenester til ulike kundegrupper.;specific;forøvrig intercab kundegrupper primært rettet taxi-bransjen transportselskaper yte;consulting/staffing;;
914616255;INTIN AS;7;;Informasjons- og kommunikasjonsvirksomhet: 1. Levere komplette løsninger for overvåking og styring i næringsbygg og private boliger. (Smarthusteknologi eller lignende type teknologi) 2. Utføre systemintegrasjon for trådløse system for sporing og detektering. 3. Programmeringstjenester;specific;boliger detektering eringstjenester informasjons- komplette næringsbygg overvåking progra smarthusteknologi sporing styring systemintegrasjon trådløse unikasjonsvirksomhet utføre;;;
934836219;INVERA AS;6;;Å eie selskaper som utvikler og selger software.;specific;eie selger selskaper;;;
934836286;INVERA CONSTRUCTION AS;28;;Å drive systemutvikling og tjeneste leverandør relatert til entreprenørvirksomhet.;specific;entreprenørvirksomhet leverandør systemutvikling;;;
834836262;INVERA WATER AS;45;;Utvikle, markedsføre og selge software og systemløsninger i Norge og internasjonalt.;specific;internasjonalt markedsføre systemløsninger;;;
919808632;INVITE AS;5;www.ethos.no;Drifting og utvikling av programvare;generic;drifting;;;
829884372;INVITE GUEST TECHNOLOGY AS;6;;Utvikle software og levere digitale løsninger for utleie og reiseliv.;generic;digitale reiseliv;;;
916569807;IOT SOLUTIONS AS;15;iotsolutions.no;Utvikle og selge IT løsninger og tjenester.;boilerplate;;;;
916046383;IPS NORDIC AS;7;;Tjenesteyting, IT drift og utvikling, samt forvaltning av selskapets kapital og ressurser i form av investeringsvirksomhet, deltakelse i andre selskaper, finansforvaltning og kjøp/utvikling/drift av fast eiendom.;specific;deltakelse fast finansforvaltning form forvaltning investeringsvirksomhet ressurser selskaper;operations/hosting, real estate/investment;;
987356731;ISI AS;19;isi.no;Utvikle og selge skreddersydde produkter innenfor informasjonsteknologi. Levere konsulenttjenester innenfor samme område. Selskapet skal også kunne investere i andre selskaper.;specific;investere kunne område selskaper skreddersydde;consulting/staffing;;
983453767;ISPAS AS;8;www.ispas.no;Selge produkter og konsulenttjenester innen sensorsystemer, samt drift og service av kommunikasjonssystemer og sensorsystemer, ledelse-, data- og informasjonssystemer. Selskapet skal drive med FoU. Firmaet kan delta i andre selskaper, samt kjøpe/selge varer og tjenester for import og eksport.;specific;data- delta firmaet fou informasjonssystemer kjøpe ledelse- selskaper sensorsystemer unikasjonssystemer varer;consulting/staffing, hardware/electronics;;
926623680;IT MATTER AS;7;www.itmatter.no;Utvikle IT-tjenester for private og offentlige foretak. Tjenestene som leveres vil omfatt skytjenester og er ikke begrenset til bransjer. Tjenstene vil faktureres timesvis.;specific;begrenset bransjer faktureres foretak ikke leveres omfatt skytjenester timesvis tjenestene tjenstene;product/SaaS;;
825781552;IT.NO AS;17;it.no;Salg og utvikling av digitale løsninger samt hva herved står i forbindelse.;generic;digitale;;;
980712567;ITEM CONSULTING AS;25;;Kjøp, salg og utleie av tjenester innen områdene organisasjonsutvikling, programutvikling og informasjonsteknologi, samt annen virksomhet som naturlig hører inn under de samme områder.;specific;inn områdene områder organisasjonsutvikling programutvikling;;;
882067122;ITEMA AS;32;;Produksjon, handel og tjenesteyting, samt alt som står i forbindelse med det, herunder ved aksjetegning eller annen måte gjøre seg interessert i andre foretagender.;specific;aksjetegning foretagender gjøre interessert måte seg;;;
922177775;IZY AS;12;;Utvikle, produsere og selge kundesystemer, samt alt som står i naturlig forbindelse med dette.;generic;kundesystemer;;;
817472842;JAKOB HATTELAND COMPUTER AS;99;;Drive handel, produksjon og tjenesteytende virksomhet knyttet til utstyr og programvare for elektronisk databehandling, samt hva hermed står i forbindelse, herunder å delta i andre foretagender som driver tilsvarende virksomhet.;specific;databehandling delta elektronisk foretagender knyttet tjenesteytende utstyr;hardware/electronics;;
948979357;JOTNE CONNECT AS;23;jotne.com;Utvikling, produksjon og salg og hva dermed står i forbindelse herunder deltagelse i andre seskaper.;generic;deltagelse seskaper;;;
933860078;JOURNALIA AS;9;journalia.no;Programvareutvikling.;boilerplate;;;;
934563719;JOURNEY AGENCY NORWAY AS;9;;Utvikling, produksjon og salg av tjenester og produkter innenfor data, telefoni, markedsføring og arrangementvirksomhet. Investering i verdipapirer, kunst, eiendom og andre formuesgoder.;specific;arrangementvirksomhet formuesgoder kunst telefoni verdipapirer;real estate/investment;;
928563898;JUPITER BUSINESS PARTNER AS;10;;Utvikling, salg og implementering av IT-baserte forretningssystemer.;specific;forretningssystemer implementering it-baserte;;;
947642081;JUPITER SYSTEM PARTNER AS;12;www.jupiter.no;Yte Konsulettjenester innen administrativ og elek- tronisk databehandling, samt hva som hermed står i forbindelse, videre drive import, markedsføring, salg, lisensiering av dataprodukter, samt delta i andre selskaper ved aksjetegning eller på annen måte.;specific;administrativ aksjetegning databehandling dataprodukter delta elek- konsulettjenester lisensiering måte selskaper tronisk videre yte;product/SaaS;;
919951834;JUSTIFY AS;9;;Utvikling av legal tech for rettssøkende publikum og advokat- og rettshjelpsvirksomheter, herunder utvikling, drift, markedsføring, tjenesteyting og salg av egne og andre selskapers løsninger, samt annet som står i den forbindelse.;specific;advokat- egne legal publikum rettshjelpsvirksomheter rettssøkende selskapers tech;;;
997770234;KAHOOT! AS;145;www.kahoot.com;Levere teknologi og konsepter til læring, samt annen virksomhet som naturlig står i tilknytning til dette.;generic;konsepter læring;;;
913054474;KAN FINANS AS;12;kanfinans.no;Utvikle og produsere digital opplæring. Opplæringen selges til bedrifter.;specific;digital opplæring opplæringen selges;;;
928542610;KATODE AS;5;;Utvikling og salg programvare, konsulentvirksomhet innen software og utviklingsprosjekter.;generic;utviklingsprosjekter;consulting/staffing;;
930667587;KELDA KRAFT AS;6;;Utvikle og selge programvareløsninger for energieffektivisering.;generic;energieffektivisering programvareløsninger;;;
995404168;KEYSTONE.NO AS;23;www.keystone.no;Utvikling/salg av webbaserte verktøy.;generic;verktøy webbaserte;;;
983594123;KEZZLER AS;33;www.kezzler.com;Utvikling og salg av kontrollsystemer for identifikasjon og autentifikasjon av produkter og personer.;specific;autentifikasjon identifikasjon kontrollsystemer personer;;;
918781293;KIKORA AS;9;;Utvikle digitale læremidler/plattformer (digital forlagsvirksomhet) Drive kursing/pedagogisk rådgivning/læringsaktiviteter hos kunde, i selskapets lokaler eller på eiers hjemsted Lillebru Gård i Ski. Investere i andre virksomheter innen samme bransje. Virksomheten vil altså i all hovedsak drives innenfor utdanningsbransjen. Hvordan fordelingen av hhv utvikling av læremiddler, kursvirksomhet og investeringsvirksomhet vil skje i praksis er ved etableringstidspunktet ikke avklart.;specific;altså avklart bransje digital digitale drives eiers etableringstidspunktet fordelingen forlagsvirksomhet gård hhv hjemsted hos hovedsak hvordan ikke investere investeringsvirksomhet kursing kursvirksomhet lillebru lokaler læremiddler læremidler læringsaktiviteter pedagogisk plattformer praksis ski skje utdanningsbransjen;product/SaaS, consulting/staffing, real estate/investment;;
925978507;KILKAYA AS;11;;Konsulenttjenester og utvikling av programvare innenfor medie og internett.;generic;internett medie;consulting/staffing;;
817617492;KINDLY AS;47;;Å levere tjenester innen programvareutvikling og andre tjenester/produkter som naturlig faller sammen med dette, herunder å delta i andre selskaper med lignende virksomhet, kjøp og salg av aksjer, eller på annen måte gjøre seg interessert i andre foretagender.;specific;faller foretagender gjøre interessert måte seg;real estate/investment;;
984699980;KIONA AS;89;;Utvikling av varer og tjenester tilknyttet overvåkning av tekniske anlegg, herunder å drifte disse, samt inngå avtaler om levering av overvåkningssystemer.;specific;anlegg avtaler disse inngå levering overvåkning overvåkningssystemer tekniske varer;;;
997727010;KIRKEDATA AS;7;;Utvikling av programvare, drift og salg av hardware og software, og det som naturlig hører til dette;generic;hardware;hardware/electronics;;
922068488;KLAR KOMPETANSE AS;5;;Utvikling og salg av læringsressurser og utdanningsteknologi.;generic;læringsressurser utdanningsteknologi;;;
920042554;KLAVENESS DIGITAL AS;21;;Utvikling og formidling av IKT produkter samt tilknyttede tjenester.;generic;formidling tilknyttede;;;
826571802;KNIPS AS;8;;Programmeringstjenester, applikasjonsutvikling, salg av applikasjoner og kommunikasjonsteknologi.;specific;applikasjoner applikasjonsutvikling eringstjenester progra unikasjonsteknologi;product/SaaS;;
927153041;KNITANDNOTE AS;9;;Utvikling og drifting av en digital plattform.;specific;digital drifting plattform;product/SaaS;;
925033448;KNOWIT IMPACT AS;36;;IT-relatert med både produktutvikling og konsulentvirksomhet;generic;it-relatert produktutvikling;consulting/staffing;;
930572551;KOBBR AS;6;;Utvikling av digitale verktøy for håndverks- og serviceindustrien.;specific;digitale håndverks- serviceindustrien verktøy;;;
981389212;KOBLER AS;17;;Yte og selge tjenester innen internett og annen datateknologi samt å selge, formidle og distribuere varer og tjenester i tilknytning til internett, og all annen virksomhet i tilknytning til dette.;specific;datateknologi distribuere formidle internett varer yte;;;
915780008;KODEKS AS;5;;Utvikling av digitale løsninger og dermed forbunden virksomhet. Selskapet kan også drive med investering i aksjer og selskapsandeler.;specific;digitale forbunden selskapsandeler;real estate/investment;;
982099595;KODEMAKER SYSTEMUTVIKLING AS;27;www.kodemaker.no;Utvikling og salg av nettverksrelatert programvare, konsulent- og rådgivningstjenester innen informasjonsteknologi, samt virksomhet knyttet til dette. Selskapet kan også delta i annen virksomhet ved aksjetegning eller på annen måte.;specific;aksjetegning delta knyttet konsulent- måte nettverksrelatert rådgivningstjenester;consulting/staffing, operations/hosting;;
998003334;KOGENTA AS;8;www.fluxloop.com;Utvikling av software.;boilerplate;;;;
982433223;KOMMUNION AS;22;www.kommunion.no;Utvikling av programvare. Kurs, konferanse og konsulentvirksomhet i disse og tilstøtende emner.;specific;disse emner konferanse kurs tilstøtende;consulting/staffing;;
818874812;KONCIV AS;12;;Utvikle og distribuere digitale programvareløsninger som kan forenkle kunders logistikkstyring og sørge for god informasjonsflyt mellom alle aktører i en kundes vareflyt.;specific;aktører digitale distribuere forenkle god informasjonsflyt kunders kundes logistikkstyring mellom programvareløsninger sørge vareflyt;;;
922835071;KRAFTLAUGET AS;71;www.kraftlauget.no;Systemutvikling, rådgiving og implementering av IT-løysingar samt anna verksemd i tilknytning til dette. Utfører it-prosjekt på kunde si regning og tilbyr konsulentar til kundeprosjekt;specific;anna implementering it-løysingar it-prosjekt konsulentar kundeprosjekt regning systemutvikling tilbyr utfører verksemd;consulting/staffing;;
994925687;KRATOS NORWAY AS;22;;Utvikle og selge løsninger for kommunikasjonsmarkedet.;generic;unikasjonsmarkedet;;;
926009966;KRAVIA SOLUTIONS AS;10;;Investering i aksjer og eierandel i andre selskap.;generic;eierandel;real estate/investment;;
999307523;KREATIF AS;13;www.kreatif.no;Konsulentvirksomhet, programutvikling og salg av kundespesifiserte programmer.;specific;kundespesifiserte progra programutvikling;consulting/staffing;;
812413902;KREDIN AS;8;www.kredin.no;Tilby et nettbasert system som lar norske bedrifter benytte seg av mulighetene lovverket gir næringslivet til å inndrive sine utestående krav med egeninkasso. Bistå med rådgivning og kundestøtte for å sikre en mest mulig effektiv innfordringsprosess.;specific;benytte bistå effektiv egeninkasso gir inndrive innfordringsprosess krav kundestøtte lar lovverket mest mulig mulighetene nettbasert norske næringslivet seg sikre sine tilby utestående;consulting/staffing;;
937255969;KRUSH TECH AS;76;;Produksjon, utvikling og salg av ubemannede flysystemer, inkludert produksjon av tilhørende komponenter.;specific;flysystemer inkludert komponenter tilhørende ubemannede;;;
919586052;KTA NAVAL SYSTEMS AS;13;;Produksjon og utvikling av forsvarsmateriell, herunder utvikling av program- og systemløsninger. Deltakelse i andre selskap.;specific;deltakelse forsvarsmateriell program- systemløsninger;;;
917397198;KULT BYRÅ AS;8;;Utvikling av websider, markedsføringsmateriell, kampanjeveiledning, grafisk design, foto, video, animasjon samt support for kunder.;specific;animasjon design foto grafisk kampanjeveiledning markedsføringsmateriell support video websider;games/media;;
826838582;KUNDELAB AS;13;www.kundelab.no/;Selge tjenester og varer innen programvare og annet som naturlig sammenfaller med dette, samt deltakelse i andre selskaper, investeringer og nærliggende virksomhet.;specific;deltakelse enfaller nærliggende selskaper varer;real estate/investment;;
979524013;KUREO AS;6;www.ike.no;Konsulentvirksomhet, utvikling og markedsføring av tekniske produkter.;generic;tekniske;consulting/staffing;;
923943234;KVASS NORGE AS;14;www.kvass.no;Programvareselskap som tilbyr en heldigital plattform for salg av eiendomsprosjekter.;specific;eiendomsprosjekter heldigital plattform programvareselskap tilbyr;product/SaaS, real estate/investment;;
925208531;KVIST SOLUTIONS AS;9;kvistsolutions.com;Utvikle datateknologi til bruk i byggenæringen og annet som naturlig faller sammen med dette.;specific;bruk byggenæringen datateknologi faller;;;
824527962;KÖR TEKNOLOGI AS;7;;Utvikling og salg av mobile og web-baserte tjenester til trafikkopplæring. Administrative, tekniske, finansielle og økonomiske tjenester til andre selskaper eller personer. Kjøp, salg og forvaltning av immaterielle rettigheter, herunder patenter, varemerker, design og lisenser. Andre produkter eller tjenester som naturlig hører inn under dette, herunder kjøp og salg av aksjer eller på annen måte delta i andre virksomheter. Drift av web-portaler.;specific;administrative aterielle delta design finansielle forvaltning inn lisenser mobile måte patenter personer rettigheter selskaper tekniske trafikkopplæring varemerker web-baserte web-portaler økonomiske;product/SaaS, operations/hosting, real estate/investment;;
974899671;LABCRAFT AS;7;www.labcraft.com;Utvikling og salg av samt vedlikehold og support på datasystemer  for laboratorie-relatert og annen virksomhet.;generic;laboratorie-relatert support;;;
991051228;LABRADOR CMS AS;30;www.labradorcms.com;Utvikling, lisensiering, distribusjon og salg av programvare, tilbehør til programvaren samt å tilby tjenester i tilknytning til dette.;specific;distribusjon lisensiering programvaren tilbehør tilby;product/SaaS;;
990452458;LAFT SOFTWARE AS;11;;Leveranse av mobile tjenester.;generic;mobile;;;
927101432;LAIOUT AS;7;;Produsere og selge designverktøy knyttet til plantegninger - og annet som naturlig sammenfaller med dette.;specific;designverktøy enfaller knyttet plantegninger;;;
933196909;LANDMARKER AS;5;;Programmering. Ingeniør- og prosjektledertjenester innen byggeprosjekter. Grunnarbeid (graving, drenering, sprengning, planering).;specific;byggeprosjekter drenering ering graving grunnarbeid ingeniør- planering progra prosjektledertjenester sprengning;;;
913821289;LAST MILE AS;31;www.lastmile.no;Salg av tjenester og produkter innen datakommunikasjon, samt deltagelse i annen næringsvirksomhet.;specific;datako deltagelse næringsvirksomhet unikasjon;;;
934216318;LAWAI AS;18;;Programmering.;generic;ering progra;;;
818140932;LCA.NO AS;36;;Utvikle dataverktøy med tilhørende tjenester for å analysere og dokumentere miljøprestasjoner for produkter, prosesser og tjenester.;specific;analysere dataverktøy dokumentere miljøprestasjoner prosesser tilhørende;;;
929322649;LEADLY AS;8;;Utvikling og drift av internett-tjenester og andre tjenester og produkter som naturlig faller sammen med dette, herunder å delta i andre selskaper med lignende virksomhet, kjøp og salg av aksjer og andre verdipapirer, investering, utvikling og drift av fast eiendom.;specific;faller fast internett-tjenester verdipapirer;operations/hosting, real estate/investment;;
918547258;LEARNLAB AS;55;www.learnlab.net;Programmering. Investering i aksjer og verdipapirer.;specific;ering progra verdipapirer;real estate/investment;;
917137137;LEDIDI AS;23;;Selskapet skal drive med IT softwareutvikling og relatert rådgiving innenfor IT- og helsesektoren. Det vil også skje salg av IT-produktene utviklet av selskapet.;specific;helsesektoren it- it-produktene skje softwareutvikling utviklet;consulting/staffing;;
921600070;LEGALA AS;18;;Selskapet utvikler og selger skybasert programvare til bedrifter og privatpersoner i Norge og utland.;specific;privatpersoner selger skybasert utland;product/SaaS;;
917213496;LEID AS;9;;Programmeringstjenester, utvikling og kommersialisering av automatisert utleie av maskiner og utstyr.;specific;automatisert eringstjenester ersialisering maskiner progra utstyr;hardware/electronics;;
992341319;LEVATO AS;7;;Handel med spill, programvare og maskinvare.;generic;maskinvare spill;hardware/electronics, games/media;;
918567852;LEXOLVE AS;8;;Utvikling av informasjonsteknologi, samt utvikling, drift og markedsføring av egne og andre selskapers løsninger, databaseløsninger og tilliggende tjenester.;specific;databaseløsninger egne selskapers tilliggende;;;
927346281;LI-TECH AS;12;;Li-Tech skal utvikle en programvare. Aktiviteter som skal utføres er utvikling, samt salg av programvare og maskinvare. Produktet skal selges direkte til kunde, herunder aktører innen avfallsbransjen.;specific;aktiviteter aktører avfallsbransjen direkte li-tech maskinvare produktet selges utføres;hardware/electronics;;
822236162;LIBERTY NOW AS;24;;Utvikling og salg av programvare, og det som naturlig hører til.;boilerplate;;;;
929362926;LIFEATWORK AS;12;;Utvikling og leveranse av software og supporttjenester til eiendomsbransjen, samt det som naturlig står i forbindelse med dette,;generic;eiendomsbransjen supporttjenester;real estate/investment;;
921141130;LIFENESS AS;7;lifeness.io;Utvikling av IT-kommunikasjonsløsning innen spesialist og primærhelsetjenesten.;specific;it-ko primærhelsetjenesten spesialist unikasjonsløsning;;;
919276495;LIFETOOLS AS;8;;Selskapet skal utvikle softwareløsninger/IKT løsninger/nettverksapplikasjoner for mennesker med spesielle behov. Utvikling av kommunikasjon- og adferdsløsninger.;specific;adferdsløsninger behov mennesker nettverksapplikasjoner softwareløsninger spesielle unikasjon-;operations/hosting;;
925906093;LIFLIG AS;25;;Utvikling og drift av kundetilpassede IT-løsninger.;generic;kundetilpassede;operations/hosting;;
996271242;LIME GREEN DIGITAL AS;25;;Utvikling, drift, markedsføring og salg av undervisningstjenester, samt virksomhet som står naturlig i forbindelse med dette, herunder å delta i andre selskaper med lignende virksomhet.;generic;undervisningstjenester;;;
989711393;LIME TECHNOLOGIES NORWAY AS;29;www.lime-technologies.no;Produksjon av programvare og konsulenttjenester knyttet til dette.;generic;knyttet;consulting/staffing;;
827095222;LINDBERG DEVELOPMENT AS;6;;Utvikle en app innenfor trening. Appen skal etter hvert brukes til ulike forskningsprosjekter.;specific;app appen brukes etter forskningsprosjekter hvert trening;product/SaaS;;
933855740;LINGTECHAPPS AS;6;;Utvikling og drift av språk- og utdanningsteknologiske løsninger. I tillegg skal selskapet drive med det som står i naturlig forbindelse med dette, herunder deltagelse i andre selskaper med samme eller beslektet formål.;specific;beslektet språk- tillegg utdanningsteknologiske;operations/hosting;;
984066910;LINK MOBILITY GROUP AS;58;www.linkmobility.com;SMS-tjenester og alt hva dermed står i den forbindelse.;generic;sms-tjenester;;;
936252710;LINK NORDIC AS;14;;Handel og konsulentvirksomhet med tilhørende produktforedling, samt deltakelse i andre selskaper med beslektede virksomhet.;specific;beslektede deltakelse produktforedling selskaper tilhørende;consulting/staffing;;
932973618;LIPSCORE AS;9;;Salg av abonnementstjenester.;generic;abonnementstjenester;product/SaaS;;
813816032;LIQUID BARCODES AS;5;;Utvikling, drift og salg av markedsføringsløsninger og billetteringssystemer med dertil tilhørende teknologi, handel og tjenesteyting og alt der omkringliggende i inn- og utland, samt deltagelse i annen virksomhet.;specific;billetteringssystemer deltagelse der dertil inn- markedsføringsløsninger omkringliggende tilhørende utland;;;
916915098;LITERATE AS;6;;Programmering.;generic;ering progra;;;
926707388;LLOYD'S REGISTER VOYAGE AS;16;;Levere tjenester innen E-navigasjon, data og programvareløsninger (SaaS) for den maritime industrien, og levere verktøy for forhåndsbeslutninger for reiser, kartografisk innhold og SDK-verktøy.;specific;e-navigasjon forhåndsbeslutninger industrien innhold kartografisk maritime programvareløsninger reiser saas sdk-verktøy verktøy;product/SaaS;;
828886932;LOCAT3D AS;5;locat3d.no/;Utvikling av applikasjoner og nettsider.;generic;applikasjoner nettsider;product/SaaS;;
935166438;LOCUS SOLUTIONS AS;49;;Utvikling, markedsføring og salg av verktøy og systemer for elektroniske kartdata og annen forretningsmessig virksomhet med tilknytning til geografiske informasjonssystemer, samt å delta i eller samarbeide med liknende virksomheter.;specific;delta elektroniske forretningsmessig geografiske informasjonssystemer kartdata liknende samarbeide verktøy;;;
981012224;LOGIQ AS;67;;Å drive rådgivnings-, utviklings-, og konsulentvirksomhet, agenturvirksomhet, markedsførering, produktutvikling, produktsalg knyttet til informasjonsteknologi, bedriftsutvikling og hva som hermed naturlig står i forbindelse, herunder delta i andre selskaper med liknende virksomhet.;specific;agenturvirksomhet bedriftsutvikling delta knyttet liknende markedsførering produktsalg produktutvikling rådgivnings- selskaper utviklings-;consulting/staffing;;
818709692;LOKOTECH GROUP AS;7;;Investering i aksjer og verdipapirer. Konsulenttjenester innen IT.;generic;verdipapirer;consulting/staffing, real estate/investment;;
921756763;LOTTERIES ENTERTAINMENT INNOVATION ALLIANCE AS;5;;Å utvikle og tilby ansvarlige pengespill innenfor transparente rammer, og annen virksomhet som har sammenheng med dette. Selskapet skal ikke tilby spill direkte til sluttbruker.;specific;ansvarlige direkte ikke pengespill sluttbruker spill tilby transparente;games/media;;
816202612;LOYCO AS;11;;IT selskap: Utvikling og salg av egenprodusert teknologi, investere og eie aksjer i andre samt kunne investere i bolig, aksjer og ellers andre selskaper som investorer.;specific;bolig egenprodusert eie ellers investere investorer kunne selskaper;real estate/investment;;
830502432;LPS EHEALTH SOFTWARE NO AS;10;;Å utvikle og selge programvarer som en tjeneste (SaaS) innen helsesektoren.;generic;helsesektoren saas;product/SaaS;;
921974248;LTIMINDTREE NORGE AS;25;;Levere IT- løsninger og IT- tjenester til klienter globalt og i Norge.;specific;globalt it- klienter;;;
921437609;LUDENSO AS;13;;"Hovedaktiviteten vår blir å levere software innen Augmented Reality, både til sluttkunder og bedrifter. (NACE 62.010) Som et ledd i det vi gjør vil vi også drive med industridesign og produksjon av hardware som vil støtte opp under softwaren (NACE 74.101). Dette vil vi igjen selge til sluttkunder og butikker. Produktene vi lanserer vil basere seg på skybaserte software-løsninger, som vi da tror faller inn under ""butikkhandel med telkommunikasjonsutstyr"" (NACE 47.420).";specific;augmented basere blir butikker butikkhandel faller gjør hardware hovedaktiviteten igjen industridesign inn lanserer ledd nace opp produktene reality seg skybaserte sluttkunder software-løsninger softwaren støtte telko tror unikasjonsutstyr vår;product/SaaS, hardware/electronics;;
982927722;MACHINA AS;27;www.machina.no;IT konsulenttjenester og programmvareutvikling.;generic;progra vareutvikling;consulting/staffing;;
932054787;MAILMOJO AS;6;;WEB-design. Konsulenttjenester innen IT.;generic;web-design;consulting/staffing;;
993555002;MAKE AS;21;www.make.as;Annen konsulentvirksomhet tilknyttet system- og programvare.;generic;system-;consulting/staffing;;
989636790;MAKING VIEW AS;12;www.makingview.no;Å utvikle programvare og kurs for VR-basert læring.;specific;kurs læring vr-basert;;;
979498047;MAKSIMER AS;39;;Tjenester innen webstrategi, webdesign, webutvikling, e-handel og webanalyse - samt alt annet som står i forbindelse med dette. Deltakelse i andre selskaper inngår i selskapets formål.;specific;deltakelse e-handel inngår selskaper webanalyse webdesign webstrategi webutvikling;;;
934903900;MANDORA AS;8;;Programvareutvikling.;boilerplate;;;;
930906654;MANTA TECHNOLOGIES AS;43;;Programmering. WEB-design.;specific;ering progra web-design;;;
927411644;MARINE DYNAMICS AS;8;;Utvikling av software og hardware rettet mot kystnæringen.;specific;hardware kystnæringen rettet;hardware/electronics;;
920855970;MARITIME OPTIMA AS;31;;Utvikle og selge softwareløsninger og utføre konsulenttjenester for den maritime næring.;specific;maritime næring softwareløsninger utføre;consulting/staffing;;
936073433;MARKETER 360 AS;6;;Programvareutvikling.;boilerplate;;;;
822988822;MASTERCARD PAYMENT SERVICES NORWAY AS;182;;Drive betalings- og informasjonsformidlingsvirksomhet og annen virksomhet som står i slik forbindelse, samt å fremme utvikling og bruk av pengeinstitusjoners felles infrastruktur.;specific;betalings- bruk felles fre informasjonsformidlingsvirksomhet infrastruktur pengeinstitusjoners;;;
931471147;MATERNA NORWAY AS;6;;Levere helhetlige løsninger innen IT gjennom salg av konsulenttjenester, programvare.;generic;gjennom helhetlige;consulting/staffing;;
985149437;MATIQ AS;32;www.matiq.no;Produksjon og tjenster knyttet til informasjons- og kommunikasjonsteknologi og andre administrative tjenester.;specific;administrative informasjons- knyttet tjenster unikasjonsteknologi;;;
996967980;MATRIX SYSTEMER AS;5;;Utvikling og salg av programvare.;boilerplate;;;;
980736970;MAZE FEEDBACK AS;14;www.maze.no;Levere web-baserte feedbacksystemer som fremmer læringsprosesser i næringslivet samt annen beslektet virksomhet som naturlig faller inn under selskapets kjerneaktivitet, herunder deltakelse i andre aksjeselskaper. Selskapet driver i tillegg utvikling og hosting av web-sider for sine kunder.;specific;aksjeselskaper beslektet deltakelse faller feedbacksystemer fre hosting inn kjerneaktivitet læringsprosesser næringslivet sine tillegg web-baserte web-sider;operations/hosting;;
912197905;MAZEMAP AS;21;;Utvikle, drifte og levere digitale tjenester basert på geografisk posisjonering og kart, herunder innendørs navigasjon.;specific;basert digitale geografisk innendørs kart navigasjon posisjonering;;;
998053765;MEAWALLET AS;6;www.meawallet.com;Utvikling og prosjektering av IT-løsninger;generic;prosjektering;;;
934053540;MEDBRIC AS;11;medbric.com;Salg av programvaretjenester innen helseteknologi.;generic;helseteknologi programvaretjenester;;;
976964403;MEDIAFARM AS;20;www.mediafarm.no;Å levere media løsninger innen opplæring og kommunikasjon, herav tilby nødvendige konsulenttjenester, samt hva hermed står i forbindelse, herunder å delta i andre selskaper med lignende virksomhet.;specific;herav media nødvendige opplæring tilby unikasjon;consulting/staffing, games/media;;
912540863;MEDIBRIX AS;10;medibrix.com;Selskapet skal utvikle og formidle helserelatert programvare, tjenester og relatert utstyr til privatpersoner, organisasjoner og helsepersonell for å bidra til bedret folkehelse og egenomsorg samt støtte til helsepersonell.;specific;bedret bidra egenomsorg folkehelse formidle helsepersonell helserelatert organisasjoner privatpersoner støtte utstyr;hardware/electronics;;
927533235;MEDICUE AS;6;;Utgivelse av annen programvare. Programmeringstjenester. Konsulentvirksomhet tilknyttet informasjonsteknologi. Andre tjenester tilknyttet informasjonsteknologi.;specific;eringstjenester progra utgivelse;consulting/staffing;;
994576240;MEDIEBRUKET AS;8;mediebruket.no;Utvikling og drift av internettenester, konsulentverksemd, rådgjeving og anna verksemd i tilknyting til dette. Selskapet skal også kunne investere i andre selskap.;specific;anna internettenester investere konsulentverksemd kunne rådgjeving tilknyting verksemd;consulting/staffing, operations/hosting;;
924507195;MEDIOTEQ AS;5;;Utvikling og salg av varer og tjenester knyttet til programvareutvikling og integrasjons tjenester innen helsesektoren for private og offentlige virksomheter. Herunder rådgivning og utvikling av digitale produkter, tjenester og digital strategi, samt investering i andre selskaper - samt annet som naturlig sammenfaller med dette.;specific;digital digitale enfaller helsesektoren integrasjons knyttet selskaper strategi varer;consulting/staffing, real estate/investment;;
898785262;MEGAPOP AS;12;;Utvikling og konsulenttjenester av elektroniske spill.;generic;elektroniske spill;consulting/staffing, games/media;;
931720961;METINOR AS;5;;Programmering.;generic;ering progra;;;
918908080;METZUM AS;38;;Utvikling og leveranse av software til kraft- og energi-sektoren. Investering i aksjer og selskaper i teknologiselskaper inn mot kraft- og energi.;specific;energi energi-sektoren inn kraft- selskaper teknologiselskaper;real estate/investment;;
922432554;MEWB AS;8;www.mewb.no;Selge tjenester og varer innen programmeringstjenester og annet som naturlig sammenfaller med dette samt deltakelse i andre selskaper, investeringer og nærliggende virksomhet.;specific;deltakelse enfaller eringstjenester nærliggende progra selskaper varer;real estate/investment;;
931422936;MIDLAIER AS;9;midlaier.no;Programmering. Konsulenttjenester innen IT.;generic;ering progra;consulting/staffing;;
827378372;MIKON AS;14;;Utvikling og salg av programvare, samt annet som naturlig hører inn under dette.;generic;inn;;;
922163375;MIMIR MEDIA TECH AS;18;;Utvikle programvare for bruk knyttet til video og videoanalyse med A.I og kognitive tjenester.;specific;bruk knyttet kognitive video videoanalyse;games/media;;
925239070;MINDCARE AS;6;;Selge tjenester og varer innen mental helse og e-helsetjenester - og annet som naturlig sammenfaller med dette - samt deltakelse i andre selskaper, investeringer og nærliggende virksomhet.;specific;deltakelse e-helsetjenester enfaller helse mental nærliggende selskaper varer;real estate/investment;;
943098557;MINTRA AS;53;www.mintra.com;Å drive rådgivning, konsulentvirksomhet og produksjon av datastøttet opplæring og multimedia.;specific;datastøttet multimedia opplæring;consulting/staffing;;
913460197;MINUS (-) AS;12;;Programmering. Konsulenttjenester innen IT.;generic;ering progra;consulting/staffing;;
927192322;MITIGRATE AS;5;www.mitigrate.com;Utvikling av salg og programvarer, samt annen virksomhet som naturlig hører sammen med dette, herunder eierskap i andre selskaper.;generic;eierskap selskaper;;;
922935815;MOBAI AS;34;www.mobai.bio;å utvikle og tilby IKT-løsninger og alt som naturlig hører til dette.;generic;ikt-løsninger tilby;;;
919371625;MOBYDO AS;6;www.mobydo.no;IT, programvare utvikling og drift. Konsulentvirksomhet.;boilerplate;;consulting/staffing;;
930380008;MODISH AS;9;;Utvikling og salg av programvare for digital annonsering og kommunikasjon til retail og andre bedrifter med behov for digital kundedialog.;specific;annonsering behov digital kundedialog retail unikasjon;;;
915161804;MOJOB NORGE AS;5;mojob.io;Salg og utvikling av programvare, rådgivning og alt annet som står i denne forbindelse.;generic;denne;consulting/staffing;;
929081838;MOLENDO AS;30;;Utvikling av software til fakturering, bemanningsbyrå - utleie av personell, internetttjenester.;specific;bemanningsbyrå fakturering internetttjenester personell;consulting/staffing;;
912580857;MOTITECH AS;13;www.motitech.no;Utvikling og salg av teknologi og teknisk utstyr.;generic;teknisk utstyr;hardware/electronics;;
912452395;MOTIVATI AS;7;www.motivati.no;IKT. Omsetning og utvikling av et nettbasert lederverktøy med tilhørende rådgvining.;specific;lederverktøy nettbasert omsetning rådgvining tilhørende;;;
931651412;MOUNT AS;8;;Utvikle og selge software for rapportering av bærekraftsregnskap.;generic;bærekraftsregnskap rapportering;;;
820397592;MUDAH AS;10;;Digitale rapporterings verktøy samt utvikling og oppfølging av disse og alt som står i forbindelse med dette.;specific;digitale disse oppfølging rapporterings verktøy;;;
920346847;MUSTASJ AS;5;;Grafiske tjenester til bedrifter og privatpersoner, samt det som naturlig står i tilknytning til dette.;generic;grafiske privatpersoner;;;
928781593;MUYBRIDGE AS;32;;Programmeringstjenester.;generic;eringstjenester progra;;;
997780973;MYKID AS;8;mykid.no;Skal drive med produktutvikling av internettbaserte produkter og løsninger, handel og annet som står i den forbindelse.;generic;internettbaserte produktutvikling;;;
979775377;MYNEWSDESK AS;6;;Kompetanseselskap som tibyr tjenester innen strategisk bruk av IT, fortrinnsvis til norske bedrifter. Selskapets fokus er Internettrelaterte tjenester.;specific;bruk fokus fortrinnsvis internettrelaterte kompetanseselskap norske strategisk tibyr;;;
912663272;MYWORKOUT AS;8;www.myworkout.no;Drift av treningssenter og treningsveiledning. Salg av treningsutstyr. Utvikling og salg av helsetjenester. Investering i aksjer og andeler.;specific;helsetjenester treningssenter treningsutstyr treningsveiledning;operations/hosting, real estate/investment;;
927043726;MØRE CONTROL AS;5;;Edb-basert virksomhet innen automasjonstjenester og systemleveranser.;specific;automasjonstjenester edb-basert systemleveranser;;;
929502752;NABOGO AS;8;nabogo.com;Utvikling av IT-løsninger.;boilerplate;;;;
920821561;NAEVA AS;16;;Utvikling av hardware og software og det som medfølger. Salg til B2B marked og det som medfølger.;specific;edfølger hardware marked;hardware/electronics;;
931107933;NATIVE TEAMS NORGE AS;11;;Tilby grunnleggende programvareverktøy for å administrere eksterne arbeidere som jobber utenfor et kontormiljø.;specific;administrere arbeidere eksterne grunnleggende jobber kontormiljø programvareverktøy tilby utenfor;;;
927347407;NAVIO MOBILITY GROUP AS;6;;Programvareutvikling.;boilerplate;;;;
997074327;NAVTOR AS;126;www.navtor.com;Å investere i, utvikle, drifte og selge produkter og tjenester i tilknytning til elektroniske navigasjonsdata for maritim anvendelse, samt alt som står i forbindelse med dette.;specific;anvendelse elektroniske investere maritim navigasjonsdata;;;
913062612;NEC ONCOIMMUNITY AS;33;;Forske, utvikle, kommersialisere og selge metoder, tjenester og produkter innen medisinsk software.;specific;ersialisere forske medisinsk metoder;;;
917577293;NECTO AS;13;;Konstruksjon og installasjon av kontrollsystemer med tilhørende programvare.;specific;installasjon konstruksjon kontrollsystemer tilhørende;;;
992684127;NEETLY AS;14;www.neetly.no;It-utvikling, utvikling av applikasjoner for web, funksjonalitet for websider, digitale løsninger for betaling, autentifisering og verifisering, grafisk design, ux-design, designledelse. Utarbeiding av tekst og foto, bøker og publikasjoner.;specific;applikasjoner autentifisering betaling bøker design designledelse digitale foto funksjonalitet grafisk it-utvikling publikasjoner tekst utarbeiding ux-design verifisering web websider;product/SaaS;;
919041021;NEONOMICS AS;17;www.neonomics.io;Utvikling av teknologiske løsninger, rådgivningstjenester, investeringer og andre tjenester tilknyttet bank og finans. Selskapet kan eie andeler i andre virksomheter, eiendom og bedrive handel i verdipapirer.;specific;bank bedrive eie finans rådgivningstjenester teknologiske verdipapirer;consulting/staffing, real estate/investment;;
933406288;NEOWIT SOFTWARE AS;9;;Programmering.;generic;ering progra;;;
997188829;NEPTUNE SOFTWARE AS;33;;Utvikling, markedsføring og salg av programvare og relaterte produkter og tjenester.;boilerplate;;;;
914358973;NETLAB AS;8;;Tjenesteyting, konsulentvirksomhet, IT programmering.;generic;ering progra;consulting/staffing;;
983501605;NETLIFE AS;21;;Utvikling av internettenester, samt verksemd med tilknytning til dette, her medrekna deltaking i andre selskap med liknande verksemd.;specific;deltaking her internettenester liknande medrekna verksemd;;;
990648085;NETPOWER BUSINESS SOLUTIONS AS;24;www.netpower.no;Programmering.;generic;ering progra;;;
982375681;NETPOWER IT SOLUTIONS AS;15;www.netpower.no;Levere datalagringstjenester og serverdrift. I tillegg vil det drive med IT konsulenttjenster i tilknytning til hovedformålet.;specific;datalagringstjenester hovedformålet konsulenttjenster serverdrift tillegg;consulting/staffing;;
981603702;NETPOWER WEB SOLUTIONS AS;14;www.netpower.no;Salg av internett og andre datakommunikasjonsløsninger, konsulentvirksomhet, programutvikling, deltakelse i andre virksomheter.;specific;datako deltakelse internett programutvikling unikasjonsløsninger;consulting/staffing;;
916163576;NETTBRYGGA AS;5;nettbrygga.no;IT: Programmering;generic;ering progra;;;
890619312;NEXTCOM NORGE AS;9;nextcomevolution.com;Utvikle og selge programvare beregnet på virksomhetsstyring og virksomhetsoppfølging. Selskapet kan dessuten investere i andre virksomheter.;specific;beregnet dessuten investere virksomhetsoppfølging virksomhetsstyring;;;
930238791;NIMMO AS;7;;Programmering. Konsulenttjenester innen IT. Drift av web-portaler.;specific;ering progra web-portaler;consulting/staffing, operations/hosting;;
815716272;NO ISOLATION AS;22;www.noisolation.com;IKT: hardwareproduksjon og softwareutvikling.;generic;hardwareproduksjon softwareutvikling;;;
995743566;NOA IGNITE AS;119;;Utvikling av løsninger og tjenester innenfor e-business for bedriftsmarkedet og alt hva herunder står i forbindelse, herunder deltagelse og interesser i andre selskaper.;specific;bedriftsmarkedet deltagelse e-business interesser selskaper;;;
996858626;NOFENCE AS;86;www.nofence.no;Research og produktutvikling innen elektronikk, samt grossist og detaljsalg som fjernsalg av spesialisert utstyr mot næringslivet. Videre å investere i aksjer og andeler, i fast eiendom og deltakelse i annen virksomhet;specific;deltakelse detaljsalg elektronikk fast fjernsalg grossist investere næringslivet produktutvikling research spesialisert utstyr videre;hardware/electronics, real estate/investment;;
932548399;NOORA NET AS;7;;Programmering.;generic;ering progra;;;
961955866;NORBIT APTOMAR AS;7;;Drive konsulentvirksomhet og beslektede virksomheter.;generic;beslektede;consulting/staffing;;
994469312;NORBIT CONNECTIVITY NORWAY AS;21;www.norbit.com;Utvikling, bearbeidelse, produksjon og omsetning av teknologiløsninger til intelligente trafikksystemer (f.eks. innkrevingssystemer, styringssystemer, bompengløsninger, mv).;specific;bearbeidelse bompengløsninger eks innkrevingssystemer intelligente omsetning styringssystemer teknologiløsninger trafikksystemer;;;
982528054;NORBITS AS;16;;Utvikling av programvare, kjøp og salg av datautstyr. Konsulent- og kursvirksomhet innen EDB, samt deltagelse i andre firmaer i same bransje.;specific;bransje datautstyr deltagelse firmaer konsulent- kursvirksomhet same;consulting/staffing;;
994272209;NORDLO GRENLAND AS;15;www.netsense.no;Utvikling, salg og leveranser av datasystemer, eierandeler i selskaper som driver med tilsvarende. Annen konsulentvirksomhet tilknyttet system og programvare.;generic;eierandeler selskaper;consulting/staffing;;
912355233;NORIGIN MEDIA AS;18;;Tjenester knyttet til digital formidling av multimedia.;specific;digital formidling knyttet multimedia;;;
996752879;NORIK AS;5;www.norik.no;Utvikling og salg av programvare og tilgang, samt utleie av serverplass for foretak som er underlagt internkontrollforskriften.;specific;foretak internkontrollforskriften serverplass tilgang underlagt;;;
928657043;NORKON AS;11;www.norkon.net;Utvikle, produsere og selge digitale tjenester, samt annet som forbindes naturlig med dette.;generic;digitale forbindes;;;
918158073;NORS CARE AS;16;;Å levere helserelatert programvare og tjenester, samt andre tjenester/produkter som naturlig faller sammen med dette, herunder å delta i andre selskaper med lignende virksomhet, kjøp og salg av aksjer, eller på annen måte gjøre seg interessert i andre foretagender.;specific;faller foretagender gjøre helserelatert interessert måte seg;real estate/investment;;
921192622;NORSE FEEDBACK AS;11;;Utvikling, salg og formidling av kunnskap om system for pasientprofiler innen psykisk helse og annet relatert til dette.;specific;formidling helse kunnskap pasientprofiler psykisk;;;
983509487;NORSK TEST AS;11;www.norsktest.no;Effektivisere gjennomføring, sensur og administrasjon av tester på menneskelige ferdigheter og kompetanse, ved å tilby utvikling, administrasjon og vedlikehold av tilpassede automatiserte testsystemer, samt deltakelse i andre selskaper som driver lignende virksomhet.;specific;administrasjon automatiserte deltakelse effektivisere ferdigheter gjennomføring kompetanse menneskelige selskaper sensur tester testsystemer tilby tilpassede;;;
932320061;NOTELESS AS;27;;Programmering.;generic;ering progra;;;
932570556;NOVEM AS;6;;Programmering.;generic;ering progra;;;
917717885;NOVORENDER AS;12;;Konsulent og software utvikling innen 3D håndtering og hva som naturlig tilhører dette.;generic;håndtering tilhører;consulting/staffing;;
979306725;NSHIFT GROUP AS;11;www.consignor.com;Utvikling og markedsføring av sotware samt annet som står i den forbindelse.;generic;sotware;;;
911842742;NSN AS;6;www.nsn.no;Salg, utvikling, distribusjon, produksjon av internett- web- og CMS løsninger og systemer, webdesign, rådgivning, og opplæringsaktiviteter.;specific;cms distribusjon internett- opplæringsaktiviteter web- webdesign;consulting/staffing;;
992036079;NTT DATA BUSINESS SOLUTIONS AS;64;www.nttdata-solutions.com/no/;SAP-rådgivning og implementering.;generic;implementering sap-rådgivning;consulting/staffing;;
914869757;NUROFY AS;9;www.nurofy.no/;Utvikle webside som markedsfører produkter gjennom sosiale media. Innovasjonsprosjekter knyttet til nisjer og investeringer.;specific;arkedsfører gjennom innovasjonsprosjekter knyttet media nisjer sosiale webside;games/media, real estate/investment;;
922775362;NUTANIX NORWAY AS;7;;Markedsføring og forhåndssalgsstøtte i forbindelse med distribusjon av virutelle dataplattformer, både maskinvare og programvare, til kunder i Norge, samt det som står i naturlig forbindelse med dette.;specific;dataplattformer distribusjon forhåndssalgsstøtte maskinvare virutelle;hardware/electronics;;
833663852;NUTO AS;6;;Programmering.;generic;ering progra;;;
825181482;OCEAN ACCESS AS;10;;Utvikling, produksjon og salg av teknologiske løsninger for kommunikasjon og overføring av data fra havet, samt andre produkter som naturlig faller sammen med dette.;specific;faller havet overføring teknologiske unikasjon;;;
921318308;OCEAN SPACE ACOUSTICS AS;6;www.osac.no;Utvikle, markedsføre og selge transpondere, programvare og tilknyttede tjenester for undervannsakustikk. De bransjer selskapet i første rekke retter seg mot er fiskeri, oppdrett og offshore energi.;specific;bransjer energi fiskeri første markedsføre offshore oppdrett rekke retter seg tilknyttede transpondere undervannsakustikk;;;
927939460;ODA GROUP SERVICES AS;151;;Utvikling av teknologi og løsninger for nettsalg, produksjon og distribusjon av dagligvarer på nett og tilstøtende varegrupper, samt ulike konserninterne tjenester i denne anledning.;specific;anledning dagligvarer denne distribusjon konserninterne nett nettsalg tilstøtende varegrupper;;;
831930772;ODINS.AI AS;10;;Programmering.;generic;ering progra;;;
920411029;OHDOKI AS;17;;Design, utvikling, produksjon og distribusjon av IOT enheter.;specific;design distribusjon enheter iot;;;
998859247;OIIKU AS;7;;Utvikling og salg av programvare, konsulent- og rådgivningstjenester hovedsakelig rettet mot eventbransjen.;specific;eventbransjen konsulent- rettet rådgivningstjenester;consulting/staffing;;
928166430;OKTETT AS;20;;Programmering.;generic;ering progra;;;
995359448;OLAVSTOPPEN AS;78;www.olavstoppen.no;Konsulenttjenester innen kommunikasjons- og IT-sektoren og hva hermed står i forbindelse, samt deltakelse i slike selskaper.;specific;deltakelse it-sektoren selskaper slike unikasjons-;consulting/staffing;;
916162839;OLIASOFT AS;49;www.oliasoft.com;Utvikling av software til olje- og gassnæringen.;generic;gassnæringen olje-;;;
998138833;OMDA AS;61;;Eie aksjer eller andeler i andre selskaper, samt alt som står i forbindelse med dette.;generic;eie selskaper;real estate/investment;;
816739322;OMEGA 365 CORE AS;33;;Virksomheten selger og leverer IT løsninger og programvare til slutt kunde, som typisk er bedrifter og offentlige virksomheter. Virksomheten selger både kompetanse(arbeidstimer) og programvare lisenser.;specific;arbeidstimer kompetanse leverer lisenser selger slutt typisk;product/SaaS;;
979679416;OMEGA 365 DESIGN AS;15;www.filterdk.no;Kommunikasjonstenester: utvikling og drift av nettsider, produksjon av aviser og magasin, rådgjeving sosiale medium, grafisk profil, trykksaker, mm.;specific;aviser grafisk magasin medium nettsider profil rådgjeving sosiale trykksaker unikasjonstenester;operations/hosting;;
917518238;OMEGA 365 NORWAY AS;322;;Utvikling av data programvare for salg til kunder. Drift og vedlikehold av data programvare og IT systemer for og til kunder. Salg av konsulent tjenester knyttet til programvare og IT systemer.;generic;knyttet;consulting/staffing;;
919627816;OMNIUM AS;28;www.omnium.no;Programvareutvikling.;boilerplate;;;;
928957063;OMNY AS;48;;Utvikling av og investeringer i andre selskaper, samt alt som står i naturlig forbindelse med forannevnte virksomheter.;generic;forannevnte selskaper;real estate/investment;;
835302172;ONE2MANY NORWAY AS;19;;Utvikling, salg og service av programvare, direkte eller gjennom annet selskap.;generic;direkte gjennom;;;
927033526;ONLOG AS;6;;IT, utvikling og handel med software og tilknyttede tjenester.;generic;tilknyttede;;;
989524879;ONTIME NETWORKS AS;35;www.ontimenet.com;Utvikle og selge nettverkkomponenter for miljøkrevende anvendelser og hermed naturlig forbundet virksomhet.;specific;anvendelser forbundet miljøkrevende nettverkkomponenter;operations/hosting;;
824948232;ONWORK AS;11;www.onwork.no;Utvikling og salg av software til næringslivet nasjonalt og globalt.;specific;globalt nasjonalt næringslivet;;;
916368127;OPERA NORWAY AS;82;;Utvikle, produsere og selge programvare og tilhørende tjenester, samt hva hermed står i forbindelse, herunder å delta i andre selskaper og annen virksomhet med tilsvarende formål.;generic;tilhørende;;;
985745064;OPSCOM SYSTEMS AS;9;www.opscomsystems.com;Utvikling og drift av web-baserte løsninger for eiendomsdrift.;generic;eiendomsdrift web-baserte;operations/hosting, real estate/investment;;
934953088;OPTIFISH AS;5;;Programvareutvikling. Rådgivning innen industri.;generic;industri;consulting/staffing;;
991304371;OPTIMAL LOGISTICS AS;8;;Utvikling og salg av programvare for logistikkoptimalisering, samt salg av konsulenttjenester knyttet til dette.;generic;knyttet logistikkoptimalisering;consulting/staffing;;
914458412;OPTIMEERING AQUA AS;8;;Utvikling og salg av programvare for havbruksnæringen og andre produkter som naturlig faller sammen med dette, feks rådgiving og support.;specific;faller feks havbruksnæringen support;consulting/staffing;;
927981572;OPTINN AS;7;;Programvareutvikling og tjenesteutvikling innen, men ikke begrenset til, markedssystemer, analyse, automatiserte prosesser og løsninger for databehandling.;specific;analyse automatiserte begrenset databehandling ikke markedssystemer men prosesser tjenesteutvikling;;;
991870717;OPTION AS;9;www.option.no;Utvikling og drift av egne IT løsninger. Løsningene som utvikles og driftes er spesialtilpasset ekstreme driftsmiljø, eksempelvis offshore installasjoner, skip og andre avsidesliggende områder i både innland og utland.;specific;avsidesliggende driftes driftsmiljø egne eksempelvis ekstreme innland installasjoner løsningene offshore områder skip spesialtilpasset utland utvikles;operations/hosting;;
979808224;OPTIONS AS;7;;Produktutvikling, markedsføring og salg av informasjon.;generic;informasjon produktutvikling;;;
918785892;ORGBRAIN AS;10;orgbrain.no;Utvikling og utgivelse av programvare, levering av tilhørende tjenester, medvirke i andre selskaper samt annet som hører naturlig til dette.;specific;levering medvirke selskaper tilhørende utgivelse;;;
924486015;ORGBRAIN SOLUTIONS AS;18;;Utvikling og utgivelse av programvare, levering av tilhørende tjenester, medvirke i andre selskaper samt annet som hører naturlig til dette.;specific;levering medvirke selskaper tilhørende utgivelse;;;
918494480;ORIGIN AS;11;;Programmeringstjenester og konsulentvirksomhet knyttet til informasjonsteknologi.;specific;eringstjenester knyttet progra;consulting/staffing;;
933786439;ORTELIU AS;5;;Programmering. Drift av web-portaler.;specific;ering progra web-portaler;operations/hosting;;
987067357;OSC AS;43;www.osc.no;Eie og drive en simulator for offshoreoperasjoner, samt virksomhet som er forbundet med dette.;specific;eie forbundet offshoreoperasjoner simulator;;;
930512796;OTEE AS;9;;B2B SaaS til bruk for industriell styring og kontroll.;specific;bruk industriell kontroll saas styring;product/SaaS;;
924527676;OVERO AS;10;;Programvareutvikling.;boilerplate;;;;
918195343;OWNERSROOM AS;5;;Utvikling og salg av programvare, samt virksomhet som naturlig grenser til dette.;generic;grenser;;;
933709434;PALDO AS;5;;Programmering.;generic;ering progra;;;
931840541;PARAL DYNAMIC AS;8;;Programmering.;generic;ering progra;;;
923210423;PARKLY AS;25;;Dataprogrammeringstjenester. Drift av parkeringsplasser og parkeringshus. Annet installasjonsarbeid bygg og anlegg.;specific;anlegg bygg dataprogra eringstjenester installasjonsarbeid parkeringshus parkeringsplasser;operations/hosting;;
922590265;PARQIO AS;5;www.parqio.com;Mobilbasert tilgangskontroll av parkeringsgarasjer. Digital markedsplass for utleie av garasjeplasser.;specific;digital garasjeplasser markedsplass mobilbasert parkeringsgarasjer tilgangskontroll;;;
936106129;PCK AS;8;;Utvikling og handel av software og EDB-tjenester, samt det som naturlig hører sammen med dette, herunder også deltagelse i annen virksomhet.;generic;deltagelse;;;
928940837;PDI AS;5;;Trading og investeringer i aksjer, valuta, obligasjoner og derivater.;specific;derivater obligasjoner trading valuta;real estate/investment;;
919062517;PEAR AS;5;;Salg av konsulenttjenester innen markedsføring og salg på internett, utvikling av internett-løsninger samt markedsføring på sosiale medier. I tillegg har selskapet som formål å drive salg av tjenester og andre produkter som naturlig faller sammen med dette, herunder å delta i andre selskaper med lignende virksomhet, kjøp og salg av aksjer, eller på annen måte gjøre seg interessert i andre foretagender.;specific;faller foretagender gjøre har interessert internett internett-løsninger medier måte seg sosiale tillegg;consulting/staffing, real estate/investment;;
918777474;PEARL NORGE AS;113;www.pearlgroup.no;Salg av rådgivningstjenester og andre produkter og tjenester som naturlig faller sammen med dette, herunder å delta i andre selskaper med lignende virksomhet, kjøp og salg av aksjer, eller på annen måte gjøre seg interessert i andre foretagender.;specific;faller foretagender gjøre interessert måte rådgivningstjenester seg;consulting/staffing, real estate/investment;;
996957195;PEARLCONVERT AS;21;www.convert.no;Tilby utvikling og drift av nettbutikker, web- og mobilapplikasjoner, samt rådgivningstjenester og tilhørende tjenester for bedriftsmarkedet.;specific;bedriftsmarkedet mobilapplikasjoner nettbutikker rådgivningstjenester tilby tilhørende web-;consulting/staffing, operations/hosting;;
881559692;PELOTON NORWAY AS;6;www.exprosoft.com;Dataprogrammeringstjenester.;generic;dataprogra eringstjenester;;;
914255805;PERSON-AIZ AS;5;www.listenas.com;Utvikling og salg av IKT løsninger.;boilerplate;;;;
819850232;PEXIP AS;78;;Å drive virksomhet innenfor forskning, utvikling, drift og salg av telekommunikasjonstjenester og telekommunikasjonsløsninger, investering i andre selskaper og alt som står i forbindelse med de forannevnte virksomheter.;specific;forannevnte forskning selskaper teleko unikasjonsløsninger unikasjonstjenester;real estate/investment;;
919483067;PIONEER ROBOTICS AS;17;;Utvikle og selge total tekniske løsninger. Selskapet skal være problemløser og samarbeidspartner for robotisering av prosesser og ta hånd om alle disipliner gjennom levering, drift og vedlikehold, samt annen virksomhet som står i nær sammenheng med dette.;specific;disipliner enheng gjennom hånd levering nær problemløser prosesser robotisering samarbeidspartner tekniske total være;;;
993425575;PIONS AS;11;www.pions.no;Utvikling, produksjon og salg av løsninger for bruk innenfor oljesektoren med all naturlig tilhørende virksomhet.;specific;bruk oljesektoren tilhørende;;;
934930150;PISCADA AQUA AS;12;;Investere i, eie og utvikle andre selskaper og alt som står i forbindelse med dette.;specific;eie investere selskaper;;;
994250698;PISCADA AS;21;;Utvikling og salg av dataprogramvare.;generic;dataprogramvare;;;
929575717;PISTACHIO AS;27;;Programmeringstjenester.;generic;eringstjenester progra;;;
929868811;PIXFORK GAMES AS;5;;Utvikle, produsere og distribuere dataspill og andre audiovisuelle produksjoner.;specific;audiovisuelle dataspill distribuere produksjoner;;;
812664522;PIXOTOPE TECHNOLOGIES AS;24;;Selskapet har fokus på å utvikle fremtidige løsninger innenfor interaktiv TV, shopping og spill/underholdning og det som naturlig knytter seg til dette.;specific;fokus fremtidige har interaktiv knytter seg shopping spill underholdning;games/media;;
921550049;PLACEPOINT AS;31;placepoint.no;Produsere, sammenstille og presentere informasjon om det norske eiendomsmarkedet til bruk i eiendomsutviklingsprosjekter. Videre ytes konsulentvirksomhet i tillegg til kjøp og salg av andeler i andre selskaper, samt naturlig tilhørende virksomhet.;specific;bruk eiendomsmarkedet eiendomsutviklingsprosjekter enstille informasjon norske presentere selskaper tilhørende tillegg videre ytes;consulting/staffing, real estate/investment;;
912179559;PLANDAY NORWAY AS;14;www.planday.com;IT-virksomhet som utvikler og leverer programvare.;generic;it-virksomhet leverer;;;
995073064;PLATA CAPITAL EUROPE AS;6;www.settle.eu;Utvikling av betalingssystemer og virksomhet tilknyttet dette.;generic;betalingssystemer;;;
920800211;PLEJD AS;16;;Utvikling av maskinvare, applikasjoner og systemer i underholdnings- og komfortelektronikk, for eksempel TV, stereo, belysningskontroll og installasjon og konsultasjon av relaterte systemer og relatert virksomhet.;specific;applikasjoner belysningskontroll eksempel installasjon komfortelektronikk konsultasjon maskinvare stereo underholdnings-;product/SaaS, hardware/electronics;;
924898127;PLAACE AS;8;;Utvikle og selge programvare til eiendoms-, restaurant- og varehandelsbransjen, og andre bransjer der selskapets programvare kan benyttes. Programvaren tilgjengeliggjøres som en skyløsning og selges direkte over web eller selgere og via partnere. Tilgrensende tjenester som rådgivning vil kunne leveres.;specific;benyttes bransjer der direkte eiendoms- kunne leveres over partnere programvaren restaurant- selgere selges skyløsning tilgjengeliggjøres tilgrensende varehandelsbransjen via web;product/SaaS, consulting/staffing, real estate/investment;;
927654334;PODIMO NORWAY AS;17;;Utvikle og utbygge en digital løsning for podcast samt annen tilhørende virksomhet, innholdslisensiering og markedsføring.;specific;digital innholdslisensiering podcast tilhørende utbygge;;;
912721825;POINT TAKEN AS;82;www.pointtaken.no;Drive konsulentvirksomhet knyttet til IT.;generic;knyttet;consulting/staffing;;
919694475;PORTAL NORGE AS;7;;Programmeringstjenester.;generic;eringstjenester progra;;;
928056910;PORTALO AS;6;www.portalo.no/;Investere, eie og forvalte aksjer i andre selskaper, utvikling, drift og salg av IT-systemer, salg av konsulenttjenester, rådgivningstjenester eller på annen måte gjøre seg interessert i andre foretagender.;specific;eie foretagender forvalte gjøre interessert investere it-systemer måte rådgivningstjenester seg selskaper;consulting/staffing, real estate/investment;;
982296722;POSICOM AS;5;www.posicom.no;Utvikling, produksjon og salg av informasjons- og kommunikasjonssystemer.;generic;informasjons- unikasjonssystemer;;;
912787281;PREMAS AS;12;;Programvareutvikling salg av programvare.;boilerplate;;;;
918843957;PREPPIO AS;5;;Programmeringstjenester og annet som naturlig faller med dette.;specific;eringstjenester faller progra;;;
985331219;PRESIGHT SOLUTIONS AS;15;www.presight.com;Utvikling av internett løsninger herunder all virksomhet tilknyttet e-business, internett applikasjoner og handelsløsninger, virksomhetstyring, agenturvirksomhet og opplæring samt deltakelse i selskaper med liknende virksomhet.;specific;agenturvirksomhet applikasjoner deltakelse e-business handelsløsninger internett liknende opplæring selskaper virksomhetstyring;product/SaaS;;
981687558;PREVAS AS;12;www.prevas.no;Salg, konsulenttjenester, programutvikling samt hva som står i forbindelse med dette, herunder deltagelse i andre selskaper.;generic;programutvikling;consulting/staffing;;
936300952;PREVISE TECHNOLOGIES AS;7;;Programvareutvikling.;boilerplate;;;;
912719103;PRIDOK AS;28;;Utvikling av software for helsetjenesten.;generic;helsetjenesten;;;
912192334;PROACTIMA SOLUTIONS AS;7;;Utvikling, salg og konsulenttjenester innen IT.;boilerplate;;consulting/staffing;;
935454255;PRODTEX NORGE AS;12;;Utvikling og salg av programvare og produksjonsutstyr til produksjonsindustrien, med formål å rasjonalisere produksjonsprosesser. Levere tilhørende konsulenttjenester. Jobber internasjonalt mot produksjonsbedrifter.;specific;internasjonalt jobber produksjonsbedrifter produksjonsindustrien produksjonsprosesser produksjonsutstyr rasjonalisere tilhørende;consulting/staffing;;
926185314;PROJECTX AS;17;;Utvikle og selge programvare til private og bedrifter.;boilerplate;;;;
926624040;PROMODUL AS;6;;Utvikling og salg av programvare.;boilerplate;;;;
989480138;PROMON AS;75;www.promon.no;Utvikling og kommersialisering av sikkerhetsteknologi.;generic;ersialisering sikkerhetsteknologi;;;
922409765;PROPELY TECHNOLOGIES AS;24;;Utvikling og salg av programvare til eiendomsbransjen.;generic;eiendomsbransjen;real estate/investment;;
926312537;PROPR AS;12;;Digital tjenesteyting. Lage og drive en elektronisk plattform som bistår selgere i salgsprosesser, og annet som står i naturlig forbindelse med dette.;specific;bistår digital elektronisk lage plattform salgsprosesser selgere;product/SaaS;;
897658372;PROSESSPILOTENE AS;69;www.prosesspilotene.no;Konsulentvirksomhet tilknyttet informasjonsteknologi, programmeringstjenester, bedriftsrådgivning og annen administrativ rådgivning, andre tjenester tilknyttet informasjonsteknologi og utleie av arbeidskraft.;specific;administrativ arbeidskraft bedriftsrådgivning eringstjenester progra;consulting/staffing;;
933203336;PROSPER AI AS;5;;Programmering.;generic;ering progra;;;
923780890;PROTENCON AS;22;;Utvikling av avanserte IT-systemer slik at virksomheter lettere kan etterleve sine compliance forpliktelser og gjennomføre alle sine aktiviteter i overensstemmelse med gjeldende lover, forskrifter og retningslinjer.;specific;aktiviteter avanserte compliance else etterleve forpliktelser forskrifter gjeldende gjennomføre it-systemer lettere lover overensste retningslinjer sine;;;
987667796;PROTERIA AS;27;;Enhver form for kjøp, salg og utvikling av dataløsninger, opplæring og kursvirksomhet, samt det som naturlig hører inn under dette, herunder deltakelse i andre selskaper.;specific;dataløsninger enhver form inn kursvirksomhet opplæring;;;
984794452;PROVENTUS AS;24;www.proventus.no;Salg av tjenester innen rådgivning, utvikling og implementering av IKT løsninger, samt programvare relatert til dette.;generic;implementering;consulting/staffing;;
874350672;PROWEB AS;8;www.proweb.no;Web design, utvikling, rådgivning.;generic;design web;consulting/staffing;;
921071418;PROXIMA CODE AS;10;www.proximacode.no;Utvikle og/ eller drifte programvare.;boilerplate;;;;
919276835;PSA SOLUTIONS AS;16;www.psaconsulting.com;Utvikling og salg av software og IT-systemer.;generic;it-systemer;;;
929782216;PURESERVICE AS;30;;Utvikling og salg av programvare IT. Konsulentvirksomhet innen IT.;boilerplate;;consulting/staffing;;
919278153;QBEE AS;6;www.qbee.io;Utvikling av programvare, salg av programvare, IKT konsulenttjenester;boilerplate;;consulting/staffing;;
824790132;QBIG AS;5;www.qbig.no;Utvikle kvalitetssystemer for regnskap og revisonsbransjen, konsulent i denne forbindelse.;specific;denne kvalitetssystemer regnskap revisonsbransjen;consulting/staffing;;
935112680;QRLAY AS;5;;Drive med forskning, utvikling og implementering av innovative teknologier innen IT, sikkerhet og digital infrastruktur.;specific;digital forskning implementering infrastruktur innovative sikkerhet teknologier;;;
981164660;QSYSTEMS RETAIL AS;8;;Handel og utleie av datautstyr.;generic;datautstyr;;;
915210600;QUANTFOLIO AS;13;quantfol.io;Programvare for kvantitativ porteføljeforvaltning.;generic;kvantitativ porteføljeforvaltning;;;
928051366;QUICK SYSTEMS AS;30;;Utvikling og salg av software.;boilerplate;;;;
919027304;RA DATA AS;5;;Internett-tjenester og programvareutvikling.;generic;internett-tjenester;;;
915842739;RACE TRACKER AS;8;racetracker.no;Fritid: leveranse av system som muligjør sanntids sporing av den enkelte utøvere i konkurranser ved hjelp av GPS-posisjoner.;specific;enkelte fritid gps-posisjoner hjelp konkurranser sanntids sporing uligjør utøvere;;;
927656485;RAIDHO GAMES AS;6;www.raidhogames.com;Utvikling av digitale spill.;generic;digitale spill;games/media;;
916118503;RAILCOMPLETE AS;8;;Utvikling, kjøp, drift, vedlikehold og salg av datasystemer.;boilerplate;;;;
954976807;RAM PENETRACE AS;7;;Programmeringstjenester;generic;eringstjenester progra;;;
995992566;RAMSALT LAB AS;10;ramsalt.com;Utvikling og drift av internettløsninger.;generic;internettløsninger;operations/hosting;;
931124293;RAPID DATA AS;8;;Investering i andre selskaper og virksomhet som står i forbindelse med dette.;generic;selskaper;real estate/investment;;
979949707;RAVN WEBVEVERIET AS;6;;Produsere tekniske og formale løsninger for bedrifter og organisasjoner i forbindelse med publisering av informasjon i elektronisk form samt alt som er relatert til dette.;specific;elektronisk form formale informasjon organisasjoner publisering tekniske;;;
929910109;RECEIPTS AS;6;www.receipts.no;Selv, gjennom hel eller deleide selskaper eller ved å samarbeide med andre selskaper, å utvikle, selge eller levere programvare/tjenester. Selskapet kan også engasjere seg i annen naturlig tilgrensende virksomhet.;specific;deleide engasjere gjennom hel samarbeide seg selskaper selv tilgrensende;;;
930743453;RED ROVER INTERACTIVE AS;14;;Utvikle og selge videospillprodukter. Dette inkluderer også utvikling og salg av underliggende teknologi som driver online videospill.;specific;inkluderer online underliggende videospill videospillprodukter;;;
927129639;REDUZER AS;12;reduzer.com;Selge tjenester og varer innen programvare, webløsninger, og rådgivning - og annet som naturlig sammenfaller med dette - samt deltakelse i andre selskaper, investeringer og nærliggende virksomhet.;specific;deltakelse enfaller nærliggende selskaper varer webløsninger;consulting/staffing, real estate/investment;;
923441328;REGIOX AS;5;;Utvikling av programvare og tjenesteløsninger, operasjoner med ubemannede fartøy, samt drift og utvikling av egne og andre selskapers digitale løsninger.;specific;digitale egne fartøy operasjoner selskapers tjenesteløsninger ubemannede;;;
921337817;REKNES AS;17;;Data/EDBrelatert aktivitet.;generic;aktivitet edbrelatert;;;
917352836;REMARKABLE AS;311;remarkable.com;IT: Design, utvikling og produksjon av software, hardware, webløsninger og tilleggsutstyr.;specific;design hardware tilleggsutstyr webløsninger;hardware/electronics;;
927994410;REMBRAIN AS;6;;Utvikling og salg av programvare og relaterte produkter, samt konsulenttjenester, relatert virksomhet og deltakelse i andre selskap.;generic;deltakelse;consulting/staffing;;
898353672;RENDRA AS;13;www.streambim.com;Utvikling og salg av dataprogramvare.;generic;dataprogramvare;;;
916310641;RENT A TENT UTLEIE AS;29;;Utvikling og salg av apper, utleie av utstyr og tjenester til arrangementer og andre produkter/tjenester som naturlig hører sammen med dette.;specific;apper arrangementer utstyr;product/SaaS, hardware/electronics;;
920028268;REOPE AS;5;;Utvikle og forhandle programvare for bruk innen bygg, anlegg og teknisk designvirksomhet, samt virksomhet som står i forbindelse med dette.;specific;anlegg bruk bygg designvirksomhet forhandle teknisk;;;
921244746;RETAILHUB AS;6;;Utvikling av en digital plattform (software as a service) som gjør det enkelt for mindre klesbutikker å få sin egen nettbutikk.;specific;digital egen enkelt gjør klesbutikker mindre nettbutikk plattform sin;product/SaaS;;
920958664;RETRAMS AS;5;;Utvikling og salg av digital teknologi og kompetanse innen lager og logistikkløsninger.;specific;digital kompetanse lager logistikkløsninger;;;
932758261;REVIVER AS;6;;Programmering. Drift av web-portaler.;specific;ering progra web-portaler;operations/hosting;;
934400321;REWIND AS;6;;Utvikling og salg av programvare. Tjenester for dekommisjonering, resirkulering og bærekraftrapportering til vindindustrien.;specific;bærekraftrapportering deko isjonering resirkulering vindindustrien;;;
933760979;RIFT DYNAMICS AS;12;;Utvikling av software og hardware knyttet til militær ubemannet luftfart.;specific;hardware knyttet luftfart militær ubemannet;hardware/electronics;;
933333345;RIPPLING NORWAY AS;26;;Konsulenttjenester innen IT. Drift av web-portaler. Programmering.;specific;ering progra web-portaler;consulting/staffing, operations/hosting;;
989163795;RIVERTY GROUP NORWAY AS;74;;Å utvikle og investere i IT-løsninger innen FinTech, å levere tjenester fra spesialistteam, samt bedrive annen virksomhet i tilknytning til dette.;specific;bedrive fintech investere spesialistteam;;;
925772364;ROADGUARD AS;12;;Utvikle og drifte trafikksikkerhets-teknologi.;generic;trafikksikkerhets-teknologi;;;
818872372;ROBOTIC INNOVATION AS;6;;Drive utvikling av mobile robotiserte prototyper, for deretter å standardisere de som produkt. Varen kan leveres til forskjellige bransjer.;specific;bransjer deretter forskjellige leveres mobile prototyper robotiserte standardisere varen;;;
989030760;ROCK POCKET AS;7;www.rockpocket.games;Utvikling og salg av dataspill og programvare. Kjøp og salg av konsulentvirksomhet og aksjer samt deltagelse i andre selskaper og virksomheter.;specific;dataspill deltagelse selskaper;consulting/staffing, real estate/investment;;
913919467;ROCS AS;9;rocs.no;IT system og markedstjenester.;generic;markedstjenester;;;
988353612;RUBBERDUCK DEV AS;7;www.rubberduck.no;Konsulentvirksomhet innenfor IT og Data. Konsernselskap for datterselskaper og dermed eie aksjer i datterselskapene.;specific;datterselskapene datterselskaper eie konsernselskap;consulting/staffing, real estate/investment;;
997444345;RUBYNOR AS;13;;Selskapets virksomhet er systemutvikling og konsulenttjenester, hovedsakelig av webbaserte systemer, samt investering og deltakelse i andre selskaper og det som naturlig hører inn under dette.;specific;deltakelse inn selskaper systemutvikling webbaserte;consulting/staffing, real estate/investment;;
927002183;RUNWELL AS;5;;Utvikle software produkt for kvalitet og HMS styring av restauranter og hoteller;specific;hms hoteller kvalitet restauranter styring;;;
867595392;RØDBOKA AS;5;www.rodboka.no;Levering av data til bilindustrien i form av feilfrie, markedsbetrodde verdivurderinger og prognoser for identifikasjon og spesifisering av kjøretøy, samt prissetting og fastsetting av verdi for kjøretøy.;specific;bilindustrien fastsetting feilfrie form identifikasjon kjøretøy levering markedsbetrodde prissetting prognoser spesifisering verdi verdivurderinger;;;
996229009;S&T NORWAY AS;11;www.stcorp.no;1) Utvikle, bruke og opprettholde programvare for ytelseskritiske systemer. 2) Utøve konsulenttjenester.   3) Tilby ekspertise i form av personell.   4) Starte nye virksomheter innen romfartsbransjen, olje- og gassindustrien, forskningsbransjen.;specific;bruke ekspertise form forskningsbransjen gassindustrien nye olje- opprettholde personell romfartsbransjen starte tilby utøve ytelseskritiske;consulting/staffing;;
921430027;SAGA MEDIA TECH AS;21;;Drive med investeringer innenfor og utvikling av IT-produkter, herunder app- og programvareutvikling samt deltakelse i andre foretak med tilsvarende virksomheter og annen virksomhet som faller naturlig sammen med dette.;specific;app- deltakelse faller foretak it-produkter;product/SaaS, real estate/investment;;
929669436;SAGA NORDIC AS;17;;Konsulentvirksomhet, utvikling og salg av programvare og videresalg av programvare.;generic;videresalg;consulting/staffing;;
918714529;SANITY AS;39;;Bygge og selge/lisensiere publikasjonsløsninger o.l. for internett.;specific;bygge internett lisensiere publikasjonsløsninger;product/SaaS;;
935103517;SANNA GROUP AS;22;;Programvareutvikling.;boilerplate;;;;
834400332;SATVISION SOFTWARE AS;9;;Utvikling, markedsføring og salg av programvare, samt konsulenttjenester som naturlig tilhører dette.;generic;tilhører;consulting/staffing;;
989364413;SAVE SOLUTIONS AS;12;www.savesolutions.no;Utvikling av programvare for avstemming, samt konsulentbistand på dette.;specific;avste ing konsulentbistand;consulting/staffing;;
925814385;SAVVY AS;15;;Rådgivnings- og konsulenttjenester med hovedvekt på programmering og design.;specific;design ering hovedvekt progra rådgivnings-;consulting/staffing;;
920766838;SAYFR AS;15;www.sayfr.com;Utvikle og tilby digitale produkter innen kultur og sikkerhet.;specific;digitale kultur sikkerhet tilby;;;
929917316;SB TECH AS;5;;Programmering, montering på maskiner, serviceoppdrag og konsulentvirksomhet. Andre oppgaver som står i nær tilknytning til det forannevnte. Deltagelse i annen virksomhet ved aksjekjøp eller lignende.;specific;aksjekjøp deltagelse ering forannevnte maskiner montering nær oppgaver progra serviceoppdrag;consulting/staffing;;
932166356;SCALE AQUACULTURE SOFTWARE AS;42;;Programmering.;generic;ering progra;;;
930099996;SCALEMEM AS;5;;Utvikling og salg av maskin- og programvare.;generic;maskin-;;;
815244672;SCANDINAVIAN REACH TECHNOLOGIES AS;11;www.scanreach.com;Utvikling av hardware og software for sikkerhetsløsninger.;generic;hardware sikkerhetsløsninger;hardware/electronics;;
933432165;SCHIBSTED MEDIA PRODUCTS & TECHNOLOGY AS;140;schibsted.com;Levere innloggingstjenester knyttet til eksterne leverandører av betalingstjenester og annen virksomhet som står i forbindelse dermed. Selskapet kan gjøre investeringer samt inneha eierandeler i andre selskaper.;specific;betalingstjenester eierandeler eksterne gjøre inneha innloggingstjenester knyttet leverandører selskaper;real estate/investment;;
992596996;SCREENPARTNER AS;5;;Salg av Web- og konsulenttjenester.;generic;web-;consulting/staffing;;
918111573;SCRIMBA AS;5;scrimba.com;Vi er et teknologiselskap som bygger en ny måte å lære tekniske fag audiovisuelt på internett. Vi skal bygge en digital plattform der folk kan lage og konsumere læringsinnhold.;specific;audiovisuelt bygge bygger der digital fag folk internett konsumere lage lære læringsinnhold måte plattform tekniske teknologiselskap;product/SaaS;;
922629447;SECLOUD AS;8;www.secloud.com;Softwareutvikling og konsulentvirksomhet innenfor GDPR og datasikkerhet samt enhver annen virksomhet i tilknytning til dette. Selskapet kan eie aksjer og andeler i andre selskaper.;specific;datasikkerhet eie enhver gdpr selskaper softwareutvikling;consulting/staffing, real estate/investment;;
919420197;SECURE PRACTICE AS;14;securepractice.no;Utvikling og salg av programvare og opplæringsmateriell for å bekjempe svindel og hacking, tilby sikre digitale tjenester, samt konsulenttjenester knyttet til dette.;specific;bekjempe digitale hacking knyttet opplæringsmateriell sikre svindel tilby;consulting/staffing;;
922089841;SEENTHIS NORWAY AS;13;;Utvikling og salg av applikasjoner innenfor IT, og annen beslektet virksomhet.;generic;applikasjoner beslektet;product/SaaS;;
925602108;SELVKLART AS;14;;Design og utvikling av IT-løsninger.;generic;design;;;
915085865;SEMINE AS;53;;Utvikling og salg av informasjonssystemer og regnskapssystemer.;generic;informasjonssystemer regnskapssystemer;;;
931193031;SENSA AS;6;;Programmering.;generic;ering progra;;;
919415223;SENSIO AS;165;sensio.io;Utvikle, designe, prosjektere og installere integrerte styringsanlegg med løsninger og tjenester hovedsakelig for bedriftsmarkedet.;specific;bedriftsmarkedet designe installere integrerte prosjektere styringsanlegg;;;
826475412;SENTISYSTEMS AS;9;;Å utvikle, tilby og støtte fleksible og brukervennlige hardware og software løsninger for integrert sensor data prosessering.;specific;brukervennlige fleksible hardware integrert prosessering sensor støtte tilby;hardware/electronics;;
992329831;SERIA AS;6;www.seria.no;Programvareutvikling. Drift av nettsider. APP utvikling. WEB-design. Digital markedsføring.;specific;app digital nettsider web-design;product/SaaS, operations/hosting;;
920848230;SERNOR AS;6;;Annen spesialitet innen nettverkssystemer, informasjonssystemer og tilknyttede produkter, herunder blant annet software og hardware, elektroniske produkter samt alt utstyr, tilbehør og andre produkter/tjenester som naturlig hører til dette, herunder å delta i andre selskap med lignende virksomhet, og kjøp og salg av aksjer eller på annen måte gjøre seg interessert i andre foretak. Selskapet kan også drive med kjøp/drift av fast eiendom.;specific;delta elektroniske fast foretak gjøre hardware informasjonssystemer interessert måte nettverkssystemer seg spesialitet tilbehør tilknyttede utstyr;hardware/electronics, operations/hosting, real estate/investment;;
914085837;SEVEN PEAKS NORWAY AS;5;;Produksjon av IT-programvare og relaterte tjenester, herunder produksjon av applikasjoner for telekommunikasjon. Virksomheten kan også bestå i deltagelse i andre virksomheter;specific;applikasjoner bestå deltagelse it-programvare teleko unikasjon;product/SaaS;;
926677780;SHAPEMAKER AS;5;;Utvikle og selge programvareprodukter for telekom, fornybar energi og AEC industri.;specific;aec energi fornybar industri programvareprodukter telekom;;;
817404502;SHAREFOX AS;10;;Utvikling og drift av programvare og tjenester knyttet til utleie av utstyr på nett. Utvikling av software plattform som tilbys til egen utleievirksomhet, samt tilbys som en software-as-a-service tjeneste til andre selskaper som driver utleie.;specific;egen knyttet nett plattform selskaper software-as-a-service tilbys utleievirksomhet utstyr;product/SaaS, hardware/electronics, operations/hosting;;
916235747;SHORT SHIFT AS;5;;Programvareutvikling. Programmering. Drift av web-portaler.;specific;ering progra web-portaler;operations/hosting;;
915087027;SICS SYSTEM AS;6;;Utvikling, installasjon, drift og salg av smarthusløsninger, styringssystemer og internettløsninger, samt konsulenttjenester tilhørende dette.;specific;installasjon internettløsninger smarthusløsninger styringssystemer tilhørende;consulting/staffing;;
998359767;SIKOM CONNECT AS;17;sikom.no;Utvikling og salg av programvarebaserte abonnementsjenester og tilhørende utstyr.;specific;abonnementsjenester programvarebaserte tilhørende utstyr;product/SaaS, hardware/electronics;;
922308055;SIKRI AS;106;sikri.no/;Drive virksomhet innenfor utvikling og investering i andre selskaper og alt som står i forbindelse med de forannevnte virksomheter.;generic;forannevnte selskaper;real estate/investment;;
981668294;SIMA AS;5;www.simasoftware.no;Utvikling og leveranse av programvare og tjenester.;boilerplate;;;;
918938877;SIMPLIFAI AS;12;www.simplifai.ai/;Programmering og webutviklingstjenester samt konsulenttjenester knyttet til maskinlæring og integrasjon av IT-løsninger og datateknologi.;specific;datateknologi ering integrasjon knyttet maskinlæring progra webutviklingstjenester;consulting/staffing;;
996574474;SINCOS SOFTWARE AS;10;24nettbutikk.no;Utvikling og salg av programvare.;boilerplate;;;;
825219102;SINEC SYSTEMS AS;8;;Utvikling og salg av IT-systemer. Tilhørende rådgivning og investeringer.;generic;it-systemer tilhørende;consulting/staffing, real estate/investment;;
932478102;SIX ROBOTICS AS;78;;Programmering.;generic;ering progra;;;
926188305;SKAGERRAK TECHNOLOGIES AS;11;;Utvikle og kommersialisere konsepter, merkevarer og white-label løsninger innenfor gaming.;specific;ersialisere gaming konsepter merkevarer white-label;games/media;;
991025022;SKALAR AS;14;;Å tilby tjenester og produkter innen IT.;generic;tilby;;;
920940188;SKIMORE AS;8;;Være en leverandør til alpinbransjen og da spesifikt til drivere av skianlegg. Selskapet vil selge en løsning for salg av heiskort og andre varer/tjenester i skianlegget. Selskapet er i hovedsak et IT selskap. Selskapet vil også søke å selge sin løsning til fornøyelsesparker.;specific;alpinbransjen drivere fornøyelsesparker heiskort hovedsak leverandør sin skianlegg skianlegget spesifikt søke varer være;;;
814054462;SKIPERFORMANCE AS;6;;Utvikle internettrelaterte tjenester og investeringer relatert til slik virksomhet.;generic;internettrelaterte;real estate/investment;;
916636660;SKIWO AS;7;www.skiwo.com;Holdingselskap. Programvareutvikling.;generic;holdingselskap;;;
918460101;SKOGEN UTVIKLING AS;17;;Webutvikling. Programmering, grafisk utvikling og design.;specific;design ering grafisk progra webutvikling;;;
930599824;SKYTALE AS;16;;Programvare utvikling, prosjekter, timebasert bistand.;generic;timebasert;;;
922607923;SKYTECH CONTROL AS;17;;Utvikle, drifte og selge ulike typer av data- og telekommunikasjonssystemer og konsulenttjenester, både nasjonalt og internasjonalt, samt å foreta investeringer i andre virksomheter og aktiviteter relatert til dette.;specific;aktiviteter data- foreta internasjonalt nasjonalt teleko unikasjonssystemer;consulting/staffing, real estate/investment;;
925730289;SKYTTEL AS;51;;Virksomhet relatert til systemløsninger, driftstjenester og kundetjenester innen betalingsformidling, innfordring og rapportering innen transportsektoren. I tillegg skal selskapet kunne tilby tilleggstjenester fra andre sektorer knyttet til selskapets teknologiske løsninger.;specific;betalingsformidling driftstjenester innfordring knyttet kundetjenester kunne rapportering sektorer systemløsninger teknologiske tilby tillegg tilleggstjenester transportsektoren;;;
914307465;SMART MEDIA AS;8;smartmedia.no;Utvikle, selge og levere programmeringstjenester, webtjenester og grafiske tjenester. Selskapet kan også engasjere seg i annen naturlig tilgrensende virksomhet.;specific;engasjere eringstjenester grafiske progra seg tilgrensende webtjenester;;;
988578932;SMARTDOK AS;66;www.smartdok.com;Utvikling av datasystemer.;boilerplate;;;;
916476507;SMARTORG AS;13;;Programmeringstjenester (Omfatter programutvikling, -endring, -test og -support med henblikk på å oppfylle en bestemt kundes behov: kundespesifisert programvare).;specific;behov bestemt endring eringstjenester henblikk kundes kundespesifisert omfatter oppfylle progra programutvikling support test;;;
934308603;SMARTTMS AS;5;;Selge og levere programvare og tjenester og annet som naturlig sammenfaller med dette.;generic;enfaller;;;
929481070;SNAPPY AS;6;;Applikasjonsutvikling, nettstedsadministrasjon, skylagring, nettstedstjenester, applikasjonstjenester.;specific;applikasjonstjenester applikasjonsutvikling nettstedsadministrasjon nettstedstjenester skylagring;product/SaaS;;
917790477;SNOWBALL DIGITAL AS;9;;Yte digitale tjenester til selskaper, så som utarbeidelse av hjemmesider, nettbutikker, digitale medier og publikasjoner.;specific;digitale esider hje medier nettbutikker publikasjoner selskaper utarbeidelse yte;;;
999007228;SOCO NORGE AS;72;www.soco.no;Konsulentvirksomhet, konsulenttjenester innen programutvikling og software testing.;generic;programutvikling testing;consulting/staffing;;
931706004;SOFTCAP AS;5;;Programmering. Drift av web-portaler. Konsulenttjenester innen IT.;specific;ering progra web-portaler;consulting/staffing, operations/hosting;;
991831436;SOLVER NORWAY AS;12;;Utvikling og salg av software. Salg av konsulenttjenester innen administrasjon/økonomi/IT. Import og distribusjon av software. Delta i andre selskaper med lignende virksomhet.;specific;administrasjon delta distribusjon selskaper økonomi;consulting/staffing;;
933322645;SOLWR SOFTWARE AS;49;www.solwr.com;Rådgivende virksomhet og handel, herunder formidling av produkter og tjenester innen data. Dessuten skal selskapet kunne kjøpe aksjer i innenlandske og utenlandske foretagender samt kjøp, salg og utleie av bygg og hva dermed står i forbindelse.;specific;bygg dessuten foretagender formidling innenlandske kjøpe kunne rådgivende utenlandske;consulting/staffing, real estate/investment;;
930185817;SONAT FIGMENT AS;5;;Programmering og annen virksomhet relatert til dette.;generic;ering progra;;;
928932214;SONETT AS;47;www.sonettdental.no;Utvikle og levere datatjenester til bruk for helsevesenet.;specific;bruk datatjenester helsevesenet;;;
922184534;SONITOR TECHNOLOGIES AS;37;;Utvikling, produksjon og salg av data- og radiotekniske produkter med naturlig tilbehør og det som dermed står i forbindelse, samt deltagelse i andre selskaper.;specific;data- deltagelse radiotekniske selskaper tilbehør;;;
933071618;SOOLV AS;5;;Programmering.;generic;ering progra;;;
916900201;SOUNDLY AS;11;;Salg av lydeffekter i egenutviklet programvare, samt lyd-, film- og musikkproduksjon og dertil hørende konsulentvirksomhet. Videre vil selskapet ha noe investeringsaktivitet innenfor eiendom og kjøp/salg av aksjer og verdipapirer.;specific;dertil egenutviklet film- hørende investeringsaktivitet lyd- lydeffekter musikkproduksjon noe verdipapirer videre;consulting/staffing, real estate/investment;;
922774692;SOUNDSENSING AS;6;soundsensing.no;Produksjon og salg av sensorer til støymåling, lisensiering av egenutviklet programvare, abbonement-basert data-analyse. Salg til bedrifter og offentlig sektor, samt direktesalg til forbrukere via nett.;specific;abbonement-basert data-analyse direktesalg egenutviklet forbrukere lisensiering nett offentlig sektor sensorer støymåling via;product/SaaS, hardware/electronics;;
913866185;SPECTAC AS;9;www.spectac.no;Utvikling, import og salg av elektroniske produkter. Kursvirksomhet. Salg av konsulent tjenester. Utleie av driftsmidler.;specific;driftsmidler elektroniske kursvirksomhet;consulting/staffing;;
913270193;SPESIALISTBEDRIFTEN AS;16;;Tjenesteytende virksomhet innen programmering, koding og digitalisering, og annet som naturlig faller sammen med dette, herunder å delta i andre selskaper med lignede virksomhet, kjøp og salg av aksjer, eller på annen måte gjøre seg interessert i andre foretagender. Selskapet skal fortrinnsvis ansette arbeidstakere med Asbergers syndrom, og utnytte de fortrinn arbeidstakere med denne diagnosen har.;specific;ansette arbeidstakere asbergers denne diagnosen digitalisering ering faller foretagender fortrinn fortrinnsvis gjøre har interessert koding lignede måte progra seg syndrom tjenesteytende utnytte;real estate/investment;;
998209218;SPOND AS;57;;Selskapets virksomhet er å gjøre det enkelt for grupper, lag, foreninger å delta i organisert aktivitet, gjennom å levere digitale verktøy for organisering, kommunikasjon og innsamling av midler til bestemte formål, eksempelvis til utstyr, uniformer, turneringer o.l.;specific;aktivitet bestemte delta digitale eksempelvis enkelt foreninger gjennom gjøre grupper innsamling lag midler organisering organisert turneringer uniformer unikasjon utstyr verktøy;hardware/electronics;;
932754843;SPORT AI AS;6;;Programmering.;generic;ering progra;;;
925971855;SPRINGBOARD ENERGY SYSTEMS AS;5;;Programmering og andre IT-baserte tjenester.;specific;ering it-baserte progra;;;
987307749;SQUAREHEAD TECHNOLOGY AS;80;;Utvikling og salg av systemer for lydopptak.;generic;lydopptak;;;
937224168;STENDR AS;9;;Utvikling av teknologi, programvare, maskinvare og systemer innen forsvar og sikkerhet.;specific;forsvar maskinvare sikkerhet;hardware/electronics;;
932052237;STIMLINE WELL INTERVENTION SYSTEMS AS;7;;Programmering.;generic;ering progra;;;
998327490;STIX UTVIKLING AS;6;www.stix.no;Programmeringstjenester.;generic;eringstjenester progra;;;
925395366;STORESHOP AS;5;;Utvikle og selge platform baserte tjenester for B2B netthandel.;specific;baserte netthandel platform;;;
927347288;STOREVIK IT AS;6;;IT- og sikkerhetstjenester og produkter i SMB-markedet.;specific;it- sikkerhetstjenester smb-markedet;;;
918330100;STRISE AS;30;;Programmeringstjenester.;generic;eringstjenester progra;;;
920990029;STUDIO X AS;5;;Programmeringstjenester, systemutvikling, apputvikling, ui/ux design, konseptutvikling, grafisk og visuell kommunikasjons, design, digitale tjenester, videoproduksjon, utleie videoutstyr.;specific;apputvikling design digitale eringstjenester grafisk konseptutvikling progra systemutvikling unikasjons videoproduksjon videoutstyr visuell;;;
982461715;STYREPLAN AS;5;www.styreplan.no;Utgivelse av programvare. Utgivelse av annen programvare, ikke spill.;specific;ikke spill utgivelse;games/media;;
915560008;STYRET.COM - IN THE BOX AS;7;;Utvikling av IT-tjenester, Drift av IT-tjenester.;boilerplate;;operations/hosting;;
927611929;STØ AS;276;www.stoe.no;Utvikling og leveranse av elektroniske ID- og betalingsløsninger.;specific;betalingsløsninger elektroniske id-;;;
930863165;SUBRITE AS;5;;Media og digitale tjenester.;generic;digitale media;games/media;;
933878805;SUPERCOMPANY AS;5;;Programmering.;generic;ering progra;;;
930747785;SURFNET AS;5;;Levere internettløsninger.;generic;internettløsninger;;;
931456237;SUSOFT AS;6;;Handel, merkantil konsulentvirksomhet, samt del- tagelse i andre selskaper ved aksjetegning eller på annen måte.;specific;aksjetegning del- merkantil måte selskaper tagelse;consulting/staffing;;
911801663;SVENN AS;24;www.24onoff.no;Utvikling og salg av digitale løsninger, timesystemer etc.;generic;digitale timesystemer;;;
935750482;SVITSJBOARD AS;5;;Programvareutvikling.;boilerplate;;;;
922201080;SWIPLOAD TECHNOLOGIES AS;6;www.swipload.com;Programvareutvikling.;boilerplate;;;;
929470826;SWUSJ TRONDHEIM AS;10;;Systemutvikling innen informasjonsteknolog og konsulentvirksomhet.;generic;informasjonsteknolog systemutvikling;consulting/staffing;;
914755212;SYNERGY SKY AS;17;;Utvikling av softwareprogrammer;generic;softwareprogra;;;
923255818;SYNPLAN AS;7;;Utvikle og selge programvareprodukter, systemer og tjenester ved bruk av kunstig intelligens, maskinlæring og relatert informasjonsteknologi. Samtidig vil vi tilby konsulenttjenester innen kunstig intelligens, maskinlæring og IKT.;specific;bruk intelligens kunstig maskinlæring programvareprodukter samtidig tilby;consulting/staffing;;
918817166;SYSTIMA AS;11;;Utvikle ERP-systemer som effektiviserer prosesser. Selskapet kan også investere i andre selskaper.;specific;effektiviserer erp-systemer investere prosesser selskaper;;;
979155034;SYSTOR TRONDHEIM AS;35;www.systor.st;Utvikle og levere EDB-systemer og utøve rådgivning i bruk av slike systemer, herunder også deltagelse i andre selskaper.;specific;bruk deltagelse edb-systemer selskaper slike utøve;consulting/staffing;;
931316753;TAKE TAKE TAKE AS;14;;Programmering.;generic;ering progra;;;
975384225;TANSA SYSTEMS AS;12;;Utvikling og handel med dataprodukter i Norge og utlandet.;generic;dataprodukter utlandet;;;
917751870;TAPAD NORWAY AS;8;;Utvikling og salg av annonseteknologi, samt tilknyttet virksomhet.;generic;annonseteknologi;;;
835850242;TAPPIN AS;8;;Programvareutvikling.;boilerplate;;;;
819544182;TARGET365 AS;5;;Utvikling og produksjon av løsninger for digital kommunikasjon, utvikling og produksjon av software for lojalitets programmer og digitalisering av bedrifters B2C strategi. Konsulentvirksomhet knyttet til bedrifters digitale strategi.;specific;bedrifters digital digitale digitalisering knyttet lojalitets progra strategi unikasjon;consulting/staffing;;
826389702;TAVLER AS;5;;Programmeringstjenester;generic;eringstjenester progra;;;
931214276;TECH NORWAY AS;10;;Programmering. Konsulenttjenester innen IT.;generic;ering progra;consulting/staffing;;
880823582;TECHNIA AS;9;;Salg og leveranser av systemtjenester for IT-baserte produkt- og produktsjonsutvikling.;specific;it-baserte produkt- produktsjonsutvikling systemtjenester;;;
912171752;TELARIS AS;28;www.telaris.no;Programmering. Konsulenttjenester innen IT.;generic;ering progra;consulting/staffing;;
915639275;TELAVOX AS;8;;Utvikle, produsere og selge faste og mobile IT- og kommunikasjonsløsninger, maskinvare og programvare og dermed relaterte tjenester.;specific;faste it- maskinvare mobile unikasjonsløsninger;hardware/electronics;;
926981595;TELEPLAN GLOBE AS;192;;Å utvikle og selge programvare innfor geografiske informasjonssystemer og frekvensplanlegging og hva dermed står i forbindelse.;specific;frekvensplanlegging geografiske informasjonssystemer innfor;;;
916669569;TELEPLAN HOLDING AS;8;;Å eie aksjer i andre selskaper, å eie fast eiendom eller andre aktiva, samt hva dermed står i for- bindelse.;specific;aktiva bindelse eie fast for- selskaper;real estate/investment;;
927998068;TELESCOPECO AS;12;;Utvikle og selge programvare innenfor informasjonsteknologi, samt levere generelle konsulenttjenester, og alt som kan knyttes til denne type virksomhet.;specific;denne generelle knyttes;consulting/staffing;;
917519919;TELLU AS;49;www.tellu.no;Utvikling og salg av en IOT Integrasjons plattform og tilhørende tjenester.;specific;integrasjons iot plattform tilhørende;product/SaaS;;
933458393;TERKI AS;6;;Konsulenttjenester innen IT.;boilerplate;;consulting/staffing;;
927075881;TESTIFY AS;19;;Utvikling og salg av software og tjenester innen informasjonsteknologi.;boilerplate;;;;
998474574;TGS PREDIKTOR AS;46;;Programvareutvikling, konsulentvirksomhet innenfor automatisering og måleteknikk;generic;automatisering måleteknikk;consulting/staffing;;
979485190;THALES NORWAY AS;276;thales.no;Å utvikle, produsere, markedsføre og selge militære og sivile kommunikasjonsystemer i Norge og verden for øvrig, herunder deltakelse i andre selskaper.;specific;markedsføre militære sivile unikasjonsystemer verden øvrig;;;
912829456;THE NORTH ALLIANCE NORGE AS;17;;Eie aksjer i datterselskaper samt å foreta investeringer og virksomhet som står i forbindelse med dette.;specific;datterselskaper eie foreta;real estate/investment;;
996633918;THE QT COMPANY AS;66;;Informasjonsteknologi, computer basert system design, GPRS applikasjon, tredje generasjons trådløs applikasjon, interaktiv TV, web kommunikasjon, internettside, ADP applikasjon og audiovisuell, grafisk, underholdnings og multimedia industri relatert virksomhet. Selskapet kan designe, utvikle, produsere, selge, markedsføre, importere, eksportere og fremstille produkter som er relatert til forannevnte funksjoner og tilby opplæring, konsulent, instllering, støtte og vedlikeholdstjenester relatert til forannevnte funksjoner. Selskapet kan eie fast eiendom, kjøretøy og verdipapirer, omsette disse, lease dem og praktisere investeringsaktiviteter og omsetning av verdipapirer.;specific;adp applikasjon audiovisuell basert computer dem design designe disse eie eksportere fast forannevnte fremstille funksjoner generasjons gprs grafisk importere industri instllering interaktiv internettside investeringsaktiviteter kjøretøy lease markedsføre multimedia omsetning omsette opplæring praktisere støtte tilby tredje trådløs underholdnings unikasjon vedlikeholdstjenester verdipapirer web;product/SaaS, consulting/staffing, real estate/investment;;
921673310;THE WATS COMPANY AS;26;wats.com;Utvikling, produksjon og salg av elektriske informasjonssystemer, herunder konsulentvirksomhet rettet mot IT-bransjen.;specific;elektriske informasjonssystemer it-bransjen rettet;consulting/staffing;;
993452890;THELMA BIOTEL AS;11;www.thelmabiotel.com;Utvikle og selge instrumentering for måling og innhenting av data fra fugler, dyr og fisk både i naturlige omgivelser og i oppdrett.;specific;dyr fisk fugler innhenting instrumentering måling naturlige omgivelser oppdrett;hardware/electronics;;
916276338;TIBBER AS;39;www.tibber.com;Utvikling og kommersialisering av en digital plattform for handel og styring av strøm, samt annet som naturlig faller sammen med dette, herunder bl.a. yte finansiering, kreditt og stille sikkerhet for heileide selskaper i samme konsern;specific;digital ersialisering faller finansiering heileide konsern kreditt plattform selskaper sikkerhet stille strøm styring yte;product/SaaS;;
999104134;TICKETCO AS;12;www.ticketco.no;Utvikling og lisensiering av programvare. Holdingselskap for aksjer og programvarerettigheter.;specific;holdingselskap lisensiering programvarerettigheter;product/SaaS, real estate/investment;;
921572085;TIETO CARD PAYMENTS AS;6;tietoevry.com;Selskapets skal drive og utvikle betalingsinstitusjonell virksomhet som, men ikke utelukkende, betalingstjeneste og alt som står i forbindelse med de forannevnte virksomheter.;specific;betalingsinstitusjonell betalingstjeneste forannevnte ikke men utelukkende;;;
929956885;TIKTOK NORWAY AS;61;;Utvikling, markedsføring, levering og salg av internett- relaterte produkter og/eller tjenester, i tillegg til produksjon, utvikling, annonsering av mobil-/datamaskinbaserte teknologiprogrammer, produkter, tjenester og applikasjoner. Selskapet administrerer ingen nettplattformer.;specific;administrerer annonsering applikasjoner datamaskinbaserte ingen internett- levering mobil- nettplattformer teknologiprogra tillegg;product/SaaS;;
919084804;TILLIT FORSIKRING AS;9;;Forsikringsformidling.;generic;forsikringsformidling;;;
916517203;TIMELY AS;11;memory.ai;Lage digitale produkter slik som nettsider, applikasjoner, software, etc, samt produsere innhold til dette., utleie av arbeidskraft og alt hva hermed er i forbindelse, samt investeringer i eiendom og deltakelse i andre foretak.;specific;applikasjoner arbeidskraft deltakelse digitale foretak innhold lage nettsider;product/SaaS, real estate/investment;;
912218538;TIND TECHNOLOGIES AS;16;;Utvikling og kommersialisering av dataprogramvare.;generic;dataprogramvare ersialisering;;;
918351701;TRACKSYS AS;15;;Utvikling og salg av programvare og lisenser koblet opp i mot dette.;specific;koblet lisenser opp;product/SaaS;;
947080687;Trafsys A/S;38;;Å utvikle, produsere, selge og drive konsulent- virksomhet innen elektroniske styringssystemer, samt hva hermed er forbundet, herunder å delta i andre selskaper med lignende virksomhet.;specific;elektroniske forbundet konsulent- styringssystemer;consulting/staffing;;
981369432;TRANSPORT DATA SYSTEMS AS;11;www.tds.as;Salg og utvikling av systemer for mobile dataløsninger til transportsektoren.;specific;dataløsninger mobile transportsektoren;;;
922425620;TRETOEN AS;17;www.321.no;Konsulent- og rådgivningsvirksomhet innen programmeringstjenester, forretningsutvikling og andre produkter/tjenester som naturlig hører til dette, herunder å delta i andre selskap med lignende virksomhet, og kjøp og salg av aksjer eller på annen måte gjøre seg interessert i andre foretak.;specific;delta eringstjenester foretak forretningsutvikling gjøre interessert konsulent- måte progra rådgivningsvirksomhet seg;consulting/staffing, real estate/investment;;
919486635;TRIANGULA AS;6;;Utvikling og salg av IKT-systemer, salg av IKT-sikkerhetsløsninger gjennom direktesalg og via partnere.;specific;direktesalg gjennom ikt-sikkerhetsløsninger ikt-systemer partnere via;;;
993950335;TRINNVIS AS;9;www.trinnvis.no;Produksjon og utgivelse av programvare. Programmeringstjenester. Rådgivning/konsulenttjenester innen informasjonsteknologi og kommunikasjon.;specific;eringstjenester progra unikasjon utgivelse;consulting/staffing;;
979462883;TRIONA AS;45;www.triona.no;Utvikling og salg av datasystemer, samt alt som står i naturlig forbindelse med dette. I tillegg kan selskapet delta som aksjonær eller på annen måte i andre foretak.;specific;aksjonær delta foretak måte tillegg;;;
934557417;TRIVE AS;10;;Programvareutvikling.;boilerplate;;;;
925173452;TRY DIG AS;55;;Bygge og drifte relevante digitale tjenester og løsninger ved å utnytte forretningssystemene (kundedata, produktdata, transaksjondata osv), samt alt som står i forbindelse hermed. Selskapet kan delta i andre selskaper.;specific;bygge delta digitale forretningssystemene kundedata osv produktdata relevante selskaper transaksjondata utnytte;;;
917802971;TURBULENT FLUX AS;5;;Informasjonsteknologi - utvikling og salg av produkter og tjenester.;boilerplate;;;;
991095535;TV 2 SKOLE AS;43;;Utvikle, produsere og å selge digitale læremidler og læremateriell, blant annet basert på eksisterende tv-/video-produksjon i TV 2, for bruk innen skoleverket og for opplæring av fremmedspråklige og andre aktiviteter som naturlig står i forbindelse med dette. Selskapet kan videre eie eller ha eierandeler i andre selskaper med samme virksomhet.;specific;aktiviteter basert bruk digitale edspråklige eie eierandeler eksisterende fre læremateriell læremidler opplæring selskaper skoleverket tv- video-produksjon videre;games/media;;
925976105;TWO AS;20;;Utvikling av fakturaløsninger for B2B netthandel.;generic;fakturaløsninger netthandel;;;
990432368;TWODAY AS;416;www.twoday.no;Utvikling og levering av IT-systemer. IT-relaterte tjenester, herunder konsulenttjenester. Eierskap i andre selskaper.;specific;eierskap it-relaterte it-systemer levering selskaper;consulting/staffing;;
828900692;TYCHO SPACE TECHNOLOGIES AS;16;;Utvikling og salg av småsatellitteknologi og tjenester opp mot dette.;generic;opp småsatellitteknologi;;;
998790948;UNDERLING AS;5;henchmangoon.com;Underholdning: Produksjon, utvikling og salg av dataspill. Produksjon og salg av film. Produksjon og salg av lydopptak. Utvikling av teknologi til interaktive media og film. Kurs relatert til spillutvikling og film.;specific;dataspill film interaktive kurs lydopptak media spillutvikling underholdning;games/media;;
992838728;UNICORNIS AS;7;www.unicornis.no;Utvikling og drift av system og tenester innen IT;generic;tenester;operations/hosting;;
921184476;UNICUS AS;36;www.unicus.no;Produksjon av tjenester innen IKT herunder test & kvalitetssikring, registrering, kontroll.;specific;kontroll kvalitetssikring registrering test;;;
979273177;UNISEA AS;74;;IT-konsulent.;generic;it-konsulent;consulting/staffing;;
830517502;UNISOFT AS;8;;Utvikling og salg av IT-programvare direkte til sluttbruker. Salg av tjenester relatert til informasjonsteknologi til bedrifter og offentlige virksomheter.;specific;direkte it-programvare sluttbruker;;;
933326233;UNITE AS;46;;Utvikling av programvare tilknyttet abonnementsløsninger og medievirksomhet.;generic;abonnementsløsninger medievirksomhet;product/SaaS;;
925676756;UNLISTED AS;8;;Utvikling og salg av konsepter og dataløsninger knyttet til finanstjenester, jusstjenester, investeringer, kommunikasjon, rådgivning og rekruttering.;specific;dataløsninger finanstjenester jusstjenester knyttet konsepter rekruttering unikasjon;consulting/staffing, real estate/investment;;
919424508;UNLOC AS;14;unloc.app;Utvikling og kommersialisering av digitale nøkler, samt annen virksomhet som naturlig hører til dette, herunder å ha eierandeler i andre selskaper.;specific;digitale eierandeler ersialisering nøkler selskaper;;;
921186622;UPPERCASE AS;14;uppercase.no;Programmeringstjenester. Grafisk og visuell kommunikasjonsdesign. Bedriftsrådgivning og annen administrativ rådgivning.;specific;administrativ bedriftsrådgivning eringstjenester grafisk progra unikasjonsdesign visuell;consulting/staffing;;
822634192;UR SOLUTIONS AS;5;;Selskapet gjennomfører programmerings- og generelle IT-oppdrag. Dette inkluderer, men er ikke begrenset til utvikling av webapplikasjoner, større backendsystemer, utvikling av skreddersydde algoritmer, og øvrige generelle software- og hardwareprosjekter.;specific;algoritmer backendsystemer begrenset erings- generelle gjennomfører hardwareprosjekter ikke inkluderer it-oppdrag men progra skreddersydde software- større webapplikasjoner øvrige;;;
920285333;URBAN SHARING AS;9;;Innovasjon, utvikling og kommersialisering av teknologi, rådgivning.;generic;ersialisering innovasjon;consulting/staffing;;
986827374;USFOS AS;5;;Utvikling og vedlikehold av dataprogramsystem.;generic;dataprogramsystem;;;
937184794;UTEL AS;5;utel.tech;Handel med og investering i fast eiendom, verdipapirer og andre formuesobjekter.;specific;fast formuesobjekter verdipapirer;real estate/investment;;
914094925;UTILITYCLOUD AS;26;altere.no;Utvikling og drift av IT systemer.;boilerplate;;operations/hosting;;
937881576;UTLEGGSAPPEN AS;6;;Programvareutvikling.;boilerplate;;;;
989508598;UTVIKLERNE AS;7;www.utviklerne.no;Databehandlingsvirksomhet.;generic;databehandlingsvirksomhet;;;
932257645;VANTIVE AS;10;;Produsere, utvikle, importere, eksportere, kjøpe, selge, lisensiere, markedsføre, distribuere.;specific;distribuere eksportere importere kjøpe lisensiere markedsføre;product/SaaS;;
821881072;VARIG TECHNOLOGIES AS;8;;Det vil bli utviklet programvare rettet mot byggebransjen, samt rådgivning og prosjektering innenfor byggebransjen. Salg av programvare vil skje direkte til kunde.;specific;bli byggebransjen direkte prosjektering rettet skje utviklet;consulting/staffing;;
923816925;VERDENSVEV AS;18;;Utvikling og rådgivning av teknologiske løsninger for designbransjen, mediebransjen og teknologibransjen.;specific;designbransjen mediebransjen teknologibransjen teknologiske;consulting/staffing;;
919073764;VERDI MEDIA NORGE AS;21;www.verdimedia.no;Webtjenester og annet som hører naturlig sammen med dette, herunder investering i teknologi.;generic;webtjenester;real estate/investment;;
914397111;VERIFIED AS;9;www.verified.eu;Tilby løsninger for elektronisk signering av dokumenter, samt virksomhet som hermed står i forbindelse, herunder deltakelse i andre selskaper.;specific;dokumenter elektronisk signering tilby;;;
930830372;VERJI TECH AS;8;;Programmering. Konsulenttjenester innen IT.;generic;ering progra;consulting/staffing;;
985535558;VESPA.AI NORWAY AS;34;;Utviklingsvirksomhet, herunder utvikling av ny og endring av eksisterende teknologi og immaterielle eiendeler av enhver art ved utforming og utvikling av eksisterende og fremtidig internettrelaterte produkter og anvendelsesområder ved å være i forgrunnen ved erverv og utvikling av en ny generasjon innenfor teknologi og immaterielle eiendeler.;specific;anvendelsesområder art aterielle eiendeler eksisterende endring enhver erverv forgrunnen fremtidig generasjon internettrelaterte utforming utviklingsvirksomhet være;;;
932038870;VEXTER AS;8;;Programmering.;generic;ering progra;;;
918026827;VIC.AI AS;10;;Drive utvikling og salg av programvare for datamaskiner.;generic;datamaskiner;;;
932256150;VIDD MEDICAL AS;15;;Utvikle informasjonsteknologi. Utvikling og drift av egne og andre selskapers løsninger, og tilliggende tjenester.;specific;egne selskapers tilliggende;operations/hosting;;
926186949;VILDA AS;13;;Programmering.;generic;ering progra;;;
917649278;VILECT AS;7;;Utvikling, programmering og salg av HR-systemer.;specific;ering hr-systemer progra;;;
996132994;VILMAR AS;9;vilmar.no;Produktutvikling og salg av webløsninger.;generic;produktutvikling webløsninger;;;
929065107;VIMMS AS;8;;Utvikling/innovasjon av hardware/softwaresystemer/løsninger samt annen virksomhet som naturlig hører sammen med dette.;specific;hardware innovasjon softwaresystemer;hardware/electronics;;
935493072;VINCE AS;45;;Konsulenttjenester innen IT. Programvareutvikling.;boilerplate;;consulting/staffing;;
929286022;VIND TECHNOLOGIES AS;29;;Utvikle og selge programvare til ulike aktører i vindenergibransjen, og andre bransjer der selskapets programvare kan benyttes, samt å yte tilhørende eller nærliggende tjenester. Dette kan også innebære investering i andre selskaper, samt annen virksomhet som naturlig faller inn under denne forretningsvirksomhet.;specific;aktører benyttes bransjer denne der faller forretningsvirksomhet inn innebære nærliggende selskaper tilhørende vindenergibransjen yte;real estate/investment;;
931450506;VIRTUR AS;6;;Programmering.;generic;ering progra;;;
981479076;VISENA AS;8;www.visena.com;Datakommunikasjon og -nettverk.;specific;datako nettverk unikasjon;operations/hosting;;
885583822;VISIONTECH AS;30;;Leverandør av elektro og automatiseringsanlegg til industri.;specific;automatiseringsanlegg elektro industri leverandør;;;
920024742;VISITO AS;31;;Konsulenttjenester innen IT.;boilerplate;;consulting/staffing;;
935325609;VISMA AMILI AS;53;;Programvareutvikling.;boilerplate;;;;
933287335;VISMA FLYT AS;171;;Programmering.;generic;ering progra;;;
921074352;VISMA PROPERTY SOLUTIONS AS;27;;Utvikling og drift av software;boilerplate;;operations/hosting;;
932288621;VISOID AS;9;;Programmering.;generic;ering progra;;;
922937877;VISUADO AS;10;www.visuado.com;Utvikler software for å visualisere bolig/leiligheter. Løsningen vil bestå av leilighetsvelger (2D web-interface), og 3D visualisering av innsiden av leilighet. I tillegg, bruker kan bygge digital twin av egen leilighet.;specific;bestå bolig bruker bygge digital egen innsiden leilighet leiligheter leilighetsvelger løsningen tillegg twin visualisere visualisering web-interface;;;
924344415;VISUAL ELEMENTS AS;5;;Utvikling og salg av programvare til ulike bransjer. Det som utvikles er graf-løsninger og andre interaktive elementer som publisere på websider.;specific;bransjer elementer graf-løsninger interaktive publisere utvikles websider;;;
920714978;VISUAL REGISTRATION SYSTEM AS;5;www.visualregistration.no;Salg av programvareløsninger for andre bedrifter, samt salg av tjenester innen for samme felt og investeringer i andre selskaper.;specific;felt programvareløsninger selskaper;real estate/investment;;
829508192;VISUAL360 AS;7;;Utvikling og salg av programvare.;boilerplate;;;;
984952953;VITEC FORSIKRING AS;23;www.wims.no;IT og kommunikasjon, programvare, løsninger, konsulentbistand, rådgivning, kurs og seminarer, samt hva som naturlig hører med dette.;specific;konsulentbistand kurs seminarer unikasjon;consulting/staffing;;
965309926;VITEC HK DATA AS;17;www.hk-data.no;Utvikling og salg av programvare, salg av tjenester, samt deltakelse i virksomheter med tilsvarende formål.;generic;deltakelse;;;
944507302;VITEC MEGLER AS;43;;Drive konsulentvirksomhet og handel, samt å delta i beslektet virksomhet og hva dermed står i forbindelse.;generic;beslektet delta;consulting/staffing;;
841239172;VITEC PLANIA AS;26;;Yte konsulenttjenester innenfor vedlikeholds administrasjon, såsom vedlikeholdsplanlegging, tilstandskontroll, lagerstyring, dokumentstyring, enkle EDB-løsninger og opplæring, samt hva hermed står i forbindelse herunder å delta i andre sel- skaper med lignende virksomhet.;specific;administrasjon delta dokumentstyring edb-løsninger enkle lagerstyring opplæring sel- skaper såsom tilstandskontroll vedlikeholds vedlikeholdsplanlegging yte;consulting/staffing;;
921404077;VITIKKA AS;5;;Digitalbyrå med hovedmål å hjelpe små- og mellomstore selskaper med tjenester for digitale flater. Dette omfatter blant annet programmering, grafisk design, UX-design, innsiktsarbeid, testing, rådgivning, analyse, medieproduksjoner, konsulentutleie, kurs og opplæring, m.m. Selskapet skal kunne delta i andre selskaper.;specific;analyse delta design digitalbyrå digitale ering flater grafisk hjelpe hovedmål innsiktsarbeid konsulentutleie kunne kurs medieproduksjoner mellomstore omfatter opplæring progra selskaper små- testing ux-design;consulting/staffing;;
912309975;VIVALDI TECHNOLOGIES AS;36;;Utvikling, distribusjon og salg av programvare.;generic;distribusjon;;;
916530889;VIVENDE REBASE AS;15;;Selskapet tilbyr konsulenttjenester, programmering, utvikling, design og kravspesifikasjon for mobile apper og webrelaterte løsninger. Selskapet skal også kunne drive med kjøp og salg av aksjer og eie fast eiendom.;specific;apper design eie ering fast kravspesifikasjon kunne mobile progra tilbyr webrelaterte;product/SaaS, consulting/staffing, real estate/investment;;
931069039;VIZBO AS;6;;Selge varer og tjenester innen programvareutvikling, skanning, visualisering.;specific;skanning varer visualisering;;;
989527460;VOCA AS;20;;Utvikling av informasjonsteknologi og eierskap i lignende selskaper.;generic;eierskap selskaper;;;
919653477;VOKSER AS;33;;Salg av produkter og tjenester innen utvikling og leveranse av digitale kommunikasjonsløsninger innen web og andre produkter.;specific;digitale unikasjonsløsninger web;;;
976574958;VOLUE TECHNOLOGY AS;165;;Programvarevirksomhet.;generic;programvarevirksomhet;;;
931997335;VOLVE TECHNOLOGIES AS;8;;Programmering.;generic;ering progra;;;
921139047;VOXT AS;5;;Utvikle og selge spill og læringsteknologi.;generic;læringsteknologi spill;games/media;;
817330622;VPS DECARBONISATION AS;14;www.vpsveritas.com;Internettdesign og programmeringstjenester.;specific;eringstjenester internettdesign progra;;;
925359998;VSA CONSULTANT AS;12;;Programvareutvikling, salg og konsulenttjenester innen offshore- og landbasert industri. Drift av restaurant/kafe.;specific;industri kafe landbasert offshore- restaurant;consulting/staffing, operations/hosting;;
934921771;VURDERINGSPARTNER AS;12;;Markedsføring og reklame.;generic;reklame;;;
922218277;VÖLUR AS;8;;Konsulentvirksomhet og utvikling av IT-løsninger. Omfatter programutvikling, -endring, -testing og -support med henblikk på å oppfylle en bestemt kundes behov: kundespesifisert programvare.;specific;behov bestemt endring henblikk kundes kundespesifisert omfatter oppfylle programutvikling support testing;consulting/staffing;;
937148666;WAGO BUILDING TECHNOLOGIES AS;9;;Programvareutvikling. Programmering.;generic;ering progra;;;
932882248;WALLENIUS WILHELMSEN SUPPLY CHAIN SOLUTIONS HOLDING AS;10;;Tilby digitale produkter og tjenester for å orkestrere distribusjon av produkter fra fabrikk til sluttbruker og gjennom dets livssyklus samt annet som står i forbindelse med slik virksomhet, herunder investere i selskaper i forbindelse med slik virksomhet.;specific;dets digitale distribusjon fabrikk gjennom investere livssyklus orkestrere selskaper sluttbruker tilby;;;
933860175;WATCHDOG GROUP AS;7;;Programvareutvikling.;boilerplate;;;;
994483404;WAVETRAIN SYSTEMS AS;17;www.wavetrain.no;Utvikle, markedsføre, og selge sensorsystemer og tjenester til jernbanevirksomhet - samt delta i virksomhet beslektet med eller i tilknytning til dette.;specific;beslektet delta jernbanevirksomhet markedsføre sensorsystemer;hardware/electronics;;
929595556;WE ARE LEARNING AS;17;;Utvikling og salg av software for trening og opplæring i Norge og i utlandet.;specific;opplæring trening utlandet;;;
999046398;WEBIST AS;5;www.webist.no;Web-utvikling.;generic;web-utvikling;;;
921572166;WEBMED EPJ AS;63;www.webmed.no;Utvikle, selge og vedlikeholde IKT-verktøy og tilhørende tjenester til ulike aktører og brukergrupper i helsesektoren, herunder elektroniske pasientjournalsystem, samt delta i andre foretagender med tilsvarende virksomhet;specific;aktører brukergrupper delta elektroniske foretagender helsesektoren ikt-verktøy pasientjournalsystem tilhørende vedlikeholde;;;
941612474;WEBSTEP AS;360;www.webstep.no;Salg av tjenester og produkter og innen informasjonsindustrien, samt virksomhet som naturlig faller inn under dette, herunder å delta i andre selskaper.;specific;faller informasjonsindustrien inn;;;
937412762;WEBTEMP AS;7;;Programvareutvikling.;boilerplate;;;;
931614916;WELCOME WORKDAYS AS;13;;Programmering.;generic;ering progra;;;
915648479;WELD IT AS;5;;Konsulentvirksomhet, utvikling av IT-verktøy, leverandør av IT-løsninger, KS-systemer og annen beslektet virksomhet, samt investering i verdipapirer og deltakelse i andre virksomheter. Virksomheten er rettet mot privat- og offentlig sektor.;specific;beslektet deltakelse it-verktøy ks-systemer leverandør offentlig privat- rettet sektor verdipapirer;consulting/staffing, real estate/investment;;
924900008;WESTCON GROUP NORWAY AS;19;www.westconcomstor.com;Distribusjon av programvare og maskinvareprodukter til bedriftskunder.;specific;bedriftskunder distribusjon maskinvareprodukter;;;
882947572;WISE CONSULTING AS;10;wise.no;Utvikling, salg, service, konsulent- og agenturvirksomhet innen informasjonsteknologi samt alt som står i forbindelse med dette.;generic;agenturvirksomhet konsulent-;consulting/staffing;;
998245273;WISO AS;5;;Konsulenttjenester tilknyttet informasjonsteknologi, herunder programmering;generic;ering progra;consulting/staffing;;
915979025;WITTARIO AS;20;;Programvareutvikling for videresalg.;generic;videresalg;;;
989260715;WORKSOFT AS;11;;Utvikling, salg og utleie av programvare for administrasjon og forretningsdrift, opplærings- og kursvirksomhet, driftsstøtte, konsulentvirksomhet, utleie av data- og konsulentløsninger.;specific;administrasjon data- driftsstøtte forretningsdrift konsulentløsninger kursvirksomhet opplærings-;consulting/staffing;;
978670709;WAADE INFORMATION SYSTEM AS;8;;Utvikling av programvare, konsulentvirksomhet.;boilerplate;;consulting/staffing;;
931895583;XAKT AS;6;;Konsulenttjenester innen IT.;boilerplate;;consulting/staffing;;
920972454;XALA TECHNOLOGIES AS;5;;Applikasjonsutvikling, webutvikling, eCommerce, IT-konsulent.;specific;applikasjonsutvikling eco erce it-konsulent webutvikling;product/SaaS, consulting/staffing;;
919075112;XPERITECH AS;7;;Utvikling, salg og installasjon av systemer for reservasjon og leie av fiskerettigheter og turisme knyttet utleie av overnattingsmuligheter samt andre systemer eller varer som naturlig hører inn under dette;specific;fiskerettigheter inn installasjon knyttet leie overnattingsmuligheter reservasjon turisme varer;;;
916752628;XPLORA TECHNOLOGIES AS;58;;Kjøp og salg av data, tekniske løsninger.;generic;tekniske;;;
912504735;XSALE AS;6;www.xsale.no;Utvikle og drive SAS software samt diverse annen utvikling.;generic;sas;;;
927721031;XTRAMILE AS;11;;Utvikling og distribusjon av software, samt yte tjenester i sammenheng med dette.;specific;distribusjon enheng yte;;;
925624896;YALLOW - LIFE SCIENCE AS;9;;Konsulentvirksomhet og programvareutvikling.;boilerplate;;consulting/staffing;;
832138592;YETI MOVE AS;14;;Programmering.;generic;ering progra;;;
916293739;YOUWELL AS;13;;Programvareutvikling for helsetjenester.;generic;helsetjenester;;;
991118225;YTTR AS;26;www.shortcut.io;Drive innen IT-relatert virksomhet, med fokus på applikasjonsutvikling. Virksomheten skal i tillegg inneha en formues- og investeringsstrategi for selskapet.;specific;applikasjonsutvikling fokus formues- inneha investeringsstrategi it-relatert tillegg;product/SaaS, real estate/investment;;
926492543;ZAVEIT AS;13;www.zaveit.io;Tjenester tilknyttet informasjonsteknologi. Utvikle, drifte og selge programvare og skytjenester og annet som hører naturlig under dette. Programmeringstjeneste og andre tjenester tilknyttet informasjonsteknologi.;specific;eringstjeneste progra skytjenester;product/SaaS;;
924571179;ZEABUZ AS;30;;Programmering.;generic;ering progra;;;
814777812;ZEGEBA AS;21;www.zegeba.com;Utvikling, drift og salg av datasystemer og konsulenttjenester innen data fangst, lagring og håndtering, med særlig vekt på mobile systemer.;specific;fangst håndtering lagring mobile særlig vekt;consulting/staffing;;
981106431;ZETADISPLAY NORWAY AS;39;www.prontotv.no;Tjenester relatert til distribusjon av film og musikk på internett og virksomhet som naturlig henger sammen med dette, samt ha eierandeler i andre selskaper med samme eller lignende formål.;specific;distribusjon eierandeler film henger internett musikk selskaper;;;
915713769;ZIVID AS;92;www.zivid.com;Utvikle produkter, programvare og systemløsninger for maskinsyn og 3D avbildning samt å drive rådgivning- og konsulenttjenester innen dette feltet.;specific;avbildning feltet maskinsyn rådgivning- systemløsninger;consulting/staffing;;
816928672;ZOOPIT AS;5;zoopit.no;Utvikle, selge og drifte softwareløsninger for bestilling, optimering, gjennomføring av tjenester ved transport av varer, samt relaterte tjenester.;specific;bestilling gjennomføring optimering softwareløsninger transport varer;;;
928013405;ZRCH AS;35;;Utvikle markedsplassteknologi.;generic;markedsplassteknologi;;;
920970931;ZTL PAYMENT SOLUTION AS;18;;Utvikling og drift av betalingssystemer for bedriftsmarkedet.;generic;bedriftsmarkedet betalingssystemer;operations/hosting;;
923362819;ZYMFONIX AS;5;;Drift og utvikling av IT og andre innovative løsninger.;generic;innovative;;;
979443471;ØRN SOFTWARE AS;44;;Salg, utvikling og konsulentvirksomhet innen programvare.;boilerplate;;consulting/staffing;;
