orgnr;navn;ansatte;hjemmeside;beskrivelse;auto_kategori;auto_ord;auto_typer;manual_informativ (ja/nei);manual_forretningstype
991937099;1+1 REGNSKAP AS;9;;Yte regnskapstjenester, økonomisk rådgivning og hva hermed står i forbindelse.;generic;yte;bookkeeping core, advisory;;
921862229;4SIGHT AS;15;;Føre regnskap for andre. Selskapets virksomhet er også å utføre forretningsførsel, økonomisk- og administrativ rådgivning, konsulenttjenester og annen tilknyttet virksomhet for andre, delta i, eller overta, annen virksomhet og investere i aksjer og verdipapirer i norske og utenlandske selskaper.;specific;administrativ delta forretningsførsel føre investere norske overta selskaper utenlandske utføre verdipapirer økonomisk-;bookkeeping core, advisory;;
925151564;5-PLUSS AS;21;www.5-Pluss.no;Regnskapsvirksomhet, regnskapsføring for andre, økonomisk rådgivning og annen tjenesteytende virksomhet, samt hva hermed står i forbindelse, herunder å delta i andre foretak som driver tilsvarende virksomhet.;generic;regnskapsvirksomhet tjenesteytende;bookkeeping core, advisory;;
916598416;A B REKNESKAP AS;5;;Føring av rekneskap, rådgjeving og konsulenttenester innan økonomi.;specific;innan konsulenttenester rekneskap rådgjeving;advisory;;
887726612;A TIL Å REGNSKAP AS;15;;Regnskapsføring, økonomisk bistadn, kjøp/salg av aksjer, deltakelse i andre selskaper og alt som faller herunder.;specific;bistadn deltakelse faller selskaper;bookkeeping core;;
994745433;AB ØKONOMI AS;12;www.abutvikling.no;Regnskapstjenester. Bedriftsrådgivning innen økonomi/finans og strategi. Næringsutvikling overfor bedrifter og offentlige institusjoner. Undervisning innen økonomi og markedsføring. Deltakelse i andre bedrifter gjennom styrearbeid og eierinteresser.;specific;bedriftsrådgivning deltakelse eierinteresser finans gjennom institusjoner næringsutvikling overfor strategi styrearbeid undervisning;bookkeeping core, advisory;;
964091277;ABACUS RATIO AS;35;www.abacusratio.no;Regnskapsføring for andre;boilerplate;;bookkeeping core;;
992933046;ABACUS REGNSKAP AS;5;www.abacus-regnskap.no;Regnskap og bokføring og tilhørende virksomhet.;generic;tilhørende;bookkeeping core;;
982741076;ABACUS ØKONOMITJENESTER AS;19;;Salg av administrasjonstjenester, regnskapsføring, økonomisk og finansiell rådgivning samt utleie av arbeidskraft.;specific;administrasjonstjenester arbeidskraft finansiell;bookkeeping core, advisory;;
913960750;ABC ACCOUNTING AS;10;;Salg av regnskaps og bokføringstjenester. Bedriftsrådgivning, generell databistand og andre produkter/tjenester som naturlig hører sammen med dette, herunder å delta i andre selskap med lignende virksomhet, og kjøp og salg av aksjer eller på annen måte gjøre seg interessert i andre foretak.;specific;bedriftsrådgivning bokføringstjenester databistand delta foretak gjøre interessert måte regnskaps seg;bookkeeping core, advisory, IT/data services;;
921059442;ABG BUSINESS MANAGEMENT AS;5;www.vikapf.no;Generell forretningsførsel, herunder føre regnskap for andre, samt konsulentbistand for selskaper og privatpersoner og hva hermed står i forbindelse.;specific;forretningsførsel føre konsulentbistand privatpersoner selskaper;bookkeeping core, advisory;;
996872084;ABRA REGNSKAP OG RÅDGIVNING AS;5;;Regnskapstjenester og økonomisk rådgivning.;boilerplate;;bookkeeping core, advisory;;
989746111;ACCOMODO REGNSKAP AS;7;;Økonomisk rådgiving, regnskap, lønn, kredittoppfølging og inkasso.;specific;inkasso kredittoppfølging lønn;bookkeeping core, payroll, advisory;;
926732072;ACCOUNT GROUP AS;38;;Regnskapstjenester og økonomisk rådgivning.;boilerplate;;bookkeeping core, advisory;;
997696565;ACCOUNT REGNSKAP AS;7;;Regnskap-og økonomitjenester.;generic;regnskap-og økonomitjenester;bookkeeping core;;
926445936;ACCOUNTERA AS;6;www.bilagsfeber.no;Regnskap, bokføring og rådgiving knyttet til dette.;generic;knyttet;bookkeeping core, advisory;;
988847798;ACCOUNTOR VALDRES OG LAND AS;9;www.accountor.no;Økonomitjenester og regnskapsbyrå.;generic;økonomitjenester;bookkeeping core;;
933727424;ACCRU PARTNERS NORGE AS;7;;Å levere ledelsestjenester til datterselskaper og å drive med kapitalinvestering, finansiering, industri og handelsvirksomhet, samt enhver annen virksomhet knyttet til dette.;specific;datterselskaper enhver finansiering handelsvirksomhet industri kapitalinvestering knyttet ledelsestjenester;;;
913647254;ACCURAT AS;9;;Regnskapsføring og økonomirådgivning, herunder å delta i andre selskaper med lignende virksomhet, kjøp og salg av aksjer, eller på annen måte gjøre seg interessert i andre foretagender.;specific;foretagender gjøre interessert måte seg økonomirådgivning;bookkeeping core;;
987840846;ACS FINANS AS;15;www.acsfinans.no;Regnskapsføring, økonomisk rådgivning og de områder som naturlig hører inn under dette;generic;inn områder;bookkeeping core, advisory;;
913270940;ACTIVREGNSKAP AS;7;;Regnskapstjeneste og økonomisk rådgiving.;generic;regnskapstjeneste;bookkeeping core, advisory;;
938683913;ADB-SENTERET AS;12;www.adb-senteret.no;Regnskapsføring og annen merkantil tjenesteyting, handelsvirksomhet samt hva herved står i forbindelse, herunder deltakelse i andre selskaper.;generic;handelsvirksomhet merkantil;bookkeeping core;;
926956027;ADDVANT STAVANGER AS;14;www.addvant.no;Regnskaps- og rådgivningstjenester, administrative tjenester, utleie av arbeidskraft, og investeringer i tilsvarende selskaper, samt annet som naturlig faller innunder virksomheten.;specific;administrative arbeidskraft faller innunder regnskaps- rådgivningstjenester selskaper;bookkeeping core, advisory;;
911612364;ADMA AS;9;;Føring av regnskap for andre virksomheter, investering i eiendom og programvare, utleie fast eiendom, konsulenttjenester, kjøp og salg innen IT- og økonomitjenester, eiendomsdrift samt deltakelse i andre selskaper.;specific;deltakelse eiendomsdrift fast it- programvare selskaper økonomitjenester;bookkeeping core, advisory, IT/data services, unrelated trade;;
989176013;ADMENTO AS;269;www.admento.no;Utføre tjenester innen økonomi/administrasjon, samt alt som dermed står i forbindelse, herunder å delta i andre selskaper med lignende formål.;generic;administrasjon utføre;;;
937416873;ADMINISTRATIV REGNSKAPSSERVICE AS;12;;Drive regnskapaføring og administrativ virksomhet for selvstendige firmaer. Selskapet skal også ha som formål å investere i fond eller aksjer.;specific;administrativ firmaer fond investere regnskapaføring selvstendige;bookkeeping core;;
930944688;ADVICE ACCOUNTING AS;11;;Regnskapsføring.;boilerplate;;bookkeeping core;;
926998625;ADVICE CONSULTING GROUP AS;6;;Regnskapstjenester, konsulenttjenester innen økonomi, administrasjon ledelse og teknologi.;specific;administrasjon ledelse teknologi;bookkeeping core, advisory;;
921859678;ADVIS AS;9;www.dynamik.no;Regnskaps- og rådgivningstjenester.;generic;regnskaps- rådgivningstjenester;bookkeeping core, advisory;;
990089639;AGDER REGNSKAP AS;15;www.agderregnskap.no;Regnskapskontor.;boilerplate;;bookkeeping core;;
997310578;AGDER REGNSKAPSTJENESTER AS;5;;Regnskap og bokføring.;boilerplate;;bookkeeping core;;
996756238;AGENDA REGNSKAP AS;6;www.agenda-regnskap.no;Regnskap og bokføring.;boilerplate;;bookkeeping core;;
918698450;AGENDA ØKONOMI AS;10;;Utførelse av regnskapstjenester for andre foretak.;generic;foretak utførelse;bookkeeping core;;
998297702;AGIL KOMPETANSE AS;8;www.agilkompetanse.no;Regnskap og rådgivning. Agenturhandel med programvare.;generic;agenturhandel programvare;bookkeeping core, advisory, IT/data services;;
823820232;AICONO AS;12;aicono.no;Føre regnskap og tilby rådgivning.;generic;føre tilby;bookkeeping core, advisory;;
922633452;AIDER AS;1343;;Regnskapstjenester;boilerplate;;bookkeeping core;;
935881943;AIDER GJØVIK AS;6;;Regnskapsføring.;boilerplate;;bookkeeping core;;
929587758;AILE TEAM AS;5;;Regnskap, bokføring, rådgivning og kurs.;generic;kurs;bookkeeping core, advisory;;
934466799;AJ SHARED SERVICES AS;5;;Regnskapsføring. Bedriftsrådgivning, administrativt.;generic;administrativt bedriftsrådgivning;bookkeeping core, advisory;;
840880192;AJOUR REGNSKAP AS;6;;Utvikle og selge programmer til datamaskiner, drive konsulentvirksomhet innen elektronisk data- behandling, drive regnskapsbyrå, samt hva som hermed står i forbindelse, herunder å delta i andre selskaper med lignende virksomhet.;specific;behandling data- datamaskiner elektronisk progra;bookkeeping core, advisory, IT/data services;;
987209704;AJOUR REGNSKAP MANDAL AS;7;ajour-as.no;Regnskapstjenester.;boilerplate;;bookkeeping core;;
921744609;AK REGNSKAP NYSTAD AS;5;;Regnskapsføring og konsulenttjenester og andre produkter/tjenester som naturlig hører sammen med dette.;boilerplate;;bookkeeping core, advisory;;
988731072;AK-REGNSKAP AS;6;www.ak-regnskap.no;Autorisert regnskapsførerfirma.;generic;autorisert regnskapsførerfirma;bookkeeping core;;
918860649;AKETO AS;5;;Selskapet skal tilby regnskap- og rådgivningstjenester, samt virksomhet som står i forbindelse med dette.;specific;regnskap- rådgivningstjenester tilby;bookkeeping core, advisory;;
929049306;AKKURAT-REGNSKAP AS;5;;Regnskapsføring.;boilerplate;;bookkeeping core;;
935483298;AKROS REGNSKAP OG FORVALTNING AS;6;;Regnskapsføring. Bedriftsrådgivning, administrativt. Eiendomsforvaltning på vegne av andre. Utleie av fast eiendom.;specific;administrativt bedriftsrådgivning eiendomsforvaltning fast vegne;bookkeeping core, advisory, unrelated trade;;
999011780;AKTIV REGNSKAPSBYRÅ TROMSØ AS;11;www.aktivregnskapsbyra.no;Regnskapsføring med rådgivning.;boilerplate;;bookkeeping core, advisory;;
982597560;AKTIV ØKONOMI CONSULT AS;9;;Regnskapsbyrå og økonomisk rådgivning.;boilerplate;;bookkeeping core, advisory;;
948120984;AKTIV ØKONOMISERVICE AS;14;okservice.no;Drive virksomhet som økonomisk rådgivningskontor og edb-virkosmhet, herunder utvikling av program- vare og salg av maskinutstyr og enhver virksomhet som står i forbindelse med dette, herunder å delta i andre selskap med lignende virksomhet.;specific;delta edb-virkosmhet enhver maskinutstyr program- rådgivningskontor vare;advisory, IT/data services;;
998577179;AKTIVA AS;7;www.aktivafinnsnes.no;Regnskaps- og økonomitjenester.;generic;regnskaps- økonomitjenester;bookkeeping core;;
993215279;AKTUELT REGNSKAP AS;8;www.aktueltregnskap.no;Drive regnskapskontor inkludert de tjenester som naturlig utføres på et regnskapskontor inklusiv rådgiving. Samt investere i aksjer og andre selskaper.;specific;inkludert inklusiv investere selskaper utføres;bookkeeping core, advisory;;
833422812;ALEMA REGNSKAP AS;5;;Regnskapsføring.;boilerplate;;bookkeeping core;;
914813433;ALFA NOR REGNSKAP AS;13;www.alfanor.no;Føre regnskap for andre samt økonomisk, finansiell og regnskapsmessig tjenesteyting og annet som naturlig faller sammen med dette, herunder å delta i andre selskaper med lignende virksomhet.;specific;faller finansiell føre regnskapsmessig;bookkeeping core;;
927616238;ALFASET ACCOUNTING AS;5;www.alfasetaccounting.no;Regnskapsførsel, økonomisk rådgivning og tilsvarende tjenester, samt naturlig tilhørende virksomhet.;generic;tilhørende;bookkeeping core, advisory;;
986376496;ALL-REGNSKAPSERVICE AS;7;www.all-regnskap.no;Regnskapstjenester.;boilerplate;;bookkeeping core;;
997201213;ALLE TALL AS;7;www.alletall.no;Salg av tjenester og produkter innen regnskap, økonomi og rådgivning samt alt som naturlig hører sammen med dette. Kursvirksomhet og veiledning mot offentlige og private virksomheter. Delta i andre selskap med lignende virksomhet, og kjøp og salg av aksjer eller på annen måte gjøre seg interessert i andre foretak.;specific;delta foretak gjøre interessert kursvirksomhet måte seg veiledning;bookkeeping core, advisory;;
926877119;ALLSIDIG REGNSKAP AS;5;;Regnskapsføring for andre.;boilerplate;;bookkeeping core;;
986270027;ALPHA ØKONOMI AS;26;alpha-as.no;Regnskapsføring og fordringsoppfølging, herav inkassovirksomhet.;specific;fordringsoppfølging herav inkassovirksomhet;bookkeeping core;;
960595459;ALTIPLUSS AS;6;;Salg av tjenester og hva som står i forbindelse.;boilerplate;;;;
993085405;ALVA REGNSKAP AS;7;;Regnskapstjenester med dertil hørende virksomhet.;generic;dertil hørende;bookkeeping core;;
916569742;AMANDA REGNSKAP AS;8;;Regnskapsføring og økonomisk rådgivning.;boilerplate;;bookkeeping core, advisory;;
957170005;AMESTO ACCOUNTHOUSE AS;157;www.amestoaccounthouse.no;Klientregnskaper og konsulenttjenester overfor andre bedrifter/personer innen administrasjon og økonomisk styring.;specific;administrasjon klientregnskaper overfor personer styring;advisory;;
934965310;AMESTO ACCOUNTHOUSE BERGEN AS;22;;Regnskapsføring.;boilerplate;;bookkeeping core;;
912976904;AMESTO ACCOUNTHOUSE SØR AS;60;www.amestoaccounthouse.no/regnskapsforer/sor;Regnskaps- og økonomiområdet, samt alt hva som dermed står i forbindelse.;generic;regnskaps- økonomiområdet;bookkeeping core;;
934599977;AMIRA REGNSKAP AS;7;;Regnskapsføring.;boilerplate;;bookkeeping core;;
924046066;ANCE AS;8;;Utføre rekneskapstenester, økonomisk rådgjeving og konsulenttenester, samt det som naturleg høyrer inn under dette.;specific;høyrer inn konsulenttenester naturleg rekneskapstenester rådgjeving utføre;advisory;;
944920803;ANDRE REGNSKAP AS;7;;Regnskapsførsel for andre, konsulentvirksomhet innen øknonomi og regnskap, samt virksomhet knyttet til dette.;generic;knyttet øknonomi;bookkeeping core, advisory;;
930810282;ANDRESEN SYNERGI AS;5;aeiendomsdrift.no;Regnskapsføring. Eiendomsforvaltning på vegne av andre.;generic;eiendomsforvaltning vegne;bookkeeping core, unrelated trade;;
980428958;ANNE JOHANSEN AS;5;;Regnskap og konsulenttjenester.;boilerplate;;bookkeeping core, advisory;;
925509302;AQURATIO AS;5;;Regnskap, årsoppgjør og selskapsadministrasjon.;generic;selskapsadministrasjon årsoppgjør;bookkeeping core;;
995691728;ARCTIC REAL ESTATE MANAGEMENT AS;23;;Forretningsførervirksomhet, herunder regnskapstjenester, samt eiendomsforvaltning- og utvikling.;generic;eiendomsforvaltning- forretningsførervirksomhet;bookkeeping core, unrelated trade;;
829262142;ARDAN AS;5;;Regnskapsføring, rådgivning og annen konsulentvirksomhet som naturlig hører her under, samt deltakelse i annen virksomhet ved aksjeinnskudd eller på annen måte.;specific;aksjeinnskudd deltakelse her måte;bookkeeping core, advisory;;
988936987;ARILD BRÅTEN REGNSKAP AS;5;;Regnskapskontor, samt andre økonomiske tjenester som naturlig hører inn under dette.;generic;inn;bookkeeping core;;
979365861;ARKEN ØKONOMITJENESTER AS;7;www.arken.no;Salg av økonomitjenester, rådgivning relatert til de økonomiske tjenestene, samt IT-rådgivning som står i forbindelse med dette, herunder salg av hardware og software og alt annet som står i forbindelse med dette samt deltakelse i andre selskap.;specific;deltakelse hardware it-rådgivning software tjenestene økonomitjenester;advisory, IT/data services;;
937837771;ARVO REGNSKAP AS;6;;Regnskapsføring.;boilerplate;;bookkeeping core;;
920677827;AS LAND REGNSKAPSSENTRAL;12;;Drift av regnskapskontor.;boilerplate;;bookkeeping core;;
956623103;AS SOLREGN;16;www.solregn.no;Utføre konsulenttjenester, regnskapsførsel samt å investere i mulige prosjekter.;specific;investere mulige utføre;bookkeeping core, advisory;;
937195281;AS STETTE DATA;5;www.stettedata.no;Regnskapsførsel, konsulentvirksomhet og hva dermed står i forbindelse.;boilerplate;;bookkeeping core, advisory;;
823844492;ASK ADMINISTRASJON AS;6;;Rekneskapsføring, administrative tenester og rådgjeving/ konsulentverksemd.;specific;administrative konsulentverksemd rekneskapsføring rådgjeving tenester;advisory;;
926474707;ASKIMCONSULT AS;5;;Regnskapsføring.;boilerplate;;bookkeeping core;;
931931008;ASKUS NORD AS;6;;Regnskapsføring.;boilerplate;;bookkeeping core;;
989775758;ASKVOLL REKNESKAPSTENESTE AS;6;;Drift av regnskapsbyrå, økonomisk rådgivning og andre tjenester som er relatert til dette, samt investeringer i andre selskap.;boilerplate;;bookkeeping core, advisory;;
923792457;ASPIA NORGE AS;223;www.aspia.no;Regnskapsførervirksomhet.;generic;regnskapsførervirksomhet;bookkeeping core;;
977498651;AST REGNSKAP AS;29;;Salg av administrative tjenester - regnskapsbyrå.;generic;administrative;bookkeeping core;;
959151474;ASTRUP FEARNLEY SOLUTIONS AS;18;;Føre regnskap for andre foretak samt tilby tjenester innenfor compliance, risikokartlegging, personvern, HR, finansrådgivning, kontortjenester og tilknyttede virksomhetsområder.;specific;compliance finansrådgivning foretak føre kontortjenester personvern risikokartlegging tilby tilknyttede virksomhetsområder;bookkeeping core;;
919357347;AT-H AS;5;;Administrative tjenester og regnskapsbyrå.;generic;administrative;bookkeeping core;;
897863022;ATHENE TAX AS;7;;Bedriftsrådgivning, regnskapsføring, MVA representasjon, arbeidstakeradministrasjon, eie aksjer og investeringer i virksomheter av enhver art.;specific;arbeidstakeradministrasjon art bedriftsrådgivning eie enhver mva representasjon;bookkeeping core, advisory;;
936912052;AURA ØKONOMI AS;5;;Regnskapsføring.;boilerplate;;bookkeeping core;;
935080797;AURUM REGNSKAP AS;5;;Regnskapsføring.;boilerplate;;bookkeeping core;;
996679721;AVAL AS;12;www.aval.no;Å føre regnskap for andre.;generic;føre;bookkeeping core;;
980383571;AVERDI KARASJOK AS;7;www.averdi.no;Regnskap og konsulentvirksomhet.;boilerplate;;bookkeeping core, advisory;;
917774447;AZETS AS;19;;Investere i andre selskaper.;generic;investere selskaper;;;
983338917;AZETS INSIGHT AS;907;;Utvikling og salg av regnskapstjenester, programvare, salg av konsulenttjenester, handel og agenturer samt å delta i andre selskaper i tilknytning til foranstående og hva dermed står i forbindelse.;specific;agenturer delta foranstående programvare selskaper;bookkeeping core, advisory, IT/data services, unrelated trade;;
991608923;B-S REGNSKAP AS;20;;Regnskapsførsel, samt det som naturlig faller sammen med dette, herunder å delta i andre selskaper med lignende virksomhet.;generic;faller;bookkeeping core;;
986493298;BAKKAN REGNSKAP AS;7;;Salg av regnskap og økonomitjenester samt annet som naturlig hører til. Deltakelse i andre selskaper.;specific;deltakelse selskaper økonomitjenester;bookkeeping core;;
913504372;BALANCO ACCOUNTING AS;12;www.avanseregnskap.no;Regnskap og bokføring.;boilerplate;;bookkeeping core;;
912444880;BALTZEBERG REGNSKAP AS;5;;Salg av regnskaps- og konsulenttjenester innen økonomi og regnskap samt deltagelse i andre selskap som naturlig hører inn under dette. Selskapets virksomhet er investering i aksjer.;specific;deltagelse inn regnskaps-;bookkeeping core, advisory;;
991181954;BAUTA REGNSKAP AS;12;www.bautaregnskap.no;Å yte regnskapstjenester og annen økonomisk rådgivning.;generic;yte;bookkeeping core, advisory;;
935650119;BC ACCOUNTING AS;6;;Regnskapsføring.;boilerplate;;bookkeeping core;;
911648733;BEDRE ØKONOMITJENESTER AS;11;;Å føre regnskap for andre, samt tilby andre tjenester innenfor økonomistyring og administrasjon. Herunder også deltakelse i andre selskaper med lignende virksomhet.;specific;administrasjon deltakelse føre selskaper tilby økonomistyring;bookkeeping core;;
839650302;BERG ØKONOMI AS;40;;Regnskapsbyråvirksomhet og andre produkter/tjenester som naturlig hører sammen med dette, herunder å delta i andre selskap med lignende virksomhet, og kjøp og salg av aksjer eller på annen måte gjøre seg interessert i andre foretak.;specific;delta foretak gjøre interessert måte regnskapsbyråvirksomhet seg;bookkeeping core;;
920790593;BERGSTADENS REGNSKAPSKONTOR AS;13;;Regnskapsvirksomhet, konsulentvirksomhet, kursvirksomhet og annen virksomhet som har naturlig sammenheng med dette.;specific;enheng har kursvirksomhet regnskapsvirksomhet;bookkeeping core, advisory;;
998164923;BHR FINANS & REGNSKAP AS;10;www.baltichus.no;Regnskapstjenester og rådgivning.;boilerplate;;bookkeeping core, advisory;;
988686905;BIRKENES REGNSKAPSKONTOR AS;13;;Regnskapsføring og rådgivning samt alt som herved står i forbindelse.;boilerplate;;bookkeeping core, advisory;;
971068450;BJERKREIM REKNESKAPSKONTOR AS;11;;Drift av regnskapskontor, og alt som dermed står i forbindelse.;boilerplate;;bookkeeping core;;
976089790;BJØRKAN REGNSKAP AS;15;;Regnskapskontor, føring av regnskap og veiledning i økonomi og skattemessige forhold for næringsdrivende og andre.;generic;forhold veiledning;bookkeeping core, audit/tax;;
919434694;BJØRKE REGNSKAP AS;5;www.okohuset.no;Regnskapsføring, konsulenttjenester, rådgiving og administrasjon.;generic;administrasjon;bookkeeping core, advisory;;
916552858;BK REGNSKAPSSERVICE AS;6;;Regnskapstjenester, konsulentvirksomhet innenfor regnskap.;boilerplate;;bookkeeping core, advisory;;
952731092;BL DATA REGNSKAP AS;5;;Eie og drive regnskapskontor, samt hva heri står i forbindelse. Selskapet kan også delta i annen næringsvirksomhet.;specific;delta eie heri næringsvirksomhet;bookkeeping core;;
959095086;BLAKER REGNSKAPSKONTOR AS;9;;Drive regnskapskontor og alle typer tjenester som hører inn under dette.;generic;inn;bookkeeping core;;
921171986;BLUE SKY ECONOMY AS;5;;Regnskapsføring for eksterne bedrifter. Bedriftsrådgivning og økonomisk rådgivning for bedrifter og privatpersoner. Utarbeidelse av selvangivelser og årsregnskap. Generell konsulentvirksomhet for bedrifter og privatpersoner.;specific;bedriftsrådgivning eksterne privatpersoner selvangivelser utarbeidelse årsregnskap;bookkeeping core, advisory;;
932082837;BOK AS;9;;Regnskapsføring.;boilerplate;;bookkeeping core;;
977506441;BOKHOLDERIET AS;6;;Salg av tjenester innenfor regnskapsførsel og rådgivning.;boilerplate;;bookkeeping core, advisory;;
985811466;BRAGE REGNSKAP AS;5;;Autorisert regnskapsfører, bedriftsrådgivning.;specific;autorisert bedriftsrådgivning regnskapsfører;bookkeeping core, advisory;;
921966490;BRAINIACS AS;18;brainiacs.no;Regnskapsføring, bedriftsrådgivning og konsulentvirksomhet.;generic;bedriftsrådgivning;bookkeeping core, advisory;;
914841755;BRI UTVIKLING AS;5;;Regnskapsføring og økonomisk rådgivning for selskapene i konsernet BR Industrier AS, samt konsernstøttefunksjoner knyttet til markedsføring og HR.;specific;industrier knyttet konsernet konsernstøttefunksjoner selskapene;bookkeeping core, advisory;;
997655737;BRINGSVÆR REKNESKAPSTENESTER AS;6;;Rekneskapsføring med alt som høyrer med dette.;generic;høyrer rekneskapsføring;;;
979881401;BRUMUNDDAL REGNSKAP AS;10;;Regnskapskontor.;boilerplate;;bookkeeping core;;
925178276;BRUNLANES REGNSKAP AS;6;;Føring av regnskap og økonomisk rådgivning og andre tjenester som naturlig hører sammen med dette, på vegne av kunder.;generic;vegne;bookkeeping core, advisory;;
982276683;BRYGGA REGNSKAP AS;5;;Føre regnskap og yte bistand til eksterne klienter samt hva hermed står i forbindelse, herunder å delta i andre selskaper med lignende eller annen virksomhet.;specific;eksterne føre klienter yte;bookkeeping core;;
987660376;BRÆNDS ØKONOMI AS;20;;Regnskapskontor m.m.;boilerplate;;bookkeeping core;;
879738342;BRAATHEN & PARTNERS AS;12;www.braathenpartners.no;Rådgivning og bistand innen IT, økonomi og regnskap. Regnskapstjenester. Administrative tjenester. Kjøp og salg av aksjer og fond.;generic;administrative fond;bookkeeping core, advisory, IT/data services;;
988439894;BTS TØMRERSERVICE AS;10;;Tømrerarbeid og andre tilknyttede tjenester innen bygg og anlegg, herunder eiendomsutvikling. I tillegg også økonomisk og regnskapsfaglig rådgivning.;specific;anlegg bygg eiendomsutvikling tilknyttede tillegg tømrerarbeid;bookkeeping core, advisory, unrelated trade;;
920037615;BØ ØKONOMI OG REGNSKAP AS;17;;Regnskapsføring og økonomisk rådgivning.;boilerplate;;bookkeeping core, advisory;;
910909177;BØHN REGNSKAP A/S;19;;Drive regnskapsbyrå, utføre datatjenester, erverve aksjer i selskaper som det utføres oppdrag for, konsulentvirksomhet og annen tjenesteyting og hva herved står i forbindelse, herunder å delta i andre foretakender med lignende virksomhet.;specific;datatjenester ender erverve oppdrag selskaper utføre utføres;bookkeeping core, advisory, IT/data services;;
935018366;BØLGEN ØKONOMIPARTNER AS;6;;Regnskapsføring.;boilerplate;;bookkeeping core;;
927547767;BØR ØKONOMI AS;5;;Drift av regnskapskontor, med tilhørende tjenester og økonomisk bistand.;generic;tilhørende;bookkeeping core;;
985698686;BÅRSETH REGNSKAP AS;6;;Bokføring av bilag med tilhørende funksjoner innenfor området regnskap, rådgivning og annen økonokisk bistand.;specific;bilag funksjoner området tilhørende økonokisk;bookkeeping core, advisory;;
935905397;CADDIE REGNSKAP AS;8;;Regnskapsføring.;boilerplate;;bookkeeping core;;
934261356;CENDRO AS;5;;Eie og forvalte finansielle eiendeler, fordringer, kontraktsrettigheter og andre formuesverdier, foreta investeringer samt annen virksomhet som naturlig står i forbindelse med dette.;specific;eie eiendeler finansielle fordringer foreta formuesverdier forvalte kontraktsrettigheter;;;
916760590;CENSEA REGNSKAP AS;13;;Regnskapsbyrå.;boilerplate;;bookkeeping core;;
925986240;CHECK ACCOUNTING AS;11;www.c-acc.no;Regnskapsføring og administrative tjenester, samt alt som hører naturlig til dette.;generic;administrative;bookkeeping core;;
984868650;CHRISTIANIA REGNSKAPSKONTOR AS;8;;Virksomheten utvides til også å gjelde regnskapstjenester;generic;gjelde utvides;bookkeeping core;;
989710427;CIFERO AS;12;www.cifero.no;Regnskapsføring for andre samt rådgivning innen forretningsutvikling.;generic;forretningsutvikling;bookkeeping core, advisory;;
926288652;CIFFER AS;5;;Salg av regnskapstjenester og øvrige tjenester som naturlig er i forbindelse med dette, samt annen økonomisk bistand og rådgivning.;generic;øvrige;bookkeeping core, advisory;;
919374179;CJB REGNSKAP AS;7;;Salg av tjenester innen regnskapsførsel og bedriftsrådgivning, samt det som naturlig står i forbindelse med dette.;generic;bedriftsrådgivning;bookkeeping core, advisory;;
986778772;CLARKSONS BUSINESS MANAGEMENT AS;7;www.clarksons.com;Forretningsførsel og føre regnskap for andre.;generic;forretningsførsel føre;bookkeeping core;;
980392198;COAST CORPORATE SERVICES AS;10;coast.no;Regnskapstjenester, hovedkontortjenester, IT-tjenester, konsulenttjenester, bemanning.;specific;bemanning hovedkontortjenester it-tjenester;bookkeeping core, advisory, IT/data services;;
996480224;COLLEGIUM ØKONOMI AS;15;;Omsetning av regnskapstjenester og økonomisk rådgivning.;generic;omsetning;bookkeeping core, advisory;;
950070137;COLUMBI REGNSKAP AS;10;www.columbiregnskap.no;Drive regnskapsvirksomhet, konsulentvirksomhet, inkasso, finansiering, forsikring, salg av EDB samt alt som hører inn under dette, også medvirk- ning i andre selskaper.;specific;edb finansiering forsikring inkasso inn medvirk- ning regnskapsvirksomhet selskaper;bookkeeping core, advisory, IT/data services;;
914445426;COLUMBI SERVICES AS;16;;Regnskapskontor og regnskapstjenester.;boilerplate;;bookkeeping core;;
992886625;COMPLÉR ACCOUNTING AS;29;;Utføre forretningsførsel for eksterne klienter,- herunder regnskapsførsel og generell administrasjonsbistand, samt alt hva hertil naturlig hører. Selskapet kan delta i annen virksomhet.;specific;administrasjonsbistand delta eksterne forretningsførsel hertil klienter utføre;bookkeeping core;;
986112146;COMPLETE CONSULTING AS;10;;Autorisert regnskapsførerselskap, konsulenter innen administrasjon, økonomi og datadrift.;specific;administrasjon autorisert datadrift konsulenter regnskapsførerselskap;bookkeeping core, advisory, IT/data services;;
916165994;COMPLETUM AS;5;;Regnskapsføring, konsulentvirksomhet og hva dermed står i forbindelse, samt ved aksjetegning eller på annen måte deltagelse i andre selskap.;specific;aksjetegning deltagelse måte;bookkeeping core, advisory;;
926172212;COMPUTE ADVISOR AS;8;;Økonomisk og administrativ rådgivning samt salg av regnskapstjenester og tilhørende rådgivning innen regnskap og skatt.;generic;administrativ tilhørende;bookkeeping core, advisory, audit/tax;;
922919917;CONTÉR SERVICES AS;7;;Økonomitjenester, regnskapstjenester, IT-tjenester, konsulenttjenester og annet som naturlig faller sammen med det.;specific;faller it-tjenester økonomitjenester;bookkeeping core, advisory, IT/data services;;
993738077;CONTROL PLUS AS;15;www.controlplus.no;Selskapet skal føre regnskap for andre, samt yte rådgivning innen økonomi, finans og andre administrative tjenester.;specific;administrative finans føre yte;bookkeeping core, advisory;;
915574858;CR1.NO AS;11;www.cr1.no;Regnskapskontor.;boilerplate;;bookkeeping core;;
825004882;CRAFT CONSULTING AS;6;;Rådgivning og regnskapstjenester.;boilerplate;;bookkeeping core, advisory;;
988485551;CRETO REGNSKAP AS;5;;Regnskapsføring for andre, samt rådgivningstjenester.;generic;rådgivningstjenester;bookkeeping core, advisory;;
985182736;CROWE STAVANGER REVISJON AS;9;;Rådgivnings- revisjons og revisjonsvirksomhet samt deltagelse i lignende virksomheter.;specific;deltagelse revisjons revisjonsvirksomhet rådgivnings-;advisory, audit/tax;;
985282013;DALA ØKONOMI AS;10;www.sagakl.no/vaare-kontorer/innlandet/dala-oekonomi-as/;Regnskapsføring, rådgivning og bistand innen lønn, økonomi og beskatning.;generic;beskatning lønn;bookkeeping core, payroll, advisory;;
919499974;DALSBØ REGNSKAP AS;5;;Fremstilling og salg av regnskapstjenester, bedriftsrådgivning, konsulentvirksomhet, salg av soft- og hardware løsninger samt hva dermed står i forbindelse.;specific;bedriftsrådgivning fremstilling hardware soft-;bookkeeping core, advisory;;
896861042;DATAPLAN ALPHA AS;45;www.dataplan.no;Drift av regnskapsførerselskap.;generic;regnskapsførerselskap;bookkeeping core;;
990535019;DEKON REGNSKAP AS;20;www.dekon.no;Regnskapsførsel, bokføring og andre produkter/tjenester som naturlig hører sammen med dette, herunder delta i andre selskaper med lignende virksomhet, kjøp og salg av aksjer eller på annen måte gjøre seg interessert i andre foretak.;specific;delta foretak gjøre interessert måte seg selskaper;bookkeeping core;;
977475228;DEKORATØR OG KONSULENTSERVICE AS;6;;Konsulenttjenester innen regnskap, økonomi og undervisning innen hestehold.;generic;hestehold undervisning;bookkeeping core, advisory;;
942990855;DELTA REGNSKAP AS;17;www.delta.as;Regnskapsførsel, salg av regnskapstjenester, kapital- og forsikringsformidling, handel, kjøp og salg av verdipapirer, samt å eie, kjøpe, selge og forvalte fast eiendom eller andeler av slike, direkte eller gjennom aksjer og selskapsandeler av ethvert slag.;specific;direkte eie ethvert fast forsikringsformidling forvalte gjennom kapital- kjøpe selskapsandeler slag slike verdipapirer;bookkeeping core, unrelated trade;;
992697946;DEUTSCH-NORWEGISCHE HANDELSKAMMER SERVICES AS;22;www.handelskammer.no;Rådgivning overfor norske og tyske bedrifter, derunder markedsinformasjon, markedsanalyser, messedeltakelse, forretningspartnersøk, juridisk bistand, refusjon av mva.;specific;derunder forretningspartnersøk juridisk markedsanalyser markedsinformasjon messedeltakelse mva norske overfor refusjon tyske;advisory;;
823450982;DEVOLD CONSULTING AS;9;www.devoldconsulting.no;Drive regnskapskontor.;boilerplate;;bookkeeping core;;
945893893;DEVOLDS REGNSKAPSKONTOR AS;11;;Drive regnskapskontor, konsulentvirksomhet, handel samt ved innskudd i eller på annen måte være deltaker i andre selskaper.;specific;deltaker innskudd måte selskaper være;bookkeeping core, advisory, unrelated trade;;
922632510;DIGITAL ØKONOMI AS;7;;Regnskapstjenester og bedriftsrådgivning.;generic;bedriftsrådgivning;bookkeeping core, advisory;;
914286409;DIGITALL AS;13;www.digitall.no;Regnskap og rådgivning;boilerplate;;bookkeeping core, advisory;;
996455289;DIGNITAS REGNSKAP AS;5;;Regnskapstjenester og konsulentvirksomhet innen økonomi.;boilerplate;;bookkeeping core, advisory;;
992356898;DIRECTA AS;24;www.directa.no;Regnskapsføring, rådgivning knyttet til regnskap, skatt, økonomi, videre kjøp og salg av finansaktiva, samt annen finansiell virksomhet, ellers aktiviteter og rådgivning som naturlig faller innenfor selskapets aktivitet.;specific;aktivitet aktiviteter ellers faller finansaktiva finansiell knyttet videre;bookkeeping core, advisory, audit/tax;;
925174149;DITT DIGITALE REGNSKAPSKONTOR AS;6;;Ekstern regnskapsførsel, ledelse og rådgivning.;generic;ekstern ledelse;bookkeeping core, advisory;;
952666711;DITT REGNSKAP AS;8;;Drive regnskaps- og rådgivningsvirksomhet, herunder yte datatjeneste.;specific;datatjeneste regnskaps- rådgivningsvirksomhet yte;bookkeeping core, advisory, IT/data services;;
981110943;DM CONSULT AS;8;;Regnskapsbyrå og rådgivningstjenester innenfor fagområdene økonomi, IT og organisasjon til næringslivet og private.;specific;fagområdene næringslivet organisasjon rådgivningstjenester;bookkeeping core, advisory, IT/data services;;
877557642;DMC REGNSKAP AS;17;;Regnskap og konsulentvirksomhet for andre.;boilerplate;;bookkeeping core, advisory;;
819999732;DNB CARNEGIE BUSINESS MANAGEMENT AS;9;;Drive forretningsførervirksomhet og eiendomsforvaltning, herunder føring av regnskap for andre, med dertil hørende virksomhet og investeringer.;specific;dertil eiendomsforvaltning forretningsførervirksomhet hørende;bookkeeping core, unrelated trade;;
931096761;DRIV ØKONOMI AS;13;www.drivok.no;Drive regnskaps- og kontorservice, samt hva hermed står i forbindelse, herunder å delta i andre selskaper med lignende virksomhet.;generic;kontorservice regnskaps-;bookkeeping core;;
926403729;EAGER INNLANDET AS;8;;Regnskapstjenester og rådgivning og all annen aktivitet i tilknytning til dette.;generic;aktivitet;bookkeeping core, advisory;;
916643098;EASY ACCOUNTING AS;10;www.easya.no;Regnskapsbyrå.;boilerplate;;bookkeeping core;;
919641061;EB REGNSKAP AS;13;bettenregnskap.no;Regnskapsbyrå.;boilerplate;;bookkeeping core;;
912040801;ECIT AS;11;;Drift og eierskap i regnskap-, IT- og rådgivningsselskaper, samt eierskap i tilknyttet virksomhet.;specific;eierskap it- regnskap- rådgivningsselskaper;bookkeeping core, advisory, IT/data services;;
987605073;ECIT BUSINESS PARTNER AS;29;www.partnerregnskap.no;Regnskapskontor, datatjenester og lignende virksomhet.;generic;datatjenester;bookkeeping core, IT/data services;;
987770384;ECIT BUSINESS PARTNER PLUSS AS;7;;Regnskapsføring, økonomisk rådgivning.;boilerplate;;bookkeeping core, advisory;;
954231313;ECIT CONSULTA AS;21;www.ecit.no;Regnskapsføring, kontortjenester, konsulentbistand og hertil hørende virksomhet samt deltakelse i annen virksomhet.;specific;deltakelse hertil hørende konsulentbistand kontortjenester;bookkeeping core, advisory;;
923758941;ECIT ELVERUM AS;10;;Regnskapstjenester.;boilerplate;;bookkeeping core;;
980015033;ECIT HARESTUA AS;7;www.okonomi-konsulentservice.no;Regnskap og økonomi, og dertil naturlig tilhørende virksomhet.;generic;dertil tilhørende;bookkeeping core;;
981085892;ECIT INTUNOR AS;108;www.ecit.com/no/intunor/;Regnskapstjenester, administrasjon,økomomisk rådgivning og annen virksomhet i naturlig forbindelse hermed, herunder å delta i andre selskap med liknende virksomhet.;specific;administrasjon delta liknende økomomisk;bookkeeping core, advisory;;
999221394;ECIT KRR AS;13;;Regnskapskontor.;boilerplate;;bookkeeping core;;
915514383;ECIT LILLEHAMMER AS;7;;Regnskapsføring og bedriftsrådgiving.;generic;bedriftsrådgiving;bookkeeping core, advisory;;
879906792;ECIT NORIAN AS;51;www.norian.no;Yte andre firmaer/personer regnskapsmessige tjenester, økonomisk- og forretningsmessig bistand og hva som dermed står i forbindelse, samt deltakelse med aksjer/andeler i annen næringsvirksomhet på kort og lang sikt.;specific;deltakelse firmaer forretningsmessig kort lang næringsvirksomhet personer regnskapsmessige sikt yte økonomisk-;bookkeeping core;;
919495324;ECIT NORMANN & ØYGARDEN AS;27;;Regnskapskontor.;boilerplate;;bookkeeping core;;
812830732;ECIT OS AS;13;;Drive regnskaps- og rådgivningstjenester, utleie av personell innen regnskaps- og rådgivningsbransjen, herunder å delta i andre selskap med lignende virksomhet.;specific;delta personell regnskaps- rådgivningsbransjen rådgivningstjenester;bookkeeping core, advisory;;
993800139;ECIT SERVICES AS;293;www.ecit.no;Tilby regnskaps- og rådgivningstjenester, annet som naturlig faller under dette, samt å delta i andre selskaper med samme eller beslektet formål.;specific;beslektet delta faller regnskaps- rådgivningstjenester selskaper tilby;bookkeeping core, advisory;;
989608398;ECIT STORD AS;8;www.aktiva.no;Drive regnskapsføring, økonomirådgivning og andre tjenester som står i naturlig sammenheng med dette.;generic;enheng økonomirådgivning;bookkeeping core;;
912683052;ECIT VALDRES AS;14;;Regnskap, revisjon og skatterådgivning.;generic;revisjon skatterådgivning;bookkeeping core, audit/tax;;
989111647;ECIT VEIBY AKONTO AS;41;www.ecit.no;Regnskapsføring, revisjon, økonomisk rådgivning og deltagelse i andre virksomheter.;generic;deltagelse revisjon;bookkeeping core, advisory, audit/tax;;
915714641;ECO FINANS AS;7;ecofinans.no;Konsulentvirksomhet, regnskap, bokføring og hva dertil står i forbindelse.;generic;dertil;bookkeeping core, advisory;;
925947210;ECONIO AS;29;www.accountor.no;Regnskapstjenester, økonomisk rådgivning, programvaresupport og det som ellers ligger naturlig under et regnskapsførerselskap.;specific;ellers ligger programvaresupport regnskapsførerselskap;bookkeeping core, advisory;;
831087692;ECONPARTNER AS;43;www.econpartner.no;Å yte regnskapsmessig og annen kontormessig bistand.;specific;kontormessig regnskapsmessig yte;bookkeeping core;;
925767573;ECOVIS ACCOUNTING NORWAY AS;11;;Regnskap og bokføring, merverdiavgiftsrepresentasjon, rådgiving, konsulentvirksomhet og annen virksomhet som naturlig hører inn under dette.;generic;inn merverdiavgiftsrepresentasjon;bookkeeping core, advisory;;
988076678;ECOVIS ARDUR TAX AS;5;www.ecovis.no;Regnskap og bokføring, merverdiavgiftsrepresentasjon, rådgiving, konsulentvirksomhet og annen virksomhet som naturlig hører inn under dette.;generic;inn merverdiavgiftsrepresentasjon;bookkeeping core, advisory;;
916952929;EDUHOUSE AS;5;eduhouse.no;Formidling av kunnskap innenfor regnskap og økonomi og andre produkter/tjenester som naturlig hører sammen med dette.;generic;formidling kunnskap;bookkeeping core;;
927389754;EDVARDSEN ØKONOMISERVICE AS;12;www.edvardsenregnskap.no;Økonomi- og regnskapstjenester, investering i andre selskaper, samt det som naturlig står i forbindelse med dette.;generic;selskaper økonomi-;bookkeeping core;;
913173600;EFFEKT REGNSKAP AS;14;;Regnskap og rådgivningstjenester;generic;rådgivningstjenester;bookkeeping core, advisory;;
932209632;EIBL ACCOUNTING AS;8;;Regnskapsføring.;boilerplate;;bookkeeping core;;
980406822;EIDISSEN MERKANTIL AS;7;;Autorisert regnskapsførerselskap.;generic;autorisert regnskapsførerselskap;bookkeeping core;;
934109643;EIENDOMSMEGLERREGNSKAP AS;5;;Regnskapsføring.;boilerplate;;bookkeeping core;;
914716616;EIKA ØKONOMI ASKIM AS;11;www.eikaokonomi.no/ost;Regnskapsførerselskap.;generic;regnskapsførerselskap;bookkeeping core;;
981946200;EIKA ØKONOMI FOLLO AS;8;www.okonomikontoret.no;Merkantile tjenester, økonomisk rådgivning, finansrådgivning og andre relaterte fagområder for næringsdrivende og bedrifter, samt hva hermed står i forbindelse, herunder å delta i andre selskaper med lignende virksomheter, inklusive kjøp og salg av eiendom.;specific;fagområder finansrådgivning inklusive merkantile;advisory, unrelated trade;;
970999213;EIKA ØKONOMI MIDT-NORGE AS;33;www.eikaokonomi.no/midt-norge;Regnskapsføring og økonomisk veiledning samt hva herved står i forbindelse.;generic;veiledning;bookkeeping core;;
923039562;EK ØKONOMI AS;6;;Regnskapsførsel, fakturering, lønnskjøring og økonomisk rådgivning.;generic;fakturering lønnskjøring;bookkeeping core, payroll, advisory;;
946299553;Eksakt Regnskap A/S;10;;Drive regnskapskontor og å gi konsulentbistand samt annen virksomhet som naturlig faller inn under dette.;specific;faller inn konsulentbistand;bookkeeping core, advisory;;
966313404;EKSTERN REGNSKAP AS;10;www.ekstern-regnskap.no;Tilby regnskapstjenester og annen beslektet virksomhet.;generic;beslektet tilby;bookkeeping core;;
991599460;ELTO REGNSKAP AS;6;www.eltoregnskap.no;Regnskapsføring og rådgivning for andre.;boilerplate;;bookkeeping core, advisory;;
977087511;EMINENT REGNSKAP AS;7;;Regnskapsføring og annen økonomisk bistand.;boilerplate;;bookkeeping core;;
995453355;EMINENTIA REGNSKAP AS;14;;Regnskapstjenester og økonomisk rådgivning.;boilerplate;;bookkeeping core, advisory;;
929931769;EMU GROWTH PARTNERS NORWAY AS;5;;Regnskapsføring. Konsulenttjenester innen IT.;boilerplate;;bookkeeping core, advisory, IT/data services;;
923790918;ENETRA ØKONOMI AS;5;www.enetra.no;Regnskapsbyråtjenester, bokføring, rådgivning, skatterådgivning og bedriftsrådgivning.;specific;bedriftsrådgivning regnskapsbyråtjenester skatterådgivning;bookkeeping core, advisory, audit/tax;;
952617443;ENIMENTE AS;6;www.enimente.no;- bedriftsøkonomisk rådgivning - regnskapsservice - utvikling/ tilpasning av EDB baserte kontor-   rutiner.;specific;baserte bedriftsøkonomisk edb kontor- regnskapsservice rutiner tilpasning;bookkeeping core, advisory, IT/data services;;
935701430;ENORA AS;695;;Regnskapsføring. Konsulenttjenester innen IT. Bedriftsrådgivning, administrativt.;generic;administrativt bedriftsrådgivning;bookkeeping core, advisory, IT/data services;;
991398805;ENQVIST BOLIGFORVALTNING AS;18;;Forretningsførsel innbefattet regnskapsføring og alminnelig eiendomsforvaltning.;specific;alminnelig eiendomsforvaltning forretningsførsel innbefattet;bookkeeping core, unrelated trade;;
986427813;EP REGNSKAP AS;9;;Regnskapsførsel, konsulentvirksomhet, rådgivning og hva ellers faller naturlig inn i denne virksomheten, samt annen økonomisk virksomhet.;specific;denne ellers faller inn;bookkeeping core, advisory;;
946823465;ERNST & YOUNG COMPLIANCE SERVICES AS;30;;Virksomhet som merverdiavgiftsrepresentant for utenlandske virksomheter, regnskapsføring og tilknyttede rådgivningstjenester.;specific;erverdiavgiftsrepresentant rådgivningstjenester tilknyttede utenlandske;bookkeeping core, advisory;;
989002090;ERVIK REKNESKAP AS;7;;Rekneskapsbyrå.;generic;rekneskapsbyrå;;;
919749822;ESCALON SERVICES NORWAY AS;5;www.escalonservices.no/;Økonomi og regnskapstjenester.;boilerplate;;bookkeeping core;;
979491611;EVER AS;33;www.ever.as;Regnskap og rådgivning.;boilerplate;;bookkeeping core, advisory;;
994056689;EVER TRONDHEIM AS;14;www.ever.no;Regnskapskontor.;boilerplate;;bookkeeping core;;
914055229;EVJE LANDBRUKSREGNSKAP AS;9;;Regnskapsførsel for primærnæringene.;generic;primærnæringene;bookkeeping core;;
912668835;EX PROFESSO - AUTORISERT REGNSKAPSBYRÅ AS;6;;Regnskapsføring for andre.;boilerplate;;bookkeeping core;;
963740085;EXACTA AS;38;;Tjenester innen regnskapsføring, og deltagelse i andre selskap med lignende formål.;generic;deltagelse;bookkeeping core;;
936248543;EXACTUM REGNSKAP & RÅDGIVNING AS;9;;Regnskapsføring.;boilerplate;;bookkeeping core;;
921116179;EXITUM ØKONOMI AS;11;;Regnskapsføring og økonomisk rådgivning.;boilerplate;;bookkeeping core, advisory;;
968460072;FALKENBERG REGNSKAPSBYRÅ AS;6;;Regnskapsførsel, forretningsførsel og konsulent- tjenester, samt hva dertil står i forbindelse. Selskapet kan også delta i andre forretnings- foretak.;specific;delta dertil foretak forretnings- forretningsførsel konsulent-;bookkeeping core, advisory;;
993486124;FASTPRIS REGNSKAP AS;11;www.fastpris.no;Regnskap og bokføring.;boilerplate;;bookkeeping core;;
941388930;FEARNLEY BUSINESS MANAGEMENT AS;15;;Investeringstjenester samt å drive virksomhet som lovlig kan tilbys i tilknytning til dette, samt føre regnskap for andre.;specific;føre investeringstjenester lovlig tilbys;bookkeeping core;;
929983122;Fenstad Regnskapskontor A/S;11;;Regnskapsvirksomhet og annen virksomhet som styret finner interessant.;specific;finner interessant regnskapsvirksomhet styret;bookkeeping core;;
983150187;FIALA REGNSKAP AS;7;;Tilby regnskapstjenester og øvrig økonomisk bistand. Selskapet vil også drive invester.;specific;invester tilby øvrig;bookkeeping core;;
927497735;FIDE REGNSKAP AS;18;www.fide.no;Salg av regnskaps- og rådgivningstjenester, og herunder beslektede tjenester.;specific;beslektede regnskaps- rådgivningstjenester;bookkeeping core, advisory;;
912102157;FIDELIS REGNSKAP AS;5;www.fidelisregnskap.no/;Regnskap og bokføring, gjennom aksjeeie eller på annet vis gjøre seg interessert i annen virksomhet, fast eiendom, samt enhver annen virksomhet i tilknytning til ovennevnte.;specific;aksjeeie enhver fast gjennom gjøre interessert ovennevnte seg vis;bookkeeping core, unrelated trade;;
979890559;FIGURES ØST AS;5;;Regnskapsføring, konsulent-tjenester, investeringer i selskaper og aksjer.;generic;konsulent-tjenester selskaper;bookkeeping core, advisory;;
912357031;FINANSCO FORRETNINGSFØRSEL AS;8;;Autorisert regnskapsføringsvirksomhet, konsulent- og rådgivningsvirksomhet.;specific;autorisert konsulent- regnskapsføringsvirksomhet rådgivningsvirksomhet;bookkeeping core, advisory;;
989682660;FINANSTORGET AS;6;www.ftas.no;Regnskapstjenester, konsulenttjenester innen handel- og internett- relaterte oppgaver. Kjøp og salg av aksjer.;specific;handel- internett- oppgaver;bookkeeping core, advisory, unrelated trade;;
918088938;FIRST ACCOUNTING AS;6;www.bv-forvaltning.no;Forretningsførsel, regnskap, investering i fast eiendom, samt deltakelse i andre selskaper herunder kjøp og salg av aksjer.;specific;deltakelse fast forretningsførsel selskaper;bookkeeping core, unrelated trade;;
934262123;FISKERIKOMPETANSE AS;9;;Regnskapsføring. Andre aktiviteter: Konsulentvirksomhet, management og eie aksjer i andre selskap.;specific;aktiviteter eie management;bookkeeping core, advisory;;
964095175;FISKERISERVICE AS;5;;Regnskap- og rådgivningstjenester innen økonomi og administrasjon.;specific;administrasjon regnskap- rådgivningstjenester;bookkeeping core, advisory;;
921021445;FIX REGNSKAP AS;8;www.fixregnskap.no;Regnskapsførsel og bedriftsrådgivning.;generic;bedriftsrådgivning;bookkeeping core, advisory;;
996015505;FJECO REGNSKAP AS;8;www.fjeco.no;Regnskapstjenester.;boilerplate;;bookkeeping core;;
934565290;FJELL REGNSKAP AS;5;;Regnskapsføring.;boilerplate;;bookkeeping core;;
999578748;FJORD SERVICES AS;11;www.fjordservices.no;Regnskapsførsel og andre tjenester som faller naturlig under dette.;generic;faller;bookkeeping core;;
919399023;FLAV AS;13;www.flav.no;Regnskapsføring.;boilerplate;;bookkeeping core;;
941108474;FLEXI AS;21;www.flexi.no;Autorisert regnskapsfører selskap, konsulentvirksomhet, utvikling av dataprogrammer og annet som faller naturlig inn under dette.;specific;autorisert dataprogra faller inn regnskapsfører;bookkeeping core, advisory, IT/data services;;
982110408;FLISA REGNSKAP AS;5;;Regnskapsføring, økonomisk rådgiving, etablereropplæring og kurs innen økonomisk fagområder.;specific;etablereropplæring fagområder kurs;bookkeeping core, advisory;;
927689766;FLYT REGNSKAP AS;6;;Regnskapsføring.;boilerplate;;bookkeeping core;;
932829894;FLYT ØKONOMI AS;9;;Regnskapsføring.;boilerplate;;bookkeeping core;;
986525084;FOKUS NORDIC OPERATIONS AS;12;;Regnskapsførsel og forretningsførsel, samt annet som har naturlig tilknytning til slik virksomhet.;generic;forretningsførsel har;bookkeeping core;;
996161684;FOKUS REGNSKAP OG RÅDGIVNING AS;6;;Regnskapsførsel og bokføring, rådgivninger og utleie av personell og alt som hermed står i forbindelse.;generic;personell rådgivninger;bookkeeping core, advisory;;
922866384;FONNA ØKONOMI AS;6;;Regnskap og rådgivning.;boilerplate;;bookkeeping core, advisory;;
889990082;FORMUE ACCOUNTING AS;34;www.formue.no;Regnskapsføring.;boilerplate;;bookkeeping core;;
997233131;FORTUNA REGNSKAP AS;7;www.fortunaregnskap.no;Regnskap og bokføring.;boilerplate;;bookkeeping core;;
976494741;FORVALTNINGSPARTNER AS;23;;Eiendomsforvaltning. Regnskap og bokføring.;generic;eiendomsforvaltning;bookkeeping core, unrelated trade;;
828044702;FORVIS MAZARS OUTSOURCING AS;18;;Regnskapsbyråtjenester, regnskapsføring og rådgivning, forvaltning av selskaper og eiendommer, kjøp og salg av varer og tjenester. Samt deltagelse i andre selskaper med et hvert formål og annet som naturlig faller sammen med dette.;specific;deltagelse eiendo faller forvaltning hvert regnskapsbyråtjenester selskaper varer;bookkeeping core, advisory, unrelated trade;;
931740296;FRAM ØKONOMI OSLO AS;11;;Regnskapsføring.;boilerplate;;bookkeeping core;;
934137833;FRANKS REGNSKAP AS;6;;Regnskapsføring.;boilerplate;;bookkeeping core;;
924339969;FREINO REGNSKAP AS;6;;Regnskap og bokføring, bedriftsrådgivning og annen administrativ rådgivning.;generic;administrativ bedriftsrådgivning;bookkeeping core, advisory;;
911628937;FREWILLA SERVICES AS;5;;Bokføring og forretningsførsel for selskaper underlagt Frewilla AS og utleie av arbeidskraft, og hva som står i naturlig forbindelse, herunder deltagelse i andre virksomheter.;specific;arbeidskraft deltagelse forretningsførsel frewilla selskaper underlagt;bookkeeping core;;
991163328;FRISIKT KIRKENÆR AS;19;;Regnskap og bokføring, og annen økonomisk rådgivning.;boilerplate;;bookkeeping core, advisory;;
932372894;FRISIKT SØR AS;14;;Regnskapsføring.;boilerplate;;bookkeeping core;;
991606823;FRISIKT VEST AS;74;www.frisikt.no;Regnskapsføring, økonomisk rådgivning og hva hermed står i forbindelse.;boilerplate;;bookkeeping core, advisory;;
984734387;FRISIKT ØST AS;59;www.okonomi.as;Regnskap og konsulentvirksomhet for næringsdrivende og privat virksomhet.;generic;privat;bookkeeping core, advisory;;
913631676;FRODIG ØKONOMI AS;14;;Ekstern økonomisk rådgivning og utførelse av regnskapstjenester samt alt som hører inn under dette. Herunder også deltakelse i andre selskaper.;specific;deltakelse ekstern inn selskaper utførelse;bookkeeping core, advisory;;
921368429;FROLAND REGNSKAP AS;6;;Levere regnskapstjenester og annen økonomisk rådgivning.;boilerplate;;bookkeeping core, advisory;;
928764044;FRYD REGNSKAP AS;8;frydregnskap.no;Leveranse av økonomitjenester innenfor regnskap, lønn og rådgivning, samt investering i andre foretak.;specific;foretak lønn økonomitjenester;bookkeeping core, payroll, advisory;;
942203284;FYRESDAL REKNESKAPSKONTOR AS;7;;Regnskapsføring og økonomianalyser/planlegging for firma og private klientar.;specific;firma klientar planlegging økonomianalyser;bookkeeping core;;
992142278;GABLER ACCOUNTING AS;12;;Levere regnskapstjenester.;boilerplate;;bookkeeping core;;
978702104;GABLER TRITON AS;6;;Føre regnskap for andre, bedriftsrådgivning og alt som måtte stå i forbindelse med dette.;specific;bedriftsrådgivning føre stå åtte;bookkeeping core, advisory;;
919383755;GARDERMOEN ØKONOMI AS;6;;Regnskap, bokføring samt økonomisk- og skatterådgiving og andre produkter/tjenester som naturlig hører sammen med dette.;generic;skatterådgiving økonomisk-;bookkeeping core, audit/tax;;
912717879;GEIR OVE KVAM AS;5;;Drive overnattingsverksemd i form av utleige. Utleige av maskiner- og transporttjenester, investering i andre selskaper og eigedommar samt finansielle investeringar og elles kjøp og sal av utstyr / tjenester som er naturleg for selskapet. Yte tjenester innenfor helse, sosial og forebygging retta mot barn og ungdom. Yte tjenester til private og det offentlege innenfor økonomi og rekneskap.;specific;barn eigedo elles finansielle forebygging form helse investeringar maskiner- naturleg offentlege overnattingsverksemd rekneskap retta sal selskaper sosial transporttjenester ungdom utleige utstyr yte;unrelated trade;;
913107209;GERHARD & SØNN AS;50;www.gerhardogsonn.no;Regnskap, bokføring, og økonomisk rådgivning.;boilerplate;;bookkeeping core, advisory;;
982249023;GL SKIPSREGNSKAP AS;8;www.glskip.no;Regnskapstjenester, forretningsførsel, investeringer og derved forbundet virksomhet.;specific;derved forbundet forretningsførsel;bookkeeping core;;
947615955;GODE TALL AS;19;www.godetall.no;Regnskap og konsulenttjenester.;boilerplate;;bookkeeping core, advisory;;
982508029;GP ØKONOMI AS;13;;Regnskapsføring og økonomisk rådgivning med bistand for kunder og alt som hører med i den forbindelse.;boilerplate;;bookkeeping core, advisory;;
931201050;GRAFF REGNSKAP OG RÅDGIVNING AS;7;;Regnskapsføring.;boilerplate;;bookkeeping core;;
928556530;GREENSTEP NORGE AS;17;www.greenstep.com/no;Utvikling og salg av regnskapstjenester, programvare, salg av konsulenttjenester.;generic;programvare;bookkeeping core, advisory, IT/data services;;
926067303;GREPA ØKONOMI AS;14;;Regnskapsføring og annen kontorservice.;generic;kontorservice;bookkeeping core;;
964342555;GUDMUNDSEN REGNSKAPSBYRÅ AS;6;;Regnskapsførsel, økonomisk rådgivning, fakturering og foretningsførsel, samt hva herunder står i for bindelse.;specific;bindelse fakturering foretningsførsel;bookkeeping core, advisory;;
915050700;GØTT REGNSKAP AS;9;;Regnskapsførervirksomhet.;generic;regnskapsførervirksomhet;bookkeeping core;;
979485611;H.D. EIDISSEN REGNSKAPSKONTOR AS;10;www.eidissenregnskap.no;Regnskapskontor, økonomisk rådgivning, samt aksjetegning, kunne delta i annen viklsomhet innen handel og industri.;specific;aksjetegning delta industri kunne viklsomhet;bookkeeping core, advisory, unrelated trade;;
999166962;HADELAND REGNSKAP AS;20;;Regnskaps- og rådgivingstjenester.;generic;regnskaps- rådgivingstjenester;bookkeeping core, advisory;;
938036764;HAGLAND FINANS AS;21;;Finansmegling, bedriftsrådgiving, forvaltning av andre selskaper inkludert eiendomsselskaper samt hva hermed står i forbindelse, herunder å delta i andre foretagender.;specific;bedriftsrådgiving delta eiendomsselskaper finansmegling foretagender forvaltning inkludert selskaper;advisory, unrelated trade;;
988976466;HAGLUND REGNSKAP AS;6;www.haglund.no;Regnskap og bedriftsrådgivning.;generic;bedriftsrådgivning;bookkeeping core, advisory;;
980057925;HALLINGDAL ØKONOMISERVICE AS;25;;Regnskapsføring, årsoppgjør, rådgiving omkring skatt og bedriftsøkonomiske vurderinger. Taksering og komplett rådgiving ved eierskifte i landbruket, herunder kursvirksomhet.;specific;bedriftsøkonomiske eierskifte komplett kursvirksomhet landbruket omkring taksering vurderinger årsoppgjør;bookkeeping core, advisory, audit/tax;;
925808571;HALSTEINSLID AS;5;;Utføre regnskaps- og rådgivningstjenester for næringsdrivende.;specific;regnskaps- rådgivningstjenester utføre;bookkeeping core, advisory;;
822866182;HAMA ACCOUNTING AS;6;;Levere regnskaps-, økonomi- og konsulenttjenester, samt alt som står i forbindelse med dette, herunder deltagelse i andre selskaper.;generic;regnskaps- økonomi-;bookkeeping core, advisory;;
912439461;HASLESTAD REGNSKAP AS;29;www.jsh.no;Revisjons- og regnskapsvirksomhet og hva hermed står i forbindelse, herunder å delta i andre sel- skaper med lignende virksomhet, samt kjøp og drift av fast eiendom.;specific;delta fast regnskapsvirksomhet revisjons- sel- skaper;bookkeeping core, audit/tax, unrelated trade;;
880381962;HASUND AS;26;;Bedriftrådgiving og rekneskapskontor.;generic;bedriftrådgiving rekneskapskontor;;;
986151818;HATTFJELLDAL REGNSKAPSKONTOR AS;5;;Drift av regnskapskontor, utleie av fast eiendom samt deltakelse i andre virksomheter ved aksjetegning eller på annen måte.;specific;aksjetegning deltakelse fast måte;bookkeeping core, unrelated trade;;
919807172;HAUGALAND REGNSKAP AS;6;;Regnskap og bokføring, samt hva hermed står i forbindelse, herunder å delta i andre selskaper med tilsvarende virksomhet.;boilerplate;;bookkeeping core;;
912483215;HAUGEN REGNSKAP AS;8;www.haugen-regnskap.no;Salg av regnskap- og konsulenttjenester, samt virksomhet som naturlig står i forbindelse med dette.;generic;regnskap-;bookkeeping core, advisory;;
933249913;HAUGERUD REGNSKAPSKONTOR AS;17;;Regnskapsføring.;boilerplate;;bookkeeping core;;
925413224;HAV REGNSKAP FINNØY AS;9;;Regnskap, rådgivning, forretningsutvikling, lønn og fakturering.;specific;fakturering forretningsutvikling lønn;bookkeeping core, payroll, advisory;;
931313657;HAV REGNSKAP STAVANGER AS;6;;Regnskapsføring.;boilerplate;;bookkeeping core;;
986758526;HEADWIND ØKONOMI AS;16;www.headwind.no;Regnskapsføring og konsulentbistand innen økonomi og data. Salg av software og hardware.;specific;data hardware konsulentbistand software;bookkeeping core, advisory, IT/data services;;
997009193;HEDEMARKEN REGNSKAP AS;18;www.hedemarkenregnskap.no;Føring av regnskap for andre og økonomisk rådgivning samt annet som står i naturlig forbindelse for denne virksomheten;generic;denne;bookkeeping core, advisory;;
914288525;HEGGE REGNSKAP AS;8;;Regnskapskontor, føre regnskap for andre.;generic;føre;bookkeeping core;;
968267000;HEGLE REGNSKAP AS;14;;Regnskapskontor med naturlig tilhørende virksomhet i Orkdal og Trondheim.;specific;orkdal tilhørende trondheim;bookkeeping core;;
881498022;HEIMTUN REGNSKAP & RÅDGIVNING AS;13;www.heimtun-bryn.no;Føre regnskap for andre, samt alt som derved står i forbindelse. Videre ved aksjetegning eller på annen måte gjøre seg interessert i andre foretag.;specific;aksjetegning derved foretag føre gjøre interessert måte seg videre;bookkeeping core;;
988914320;HEIAAS REGNSKAP AS;5;;Ekstern regnskapsføring, økonomisk rådgivning og konsulentoppdrag innen regnskap og økonomi.;generic;ekstern konsulentoppdrag;bookkeeping core, advisory;;
942099975;HETOR REGNSKAPSSERVICE AS;9;;Drive regnskapsbyrå og alt som står i forbindelse hermed.;boilerplate;;bookkeeping core;;
976708407;HILDE MØRK AS;7;;Forretningsførsel for mindre foretak. Transport av gods på vei.;specific;foretak forretningsførsel gods mindre transport vei;unrelated trade;;
971220988;HJARTDAL OG GRANSHERAD REKNESKAPSKONTOR AS;9;;Rekneskapskontor, samt hva herved står i forbindelse.;generic;rekneskapskontor;;;
929500873;HLS REGNSKAP AS;5;;Skal selge tjenester og varer innen regnskap, og annet som naturlig sammenfaller med dette, samt deltakelse i andre selskaper, investeringer og nærliggende virksomhet.;specific;deltakelse enfaller nærliggende selskaper varer;bookkeeping core;;
914205530;HN REGNSKAP AS;6;www.hnre.no;Forretningsførsel/regnskapsførsel/rådgivningsvirksomhet.;generic;forretningsførsel rådgivningsvirksomhet;bookkeeping core, advisory;;
964240108;HOPE REKNESKAPSKONTOR AS;19;sunnfjord.econ.no/;Rekneskapskontor og tilhøyrande tenester, samt å delta i andre selskap.;specific;delta rekneskapskontor tenester tilhøyrande;;;
995710633;HORG REGNSKAP AS;11;;Drift av regnskapskontor.;boilerplate;;bookkeeping core;;
995171570;HOVDEN CONSULT AS;9;hovdenconsult.no;Regnskapsføresel og økonomisk rådgivning og alt som naturlig hører inn under dette, herunder å eie aksjer og andeler i andre selskaper.;specific;eie inn regnskapsføresel selskaper;bookkeeping core, advisory;;
934862937;HÖEGH CAPITAL PARTNERS AS;5;;Føre regnskap for andre, samt drive økonomisk virksomhet av enhver art.;specific;art enhver føre;bookkeeping core;;
997420063;HØILUND REGNSKAP AS;18;;Konsulent- og regnskapstjenester innen økonomisk og administrativ rådgivning.;generic;administrativ konsulent-;bookkeeping core, advisory;;
922789916;IB REGNSKAPSTJENESTER AS;6;;Regnskapstjenester.;boilerplate;;bookkeeping core;;
917598703;IB REKNESKAP AS;5;www.ibrekneskap.no;Regnskapsføring for idrettslag og andre selskap. Rådgiving.;generic;idrettslag;bookkeeping core, advisory;;
919563753;ICONOMY AS;22;;Regnskapsførsel for andre virksomheter og rådgivning.;boilerplate;;bookkeeping core, advisory;;
998547334;IFRONT ØKONOMI AS;6;;Føring av regnskap og rådgivning vedrørende lønns- og personalsaker.;specific;lønns- personalsaker vedrørende;bookkeeping core, payroll, advisory;;
952152149;ILA BOKHOLDERI AS;8;ilabokholderi.no;Regnskapsføring.;boilerplate;;bookkeeping core;;
929500911;ILMA REGNSKAP AS;5;;Regnskap, rådgivning og andre tjenester som hører naturlig innunder dette.;generic;innunder;bookkeeping core, advisory;;
988669725;IMENTE JUSS & REGNSKAP AS;5;www.imente-regnskap.no;Bokføring, regnskapsvirksomhet og rådgivning, og det som naturlig tilhører dette.;generic;regnskapsvirksomhet tilhører;bookkeeping core, advisory;;
988636932;IMS REGNSKAP AS;6;www.imsregnskap.no;Regnskapsføring, rådgivning og kontortjenester, bygg-taksering.;generic;bygg-taksering kontortjenester;bookkeeping core, advisory, unrelated trade;;
936354890;INFOREGN AS;6;;Levere tjenester innen regnskapsføring, herunder drive konsulent- og kursvirksomhet, samt utvikle, markedsføre og selge produkter i tilknytning til økonomistyring og administrative styringssystemer. Selskapet skal også kunne delta i annen økonomisk virksomhet, alene eller ved interessent-/ aksjeinnskudd el.l.;specific;administrative aksjeinnskudd alene delta interessent- konsulent- kunne kursvirksomhet markedsføre styringssystemer økonomistyring;bookkeeping core, advisory;;
982583608;INITECH CONSULTING AS;9;;Konsulentvirksomhet innenfor økonomi og regnskap.;boilerplate;;bookkeeping core, advisory;;
841317602;INNVIK REKNESKAPSSERVICE AS;8;;Rekneskapskontor og det som står i samband med dette, medrekna å ta del i andre selskap med liknande verksemd.;specific;del liknande medrekna rekneskapskontor samband verksemd;;;
912508951;INOXO REGNSKAP AS;5;;Økonomi og regnskapstjenester.;boilerplate;;bookkeeping core;;
913103483;INSIGHT REGNSKAP AS;6;;Regnskapsføring for andre selskaper samt økonomisk rådgivning herunder aktiv deltagelse i andre selskaper.;specific;aktiv deltagelse selskaper;bookkeeping core, advisory;;
927338157;INSTATERA AS;7;;Regnskapsførsel for andre, konsulenttjenester og undervisning/kursvirksomhet.;generic;kursvirksomhet undervisning;bookkeeping core, advisory;;
930319821;INTELLI SERVICES AS;24;www.intelli.no;Investeringer.;boilerplate;;;;
921531761;INTER-DATA AS;5;;Regnskapsføring, databehandling, konsulent- og formidlingsvirksomhet innen leasing, factoring, forsikring, finansiering og hva dermed står i for- bindelse, kurs- og opplæringsvirksomhet, samt del- tagelse i andre selskaper med tilsvarende formål.;specific;bindelse databehandling del- factoring finansiering for- formidlingsvirksomhet forsikring konsulent- kurs- leasing opplæringsvirksomhet selskaper tagelse;bookkeeping core, advisory, IT/data services;;
997808339;IREGNSKAP AS;32;www.iregnskap.no;Regnskapskontor.;boilerplate;;bookkeeping core;;
997323750;IREGNSKAP KRISTIANSAND AS;5;www.iregn.no;Regnskapsføring, økonomisk rådgivning.;boilerplate;;bookkeeping core, advisory;;
996041727;IT REGNSKAP AS;34;www.itregnskap.no;Regnskapsbyrå.;boilerplate;;bookkeeping core;;
998156890;IVAN ULSUND REDERI AS;11;;Regnskap og administrasjon for hav- og kystfiskefartøy, samt investeringer.;specific;administrasjon hav- kystfiskefartøy;bookkeeping core;;
979713894;JANSSON & LARSEN REGNSKAP AS;41;www.jansson-larsen.no;Salg av regnskapstjenester, Edb-tjenester og økonomisk rådgivning.;generic;edb-tjenester;bookkeeping core, advisory, IT/data services;;
967708933;JEK REGNSKAP AS;9;;Føre regnskap for andre.;generic;føre;bookkeeping core;;
916588666;JFP SERVICES AS;22;;Regnskapsføring, innkjøp-, logistikk-, lager- og andre støttetjenester for andre selskaper.;specific;innkjøp- lager- logistikk- selskaper støttetjenester;bookkeeping core;;
933831868;JO REGNSKAP AS;7;;Regnskapsføring.;boilerplate;;bookkeeping core;;
911994356;JOINYOU AS;5;www.joinyou.no;Ekstern regnskapsførervirksomhet og rådgivning overfor andre næringsdrivende, foretak, organisasjoner eller foreninger.;specific;ekstern foreninger foretak organisasjoner overfor regnskapsførervirksomhet;bookkeeping core, advisory;;
915077218;JOLIN ACCOUNTING AS;6;;Ytre regnskapstjenester, økonomisk rådgivning og hva hermed står i denne forbindelse.;generic;denne ytre;bookkeeping core, advisory;;
928177564;JUST PRESIS AS;6;;Regnskapsføring, skatterådgivning og økonomistyring.;generic;skatterådgivning økonomistyring;bookkeeping core, audit/tax;;
975966992;JÆREN REGNSKAP AS;15;;Regnskap/konsulent - byrå.;generic;byrå;bookkeeping core, advisory;;
967534579;KANTALL AS;33;;Regnskapskontor og annen virksomhet knyttet til dette. Selskapet kan også ved aksjetegning eller ved å eie aksjer delta i annen næringsvirksomhet samt eie, kjøpe og selge fast eiendom samt å drive annen næringsvirksomhet.;specific;aksjetegning delta eie fast kjøpe knyttet næringsvirksomhet;bookkeeping core, unrelated trade;;
936911919;KEEL AS;10;;Regnskapsføring.;boilerplate;;bookkeeping core;;
988573108;KELMER AS;14;www.kelmer.no;Regnskapsføring og økonomisk rådgivning for andre bedrifter, samt andre tjenester som naturlig hører sammen med dette. Selskapet kan i tillegg drive med investering i aksjer og eiendom.;generic;tillegg;bookkeeping core, advisory, unrelated trade;;
958582528;KEMAX ØKONOMI REGNSKAP AS;16;www.kemax.no;Regnskapsførervirksomhet, bedriftsøkonomisk rådgivning.;generic;bedriftsøkonomisk regnskapsførervirksomhet;bookkeeping core, advisory;;
833078712;KFREGNSKAP AS;14;;Regnskapsføring.;boilerplate;;bookkeeping core;;
986553258;KINN REGNSKAP AS;7;;Regnskapstjenester og økonomisk rådgivning og alt som star i naturlig sammenheng med dette.;generic;enheng star;bookkeeping core, advisory;;
991711066;KJELDSBERG BOLIGFORVALTNING AS;8;www.kjeldsberg.no;Salg av regnskaps- og økonomitjenester.;generic;regnskaps- økonomitjenester;bookkeeping core;;
947214489;KJELL HAVER REGNSKAPSSERVICE AS;32;www.kjellhaver.no;Konsulenttjenester og regnskapsføring samt del- takelse i andre selskaper med lignende formål.;specific;del- selskaper takelse;bookkeeping core, advisory;;
976228383;KL REGNSKAP SELBU AS;14;www.kl.no;Regnskapsføring, økonomisk rådgivning, samt annen virksomhet som naturlig hører inn under dette.;generic;inn;bookkeeping core, advisory;;
921235380;KL ØKONOMI OG HR AS;41;www.kl.no;Regnskapskontor, og hva dermed står i forbindelse.;boilerplate;;bookkeeping core;;
926375164;KLC AS;5;;Regnskapsførsel og økonomisk rådgivning.;boilerplate;;bookkeeping core, advisory;;
980397599;KLEPP REGNSKAP AS;15;www.klepp-regnskap.no;Regnskapskontor.;boilerplate;;bookkeeping core;;
974476495;KNIF REGNSKAP AS;107;;Regnskap og konsulentvirksomhet.;boilerplate;;bookkeeping core, advisory;;
933565831;KOMPLETT REGNSKAP AS;8;;Regnskaps- kontor-/administrasjonsoppdrag, salg og servicetjenester samt hva dermed står i forbindelse, herunder å delta i andre selskaper med lignende virksomhet.;specific;administrasjonsoppdrag kontor- regnskaps- servicetjenester;bookkeeping core;;
910944681;KOMPLETT REGNSKAP HAMMERFEST AS;12;www.econ.no;Regnskapsservice, samt å yte konsultativ bistand både regnskapsmessig og forretningsmessig for alle typer av bedrifter.;specific;forretningsmessig konsultativ regnskapsmessig regnskapsservice yte;bookkeeping core;;
822496822;KONGSHAVN REGNSKAP AS;7;Www.kongshavnregnskap.no;Regnskapskontor.;boilerplate;;bookkeeping core;;
917198152;KONSERNSUPPORT AS;6;;Regnskapstjeneste, HR tjenester, salgsrettet tjeneste og administrasjon;specific;administrasjon regnskapstjeneste salgsrettet;bookkeeping core;;
996247406;KONTADO AS;6;;Regnskapsføring samt økonomisk rådgivning.;boilerplate;;bookkeeping core, advisory;;
915554245;KONTERA REGNSKAP AS;6;www.unnli.no;Regnskapsførsel og økonomisk bistand.;boilerplate;;bookkeeping core;;
998248825;KONTI AS;9;;Tilbyder av konsulenttjenester og rådgivning innen IT-systemer, databaser og integrasjon.;specific;databaser integrasjon it-systemer tilbyder;advisory, IT/data services;;
981339193;KONTOKUNST AS;7;;Regnskapsarbeid, økonomisk rådgivning og øvrige merkantile tjenester samt vikarbyrå.;specific;merkantile regnskapsarbeid vikarbyrå øvrige;bookkeeping core, advisory;;
998711282;KRAGERØ OG GRENLAND ØKONOMISERVICE AS;11;www.kros.no;Regnskapstjenester, andre beslektede tjenester samt kursvirksomhet og annet som er naturlig i den forbindelse.;generic;beslektede kursvirksomhet;bookkeeping core;;
935165644;KRISTOFFERSEN & BERG AS;10;;Drive regnskapsbyrå og økonomisk konsulent- virksomhet, samt derved forbunden virksomhet, herunder å drive handel.;specific;derved forbunden konsulent-;bookkeeping core, advisory, unrelated trade;;
919727039;KUDOS REGNSKAP AS;10;;Regnskapsførsel, konsulenttjenester.;boilerplate;;bookkeeping core, advisory;;
896380532;KULLTANGEN REGNSKAP AS;5;;Regnskapsfører- og konsulentvirksomhet.;generic;regnskapsfører-;bookkeeping core, advisory;;
991908501;KUNST & KULTUR REGNSKAP AS;7;;Autorisert regnskapsførerselskap med rådgivning i økonomi, skatt, administrasjon og regnskap. Konsulent- og sekretærtjenester innen for regnskap og økonomi med utleie av disse tjenestene. Investering i verdipapirer og eiendom, samt deltakelse i andre beslektede virksomheter.;specific;administrasjon autorisert beslektede deltakelse disse konsulent- regnskapsførerselskap sekretærtjenester tjenestene verdipapirer;bookkeeping core, advisory, audit/tax, unrelated trade;;
932296047;KURVE REGNSKAP AS;6;;Regnskapsføring.;boilerplate;;bookkeeping core;;
944837388;KVAM REKNESKAPSKONTOR AS;8;;Bokføring og rekneskapsservice, konsulenttenester og anna tenesteytande verksemd av merkantil art.;specific;anna art konsulenttenester merkantil rekneskapsservice tenesteytande verksemd;bookkeeping core, advisory;;
916051271;KVAMME REKNESKAP AS;9;;Regnskapsføring for andre.;boilerplate;;bookkeeping core;;
979346484;LAENG BEDRIFTSERVICE AS;8;;Føre regnskap for andre, drive med bedriftsrådgivning, administrasjon, internkontroll, regulær forretningsdrift samt annen virksomhet som naturlig faller inn under dette. Selskapet kan delta i andre selskaper i inn- og utland.;specific;administrasjon bedriftsrådgivning delta faller forretningsdrift føre inn inn- internkontroll regulær selskaper utland;bookkeeping core, advisory;;
918585826;LAND & VALDRES REGNSKAP AS;7;;Bistå virksomheter med regnskapsførsel og økonomisk rådgivning.;generic;bistå;bookkeeping core, advisory;;
997842731;LANDBØ REGNSKAP AS;22;;Drift av regnskapskontor, herunder konsulentbistand knyttet til økonmiske, skattemessige og administrative forhold.;specific;administrative forhold knyttet konsulentbistand økonmiske;bookkeeping core, advisory, audit/tax;;
994883291;LANGSETH SERVICES AS;39;;Forretningaførsel, regnskapsføring, utleie av arbeidskraft og hva som står i naturlig forbindelse, herunder deltagelse i andre selskap med samme eller lignende formål.;specific;arbeidskraft deltagelse forretningaførsel;bookkeeping core;;
932707535;LARVIK REGNSKAPSBYRÅ AS;8;www.larvikregnskap.no;Regnskapsføring for andre, samt hva som står i forbindelse med dette.;boilerplate;;bookkeeping core;;
947590529;LAURITZEN REGNSKAP A/S;5;;Drive regnskapskontor samt hva som dermed står i forbindelse.;boilerplate;;bookkeeping core;;
914459060;LEIF KIELSEN AS;9;;Konsulentvirksomhet innen regnskapsbransjen og utleie av ansatte til egne selskap.;specific;ansatte egne regnskapsbransjen;bookkeeping core, advisory;;
912434427;LEINONEN AS;9;leinonen.eu/nor/no/;Regnskapsføring for andre, lønnskjøringstjenester for andre, konsulentvirksomhet, økonomisk rådgivning;generic;lønnskjøringstjenester;bookkeeping core, payroll, advisory;;
980491064;LEKSVIK REGNSKAP AS;5;;Regnskapskontor.;boilerplate;;bookkeeping core;;
975363791;LIER REGNSKAP AS;22;;Regnskapskontor med bokføring av klienters regnskap, rådgivning og ellers alt hva hører inn under begrepet økonomiveiledning. Deltagelse i annen virksomhet.;specific;begrepet deltagelse ellers inn klienters økonomiveiledning;bookkeeping core, advisory;;
892122652;LIGO REGNSKAP AS;25;;Salg av regnskaps- og konsulenttjenester.;generic;regnskaps-;bookkeeping core, advisory;;
813798662;LIKVIDITAS REGNSKAP AS;10;;Rådgivning og regnskapstjenester.;boilerplate;;bookkeeping core, advisory;;
814447502;LILLESAND REGNSKAP OG ØKONOMI AS;7;;Regnskapføring og økonomisk rådgivning.;generic;regnskapføring;bookkeeping core, advisory;;
918953515;LIMA REGNSKAP AS;6;;Regnskapstjenester, økonomisk rådgivning, utleie/konsulenttjenester innen regnskap og økonomisk rådgivning og andre tjenester/produkter som naturlig faller sammen med dette, herunder delta i andre selskaper med lignende virksomhet, kjøp og salg av aksjer, eller på annen måte gjøre seg interessert i andre foretagender.;specific;delta faller foretagender gjøre interessert måte seg selskaper;bookkeeping core, advisory;;
992940247;LIMCO REGNSKAP AS;5;www.rcbergen.no;Regnskapsførsel, inkasso.;generic;inkasso;bookkeeping core;;
955367286;LISTA REGNSKAPSLAG AS;7;www.listaregnskapslag.no;Regnskapskontor.;boilerplate;;bookkeeping core;;
819731942;LITNOR ACCOUNTING AS;6;;Regnskapførervirksomhet, økonomisk og administrativ rådgivning, og konsulentvirksomhet innenfor regnskap, økonomi, skatt, avgift.;specific;administrativ avgift regnskapførervirksomhet;bookkeeping core, advisory, audit/tax;;
985641803;LOFOTEN ØKONOMISERVICE AS;12;;Drive regnskapsføring og konsulentvirksomhet, med lignende tilhørende virksomhet, herunder også å delta i andre selskaper med lignende virksomhet.;specific;delta selskaper tilhørende;bookkeeping core, advisory;;
922662118;LU COMPANY ØKONOMI AS;5;;Regnskapsførsel, avstemming og kontroll, lønn, fakturering, årsoppgjør, enkel bedriftsrådgivng.;specific;avste bedriftsrådgivng enkel fakturering ing kontroll lønn årsoppgjør;bookkeeping core, payroll, advisory;;
987656190;LUND REGNSKAPSKONTOR AS;22;www.lundregnskap.no;Å ta på seg oppdrag for ekstern regnskapsføring, lønn og fakturering samt årsoppgjør. Selskapet tar også på seg andre oppdrag som står i naturlig forbindelse med kjernevirksomheten.;specific;ekstern fakturering kjernevirksomheten lønn oppdrag seg tar årsoppgjør;bookkeeping core, payroll;;
978616070;LUNDEN REGNSKAP AS;30;;Regnskapsføreing, fakturering, lønn, økonomistyreing herunder rådgivning m.v.;specific;fakturering lønn regnskapsføreing økonomistyreing;bookkeeping core, payroll, advisory;;
928521532;LURØY BYGG OG REGNSKAP AS;6;;Regnskapsføring, føring av regnskap for andre. Regnskap og bokføring. Eiendomsselskap, kjøp/salg av fast eiendom.;generic;eiendomsselskap fast;bookkeeping core, unrelated trade;;
925856649;LYKKETALL AS;11;www.lykketall.com;Føre regnskap i næring for andre selskaper. Levere regnskap- og økonomitjenester, administrasjonstjenester og generell konsulentvirksomhet. Selskapet kan også levere andre tjenester som naturlig sammenfaller med dette - samt deltakelse i andre selskaper, investeringer og nærliggende virksomhet.;specific;administrasjonstjenester deltakelse enfaller føre næring nærliggende regnskap- selskaper økonomitjenester;bookkeeping core, advisory;;
967108642;LØBØ REKNESKAP OG ØKONOMI AS;5;;Rekneskapstjenester.;generic;rekneskapstjenester;;;
919172029;LAASTAD PLUSS & MINUS AS;11;www.laastadplussogminus.no;Regnskap og bedriftsrådgivning.;generic;bedriftsrådgivning;bookkeeping core, advisory;;
979295278;MAERSK ACCOUNTANCY & VAT SERVICES NORWAY AS;25;www.maersk.com;Bedrive regnskapsførsel, samt drive konsulent og kursvirksomhet.;generic;bedrive kursvirksomhet;bookkeeping core, advisory;;
936025609;MAGNAR NILSEN CONSULTING AS;5;;Regnskapsføring, skatterådgivning og konsulenttjenester innen økonomi.;generic;skatterådgivning;bookkeeping core, advisory, audit/tax;;
895021032;ME-TO REGNSKAPSKONTOR AS;6;;Autorisert regnskapførervirksomhet.;generic;autorisert regnskapførervirksomhet;bookkeeping core;;
920554466;MEDIO CONSULTING AS;6;www.medioconsulting.no;Regnskapsføring og konsulenttjenester og andre produkter/tjenester som naturlig hører sammen med dette, herunder å delta i andre selskap med lignende virksomhet, og kjøp og salg av aksjer eller på annen måte gjøre seg interessert i andre foretak.;specific;delta foretak gjøre interessert måte seg;bookkeeping core, advisory;;
927345854;MEIRE VVS REGNSKAP AS;5;;Regnskapsførsel, lønn, årsoppgjør og rådgivning.;generic;lønn årsoppgjør;bookkeeping core, payroll, advisory;;
981124715;MELHUS REGNSKAP AS;29;www.melhus-regnskap.no;Regnskapsføring, økonomisk rådgivning og det som naturlig hører inn under dette.;generic;inn;bookkeeping core, advisory;;
947226010;MELØY ØKONOMISENTER AS;14;;Å drive regnskapsføring og tjenesteyting som står i sammenheng med det. Selskapet kan også engasj- ere seg i andre selskap ved aksjeoppkjøp o l.;specific;aksjeoppkjøp engasj- enheng ere seg;bookkeeping core;;
992894903;MEMOACCOUNTING AS;16;;Regnskapsføring, økonomisk rådgivning og konsulentvirksomhet.;boilerplate;;bookkeeping core, advisory;;
954971392;MERCATOR AS;8;;Drive regnskapskontor med konsulentservice samt all virksomhet som står i forbindelse hermed, således også kjøp, salg og leie av fast eiendom og ved aksjetegning eller på annen måte å gjøre seg interessert i andre foretagender.;specific;aksjetegning fast foretagender gjøre interessert konsulentservice leie måte seg således;bookkeeping core, advisory, unrelated trade;;
916589085;MERKANT AS;51;;Selge og utvikle regnskaps- og EDB tjenester, programprodukter og EDB utstyr til næringslivet, samt utvikle og drive virksomhet innenfor beslektede områder.;specific;beslektede edb næringslivet områder programprodukter regnskaps- utstyr;bookkeeping core, IT/data services;;
993772151;MERKANTIL CONSULT AS;12;www.merkantilconsult.no;Regnskapsførsel og økonomisk konsulentvirksomhet.;boilerplate;;bookkeeping core, advisory;;
996413764;MGI REGNSKAP AS;12;;Salg av regnskaps- og tilhørende konsulenttjenester samt deltagelse i andre virksomheter.;specific;deltagelse regnskaps- tilhørende;bookkeeping core, advisory;;
988889512;MIDT-TELEMARK REGNSKAP AS;10;;Rekneskapsføring, økonomirådgjeving og konsulenttjenester og det som naturleg høyrer til dette, samt deltagelse i andre selskap som har økonomisk formål.;specific;deltagelse har høyrer naturleg rekneskapsføring økonomirådgjeving;advisory;;
944850295;MIDTBYEN REGNSKAP AS;5;www.midtbyenregnskap.no;Tilby og utføre regnskapstjenester. Salg av økonomiske konsulenttjenester.;generic;tilby utføre;bookkeeping core, advisory;;
985148651;MIKI REGNSKAP AS;11;;Regnskapstjenester og alt som med dette tilhører samt deltagelse i andre virksomheter.;generic;deltagelse tilhører;bookkeeping core;;
914994888;MILLOR AS;9;www.millor.no;Regnskaps- og konsulenttjenester.;generic;regnskaps-;bookkeeping core, advisory;;
938712085;MODUM REGNSKAP AS;7;;Handel, regnskapsføring, datatjenester, konsulenttjenester, eie aksjer/andeler i andre selskaper, samt hva hermed står i forbindelse.;specific;datatjenester eie selskaper;bookkeeping core, advisory, IT/data services, unrelated trade;;
934406699;MODUM REGNSKAPSKONTOR AS;12;;Regnskapsføring.;boilerplate;;bookkeeping core;;
932039214;MOELV REGNSKAPSBYRÅ AS;13;;Regnskapsføring.;boilerplate;;bookkeeping core;;
897484692;MOSS ØKONOMISERVICE AS;5;www.mossokonomi.no;Drift av autorisert regnskapsførervirksomhet, herunder salg av andre økonomisk administrative tjenester.;specific;administrative autorisert regnskapsførervirksomhet;bookkeeping core;;
921790473;MOTREGN AS;6;;Yte tjenester innen regnskapsføring og konsulenttjenester for små og mellomstore bedrifter, herunder det som naturlig står i den forbindelse, samt deltakelse ved aksjeinnskudd eller på annen måte i selskap med økonomisk formål.;specific;aksjeinnskudd deltakelse mellomstore måte små yte;bookkeeping core, advisory;;
997805771;MOTZFELDT REGNSKAP AS;9;;Økonomi og regnskapstjenester.;boilerplate;;bookkeeping core;;
812206532;MOVERE ØKONOMI & REGNSKAP AS;8;www.movere.no;Regnskapskontor. Økonomisk rådgivning.;boilerplate;;bookkeeping core, advisory;;
991318631;MPR REGNSKAP AS;13;www.mprg.no;Regnskapsbistand og rådgivning, samt annet som naturlig faller sammen med dette.;generic;faller regnskapsbistand;bookkeeping core, advisory;;
998127998;MR REGNSKAP AS;10;;Utføre regnskapstjenester for Møbelringen AS medlemmer.;specific;medle møbelringen utføre;bookkeeping core;;
919017805;MTA GROUP AS;7;www.mtagroup.no;Regnskapsføring og rådgivning. Kjøp og salg av aksjer eller på annen måte å delta i andre virksomheter. Undervisning.;specific;delta måte undervisning;bookkeeping core, advisory;;
950428643;MULTI REGNSKAP AS;7;;Levere regnskapstjenester og konsulenttjenester samt hva hermed står i forbindelse, herunder å delta i andre selskaper.;boilerplate;;bookkeeping core, advisory;;
913423585;MYHRERS RTB AS;7;mrtb.no;Regnskapsmessig bistand av enhver art,samt deltak- else i annen virksomhet ved aksjetegning e.l.;specific;aksjetegning art deltak- else enhver regnskapsmessig;bookkeeping core;;
975916766;MYRE REGNSKAP AS;7;www.myreregnskap.no;Å drive regnskapskontor og annen virksomhet som naturlig faller inn under dette, herunder å delta i andre selskaper.;generic;faller inn;bookkeeping core;;
889438762;MÅL REGNSKAP AS;6;;Regnskapsførsel, bedriftsrådgivning og andre dertilhørende tjenester.;generic;bedriftsrådgivning dertilhørende;bookkeeping core, advisory;;
976944194;NAMDALSEID REGNSKAP AS;12;www.namdregnskap.no;Bedriftsøkonomisk rådgivning, inklusive regnskapsførsel.;generic;bedriftsøkonomisk inklusive;bookkeeping core, advisory;;
966809299;NITSCHKE CONSULT AS;9;;Regnskapsføring og økonomitjenester.;generic;økonomitjenester;bookkeeping core;;
824591962;NIVAL AS;10;;Regnskapsføring.;boilerplate;;bookkeeping core;;
968611313;NIVENTUS CONSULT AS;8;;Regnskap og rådgivning.;boilerplate;;bookkeeping core, advisory;;
989572938;NJORD BUSINESS SERVICES AS;22;;Regnskapsfører- og bedriftsøkonomisk rådgivningsvirksomhet. Investering i aksjer, obligasjoner og andre verdipapirer.;specific;bedriftsøkonomisk obligasjoner regnskapsfører- rådgivningsvirksomhet verdipapirer;bookkeeping core, advisory;;
833028812;NLR REGNSKAP AS;35;;Regnskapsføring.;boilerplate;;bookkeeping core;;
995627892;NOMIA AS;9;;Regnskapstjenester og andre nærliggende tjenester som er naturlig for et regnskapskontor å tilby sine kunder.;specific;nærliggende sine tilby;bookkeeping core;;
932124777;NOR LOGISTIKK AS;7;;Regnskapsføring.;boilerplate;;bookkeeping core;;
932079119;NOR REGNSKAP AS;5;;Regnskapsføring.;boilerplate;;bookkeeping core;;
831568542;NORD SERVICES AS;7;www.nordservices.no;Forestå regnskapsførsel og å yte konsulent- tjenester innen økonomi og regnskap, samt gjøre seg interessert i annen økonomisk virksomhet, heri investering i fast eiendom.;specific;fast forestå gjøre heri interessert konsulent- seg yte;bookkeeping core, advisory, unrelated trade;;
829221772;NORDIC SUPPORT AS;9;;..Føre regnskap og levere konsultentjenester til kunder, konsernselskaper og franchisevirksomheter, herunder andre tjenester som inngår i realiseringen av ovennevnte formål;specific;franchisevirksomheter føre inngår konsernselskaper konsultentjenester ovennevnte realiseringen;bookkeeping core;;
976516109;NORDKAPP REGNSKAPSBYRÅ AS;10;;Regnskapskontor.;boilerplate;;bookkeeping core;;
923714170;NORDVIK REGNSKAP AS;5;;Regnskapskontor med tilhørende aktiviteter.;generic;aktiviteter tilhørende;bookkeeping core;;
870992122;NORGES TAXI REGNSKAP AS;6;;Regnskapsføring og økonomisk rådgivning samt hva som naturlig faller inn under dette, herunder deltagelse i selskap med lignende eller beslektede formål.;specific;beslektede deltagelse faller inn;bookkeeping core, advisory;;
883743512;NORGESGRUPPEN REGNSKAP AS;119;;Regnskapstjenester til konsernselskap og kjøpmannseide virksomheter, herunder konsulenttjenester og andre tjenester som inngår i realiseringen av ovennevnte formål.;specific;inngår kjøpmannseide konsernselskap ovennevnte realiseringen;bookkeeping core, advisory;;
992932767;NORHEIM REGNSKAP AS;7;;Regnskapsførerbransjen.;generic;regnskapsførerbransjen;bookkeeping core;;
934605527;NORSK REGNSKAP AS;14;;Regnskapsføring.;boilerplate;;bookkeeping core;;
931924672;Norsk Regnskap og Inkasso AS;10;www.nri.as;Regnskapsføring, inkasso og annen tjenesteyting.;generic;inkasso;bookkeeping core;;
913229401;NORUS ACCOUNTING AS;7;www.norus-regnskap.no;Økonomisk og juridisk rådgivning, tolketjeneste.;generic;juridisk tolketjeneste;advisory;;
892341052;NOVUM ØKONOMI AS;8;www.novum.no;Bedriftsrådgivning, regnskapsoppdrag og konsulenttjenester, herunder mva-representasjon, samt skatte og avgiftsmessig rådgivning. Tilby opplæring og kurs samt annet som hørernaturlig til dette, herunder nettbasert undervisning.;specific;avgiftsmessig bedriftsrådgivning hørernaturlig kurs mva-representasjon nettbasert opplæring regnskapsoppdrag skatte tilby undervisning;bookkeeping core, advisory, audit/tax;;
985534748;NOVUS RÅD OG REGNSKAP AS;5;;Regnskapskontor.;boilerplate;;bookkeeping core;;
830327142;NRFD AS;6;;Bokføring og økonomisk rådgivning.;boilerplate;;bookkeeping core, advisory;;
945186259;NSV INVEST AS;7;;Investeringsvirksomhet, samt ved aksjetegning eller på hvilken som helst annen måte gjøre seg interessert i andre foretagender av enhver art.;specific;aksjetegning art enhver foretagender gjøre helst hvilken interessert investeringsvirksomhet måte seg;;;
919948329;NUMBERS AS;14;;Regnskap, bokføring, rådgivning og annen virksomhet som naturlig hører til.;boilerplate;;bookkeeping core, advisory;;
929120108;NUMERA AS;8;;Regnskapstjenester, konsulenttjenester innen IT og grafisk design, økonomisk rådgivning og andre tjenester i naturlig forbindelse.;generic;design grafisk;bookkeeping core, advisory, IT/data services;;
979202067;NUMERO CONSULTANTS AS;11;;Økonomisk konsulentvirksomhet og rådgivningstjenester, regnskapsføring, forvaltning av eiendom, samt investeringer i andre selskaper og virksomheter.;specific;forvaltning rådgivningstjenester selskaper;bookkeeping core, advisory, unrelated trade;;
929326415;NUMETRIC AS;7;;Regnskap og bokføring;boilerplate;;bookkeeping core;;
977082811;O M REGNSKAP AS;18;;Regnskapsføring av økonomisk rådgivning.;boilerplate;;bookkeeping core, advisory;;
899326792;OBF REGNSKAPSBYRÅ AS;9;www.obf.no;Regnskaps- og forretningsførsel og det som naturlig hører sammen med dette.;generic;forretningsførsel regnskaps-;bookkeeping core;;
981241150;ODAL ØKONOMI AS;40;www.odal-okonomi.no;Regnskapsføring med tilstøtende oppgaver, rådgivning innenfor skatt- og avgiftsområdet, selskapsetablering, generasjonsskifte, ol.;specific;avgiftsområdet generasjonsskifte oppgaver selskapsetablering skatt- tilstøtende;bookkeeping core, advisory, audit/tax;;
939186328;ODD BERG AS;5;www.oddberg.no;Drive skipsfart, handel, industri, produksjon, tjenesteyting og tilknyttet virksomhet. Selskapet kan delta i andre lignende virksomheter.;specific;delta industri skipsfart;unrelated trade;;
934609298;OLAF TELLE AS;6;;Regnskapsføring.;boilerplate;;bookkeeping core;;
931598031;OLAV SÆBØ REGNSKAP AS;8;;Regnskapsføring.;boilerplate;;bookkeeping core;;
983037321;OLDEN OG VIKANE REKNESKAP AS;6;www.accountor.no;Rekneskapsføring og økonomisk rådgjeving.;generic;rekneskapsføring rådgjeving;;;
997681339;OLE MOEN BERGEN AS;5;;Yte regnskapstjenester og rådgivningstjenester i forbindelse med regnskapsvirksomhet. Selskapet skal videre kjøpe, og eie aksjer og alt som herved hører med. I tillegg til å delta i andre selskaper med tilsvarende formål.;specific;delta eie kjøpe regnskapsvirksomhet rådgivningstjenester selskaper tillegg videre yte;bookkeeping core, advisory;;
978647618;OME SOLUTIONS AS;10;www.omeas.no;Regnskap og økonomisk rådgivning.;boilerplate;;bookkeeping core, advisory;;
987484330;ON TIME REGNSKAP AS;20;;Konsulent- og regnskapsvirksomhet.;generic;konsulent- regnskapsvirksomhet;bookkeeping core, advisory;;
820585402;ONE ACCOUNTING AS;30;www.oneaccounting.no;Leveranse av økonomitjenester innenfor regnskap, lønn og rådgivning, samt investering i andre foretak.;specific;foretak lønn økonomitjenester;bookkeeping core, payroll, advisory;;
913156323;ONSØY REGNSKAP AS;9;;Føre regnskap for andre, samt økonomisk rådgivning og annen bistand som naturlig hører med til regnskapsoppdragene.;generic;føre regnskapsoppdragene;bookkeeping core, advisory;;
920387470;OPK AS;17;;Regnskapstjenester, konsulenttjenester og aksjetegning eller på annen måte delta i andre selskaper eller foretak.;specific;aksjetegning delta foretak måte selskaper;bookkeeping core, advisory;;
925143103;OPP REGNSKAP AS;6;;Regnskap og bokføring, økonomisk rådgivning.;boilerplate;;bookkeeping core, advisory;;
931231871;OPTIMA REGNSKAP AS;5;;Regnskapsføring.;boilerplate;;bookkeeping core;;
986464492;OPTIMAL REGNSKAP AS;9;;Drift av regnskapskontor og bedriftsrådgivning med naturlig tilhørende virksomhet.;generic;bedriftsrådgivning tilhørende;bookkeeping core, advisory;;
919419784;OPTIMAL-ØKONOMI AS;5;;Regnskapstjenester og andre kontor og økonomitjenester.;generic;kontor økonomitjenester;bookkeeping core;;
922173478;OPUS ØKONOMI AS;5;;Tjenester innen regnskap og bokføring for andre, utleie av personell, samt deltagelse i andre virksomheter.;generic;deltagelse personell;bookkeeping core;;
998243432;ORKLA REGNSKAP AS;6;www.orklaregnskap.no;Drive regnskapskontor og yte økonomisk rådgivning.;generic;yte;bookkeeping core, advisory;;
934958446;ORKLA SPAREBANK REGNSKAP AS;12;;Regnskapsføring.;boilerplate;;bookkeeping core;;
912106594;OSEBERG SERVICES AS;47;www.osebergservices.no;Konsulenttjenester innen regnskap og økonomi. Salg og utvikling av programvare. Kjøp, salg, utvikling og utleie av fast eiendom. Investering i virksomheter med økonomisk formål.;generic;fast programvare;bookkeeping core, advisory, IT/data services, unrelated trade;;
924194251;OSLO ACCOUNTING AS;5;;Regnskapsføring og økonomisk rådgivning.;boilerplate;;bookkeeping core, advisory;;
940828147;OTTA REGNSKAPSKONTOR AS;25;www.meire.no;Selge regnskapstjenester, merkantile tjenester og annen virksomhet som naturlig er forbundet med dette, samt ved aksjetegning eller på annen måte å gjøre seg interessert i andre foretagender.;specific;aksjetegning forbundet foretagender gjøre interessert merkantile måte seg;bookkeeping core;;
922551162;OVERBLIKK REGNSKAP AS;9;;Regnskap og bokføring.;boilerplate;;bookkeeping core;;
999054463;PARADIS REGNSKAP AS;9;www.paradisregnskap.no;Regnskapsføring og økonomisk rådgivning for eksterne kunder.;generic;eksterne;bookkeeping core, advisory;;
991405518;PARATA AS;6;;Rekneskap, bokføring, rådgjeving og det som høyrer inn under dette;specific;høyrer inn rekneskap rådgjeving;bookkeeping core;;
988954691;PBL REGNSKAP AS;90;www.pbl.no;Salg av regnskapstjenester og økonomisk rådgivning, med tilhørende tilleggstjenester som naturlig hører med, til foretak kontrollert av medlemmer i PBL (Private Barnehagers Landsforbund). Selskapet kan også selge regnskapstjenester og økonomisk rådgivning, med tilhørende tilleggstjenester til eksterne aktører gitt at dette gir medlemsbarnehagene i PBL bedre betingelser.;specific;aktører barnehagers bedre betingelser eksterne foretak gir gitt kontrollert landsforbund medle medlemsbarnehagene pbl tilhørende tilleggstjenester;bookkeeping core, advisory;;
996414353;PEDERSEN & SKOGHOLT REGNSKAP AS;11;;Regnskapsførerselskap.;generic;regnskapsførerselskap;bookkeeping core;;
984058314;PEDERSENS REGNSKAPSKONTOR AS;8;www.pedersen-regnskap.no;Regnskapskontor.;boilerplate;;bookkeeping core;;
929641418;PELLIPS FINANCE AS;8;;Regnskapsføring og rådgivning.;boilerplate;;bookkeeping core, advisory;;
999226094;PERMIAN BUSINESS PARTNER AS;72;;Yte rådgivning og utføre administrative tjenester til andre selskap, samt tilknyttet virksomhet til dette.;specific;administrative utføre yte;advisory;;
920993281;PETIM REGNSKAP 1 AS;5;;Autorisert regnskapsførerselskap.;generic;autorisert regnskapsførerselskap;bookkeeping core;;
992072059;PK REGNSKAP AS;8;;Utføre regnskapstjenester og andre produkter/tjenester som naturlig hører sammen med dette, herunder å delta i andre selskaper med lignende virksomhet.;generic;utføre;bookkeeping core;;
932383837;POSITIVT REGNSKAP AS;7;;Regnskapsføring. Investering i aksjer og verdipapirer.;generic;verdipapirer;bookkeeping core;;
912194272;PRAVDA ACCOUNTING AS;5;;Regnskapstjenester, økonomisk rådgivning;boilerplate;;bookkeeping core, advisory;;
829002132;PRE SOLUTIONS AS;9;;Regnskapsførervirksomhet, rådgivningstjenester, konsulenttjenester innen IT og salg av programvare. Selskapet kan gjøre investeringer i andre selskaper av enhver art.;specific;art enhver gjøre programvare regnskapsførervirksomhet rådgivningstjenester selskaper;bookkeeping core, advisory, IT/data services;;
983898033;PRO-SJEKT REGNSKAP AS;8;;Regnskapsføring, rådgivning og andre konsulenttjenester innen regnskap og skatt m.m.;boilerplate;;bookkeeping core, advisory, audit/tax;;
971155450;PROBUS AS;7;;Konsulenttjenester, handel, markedsføring, forvaltning og drift av fast eiendom, samt deltakelse i andre selskaper med økonomisk virksomhet, og det som hermed står i forbindelse.;specific;deltakelse fast forvaltning selskaper;advisory, unrelated trade;;
930069299;PROGRESSO AS;12;;Rekneskapsføring, bedriftsrådgivning og andre merkantile tenester.;specific;bedriftsrådgivning merkantile rekneskapsføring tenester;advisory;;
889380802;PROGRESSUM AS;62;www.progressum.no;Konsulentvirksomhet innen regnskapsføring, økonomisk rådgivning og administrativ bistand med IT-løsninger, samt eie, drifte, kjøpe og selge eiendom og verdipapirer og alt som står i forbindelse herved.;specific;administrativ eie it-løsninger kjøpe verdipapirer;bookkeeping core, advisory, IT/data services, unrelated trade;;
918313540;PROGRESSUM GRUPPEN AS;7;www.progressum.no;Aktiviteten som skal utføres er etablering av en rendyrket regnskapskjede, samt bistå regnskapsbedriftene med kompetanse og lederskap.;specific;aktiviteten bistå etablering kompetanse lederskap regnskapsbedriftene regnskapskjede rendyrket utføres;bookkeeping core;;
936011489;PROGRESSUM KONGSVINGER AS;5;www.progressum.no;Regnskap og servicekontor.;generic;servicekontor;bookkeeping core;;
922954089;PROMPT SOLUTIONS AS;5;www.promptsolutions.no;Regnskapsføring og andre produkter/tjenester som naturlig hører sammen med dette. Fakturering, rådgivning, administrative tjenester.;generic;administrative fakturering;bookkeeping core, advisory;;
896896482;PROPLAN REGNSKAP AS;44;;salg av regnskapstjenester, konsulenttjenester og programvare. Selskapet kan delta i andre selskaper med lignende formål.;specific;delta programvare selskaper;bookkeeping core, advisory, IT/data services;;
924923180;PROXO REGNSKAP AS;19;www.proxo.no;Drive regnskaps-, økonomi- og rådgivningstjenester og virksomhet som naturlig faller inn under dette.;specific;faller inn regnskaps- rådgivningstjenester økonomi-;bookkeeping core, advisory;;
986963693;PSO REGNSKAP AS;8;www.psoregnskap.no;Økonomisk rådgivning, konsulenttjenester og regnskapstjenester.;boilerplate;;bookkeeping core, advisory;;
962066321;PWC TAX SERVICES AS;28;www.pwc.com;Føre regnskap for andre samt å yte konsulenttjenester i tiknytning til dette.;specific;føre tiknytning yte;bookkeeping core, advisory;;
915368670;QUALITY REGNSKAP AS;6;;Regnskapsbyrå.;boilerplate;;bookkeeping core;;
936372384;R NORDFJORD AS;5;;Regnskapsføring. Bedriftsrådgivning, administrativt.;generic;administrativt bedriftsrådgivning;bookkeeping core, advisory;;
989816462;R2 ØKONOMI AS;17;;Regnskapsføring og økonomisk rådgivning.;boilerplate;;bookkeeping core, advisory;;
930696390;RAFO REGNSKAP OG RÅDGIVNING AS;8;;Regnskaps-, økonomi- og rådgivningstjenester.;specific;regnskaps- rådgivningstjenester økonomi-;bookkeeping core, advisory;;
988980315;RANDABERG REGNSKAP AS;15;;Regnskapsførsel.;boilerplate;;bookkeeping core;;
925337757;RANDI REGNSKAP AS;16;;Regnskap- og økonomitjenester, administrasjonstjenester og generell konsulentvirksomhet.;specific;administrasjonstjenester regnskap- økonomitjenester;bookkeeping core, advisory;;
998097673;RCC REGNSKAP AS;9;;Yte regnskaps og rådgivningstjenester.;specific;regnskaps rådgivningstjenester yte;bookkeeping core, advisory;;
976130987;RE REGNSKAP AS;5;;Regnskapsføring, forsikrings-/plasseringsformidling, økonomisk veiledning og andre områder som har nær tilknytning til det ovenstående.;specific;forsikrings- har nær områder ovenstående plasseringsformidling veiledning;bookkeeping core;;
935704804;REAL REGNSKAP AS;6;;Regnskapsføring.;boilerplate;;bookkeeping core;;
993372277;REAL ØKONOMI AS;6;;Regnskap, økonomisk rådgivning og det som derunder hører naturlig til.;generic;derunder;bookkeeping core, advisory;;
995888580;REFSAHL REGNSKAPSKONTOR AS;8;refsahl.no;Regnskapskontor, herunder økonomisk rådgivning og konsulentvirksomhet innenfor områdene regnskap, skatt og lønn m.m.;generic;lønn områdene;bookkeeping core, payroll, advisory, audit/tax;;
998187478;REGN10 AS;10;www.regn10.no/;Regnskaps- og rådgivningstjenester, samt alt som står i forbindelse med dette.;generic;regnskaps- rådgivningstjenester;bookkeeping core, advisory;;
934211324;REGNEBUA AS;6;;Regnskapstjenester, økonomisk rådgivning og andre tjenester som ligger naturlig under dette, samt delta i andre selskap. Kjøp/salg av aksjer eller på annen måte gjøre seg interessert i andre foretak..;specific;delta foretak gjøre interessert ligger måte seg;bookkeeping core, advisory;;
917325758;REGNSKAP & RÅDGIVNING AS;5;;Regnskapsførsel og økonomirådgivning for andre næringsdrivende, samt alt som naturlig hører sammen med dette. I tillegg vil selskapet investere i verdipapirer.;specific;investere tillegg verdipapirer økonomirådgivning;bookkeeping core;;
825704922;REGNSKAP 4U AS;19;www.regnskap4u.no;Økonomisk rådgivning og føring av regnskap for andre, konsulenttjenester, samt virksomhet som står i forbindelse med dette. Investering i aksjer og fond. Kjøp, salg, og utleie av eiendom og deltagelse i andre selskaper;specific;deltagelse fond selskaper;bookkeeping core, advisory, unrelated trade;;
919227605;REGNSKAP GROUP AS;10;www.regnskapgroup.no;Regnskapsførsel for andre selskaper, årsoppgjør og ligningspapirer, rådgiving.;specific;ligningspapirer selskaper årsoppgjør;bookkeeping core, advisory;;
930840351;REGNSKAP I NOR AS;11;;Regnskapsføring og økonomisk rådgivning.;boilerplate;;bookkeeping core, advisory;;
993197076;REGNSKAP I SENTRUM AS;12;www.regnskapisentrum.no;Regnskap og rådgivningstjenester.;generic;rådgivningstjenester;bookkeeping core, advisory;;
926077538;REGNSKAP KRISTIANSAND AS;10;;Regnskapsføring.;boilerplate;;bookkeeping core;;
979504713;REGNSKAP LAKSELV AS;6;;Regnskapsbyrå virksomhet og alt hva dermed står i forbindelse. Investering i aksjer og andre eiendeler i andre selskaper og andre produkter/tjenester som naturlig hører sammen med dette, herunder å delta i andre selskap med lignende virksomhet, og kjøp og salg av aksjer, eller på annen måte gjøre seg interessert i andre foretak.;specific;delta eiendeler foretak gjøre interessert måte seg selskaper;bookkeeping core;;
916605617;REGNSKAP LOFOTEN AS;6;;Selskapets virksomhet er regnskapsføring og rådgivning, samt andre produkter/tjenester som naturlig hører til dette, herunder å delta i andre selskap med lignende virksomhet, og kjøp og salg av aksjer eller på annen måte gjøre seg interessert i andre foretak. Selskapet kan også drive med kjøp/drift av fast eiendom.;specific;delta fast foretak gjøre interessert måte seg;bookkeeping core, advisory, unrelated trade;;
932229048;REGNSKAP LYNGEN AS;7;;Regnskapsføring.;boilerplate;;bookkeeping core;;
971050691;REGNSKAP NORD AS;6;www.regnskapnord.no;Selge tjenester innen regnskapsføring, selskaps- etablering, omstilling og bedriftsrådgivning, samt hva hermed står i forbindelse.;specific;bedriftsrådgivning etablering omstilling selskaps-;bookkeeping core, advisory;;
911711818;REGNSKAP OG RÅDGIVNING ALTA AS;24;;Regnskapsbyrå og økonomisk rådgivning.;boilerplate;;bookkeeping core, advisory;;
932423138;REGNSKAP SENJA AS;8;;Regnskapsføring.;boilerplate;;bookkeeping core;;
975353796;REGNSKAP SØR AS;8;;Regnskapskontor, rådgivning og konsulentvirksomhet, handel samt alt hva dermed står i forbindelse, herunder gjennom aksjetegning eller på annen måte å delta i andre selskaper eller foretak.;specific;aksjetegning delta foretak gjennom måte selskaper;bookkeeping core, advisory, unrelated trade;;
986299467;REGNSKAP-SERVICE FLEKKEFJORD AS;10;;Regnskapskontor.;boilerplate;;bookkeeping core;;
913104617;REGNSKAPENE AS;5;;Salg av regnskaps- og rådgivningstjenester samt annen økonomisk virksomhet som naturlig hører sammen med dette, herunder å delta i andre selskap med lignende virksomhet, og kjøp og salg av aksjer eller på annen måte gjøre seg interessert i andre foretak.;specific;delta foretak gjøre interessert måte regnskaps- rådgivningstjenester seg;bookkeeping core, advisory;;
984108583;REGNSKAPS- & KONSULENTTJENESTE AS;7;www.rk-as.no;Regnskap og rådgivning, salg av kontorrekvisita, deltagelse i andre selskap, samt annet som står i forbindelse med dette.;generic;deltagelse kontorrekvisita;bookkeeping core, advisory;;
930363596;REGNSKAPS-CENTERET AS;5;;Service-virksomhet innenfor kontor og regnskaps- sektoren, merkantil og kjemiteknisk konsulent- virksomhet, finansiering og hva dermed står i forbindelse.;specific;finansiering kjemiteknisk konsulent- kontor merkantil regnskaps- sektoren service-virksomhet;bookkeeping core, advisory;;
981554485;REGNSKAPSBYRÅ AS;5;www.drt.as;Regnskapskontor.;boilerplate;;bookkeeping core;;
979994303;REGNSKAPSERVICE ALTA AS;5;;Regnskapstjenester.;boilerplate;;bookkeeping core;;
985286736;REGNSKAPSFABRIKKEN AS;5;www.fabrikken.com;Regnskapsføring og all type virksomhet beslektet med dette.;generic;beslektet;bookkeeping core;;
980345408;REGNSKAPSFØRER1 AUTORISERT REGNSKAPSFØRERSELSKAP AS;6;www.rf1.no;Føring av regnskap for andre, aksjehandel over børs.;specific;aksjehandel børs over;bookkeeping core;;
996012034;REGNSKAPSHJELP AS;8;www.regnskapshjelp.no;Regnskap og bokføring.;boilerplate;;bookkeeping core;;
971644907;REGNSKAPSHUSET AS;12;;Konsulent virksomhet. Videre skal selskapet kunne erverve fast eiendom, samt stå for driften av slike. Selskapet skal også kunne erverve aksjer og delta i andre selskaper.;specific;delta driften erverve fast kunne selskaper slike stå videre;advisory, unrelated trade;;
922364184;REGNSKAPSHUSET BORG AS;11;;Økonomisk rådgivning og bokføring.;boilerplate;;bookkeeping core, advisory;;
935239303;REGNSKAPSJEFEN AS;8;;Regnskapsføring.;boilerplate;;bookkeeping core;;
833950592;REGNSKAPSKONTORET REBUS AS;5;;Regnskapskontor.;boilerplate;;bookkeeping core;;
997746848;REGNSKAPSKONTORET STOKKE AS;9;;Regnskap.;boilerplate;;bookkeeping core;;
925205958;REGNSKAPSLOSEN AS;5;;Regnskapsførsel og økonomisk rådgivning.;boilerplate;;bookkeeping core, advisory;;
967395137;REGNSKAPSMAKEREN AS;6;;Utføre regnskapstjenester med tilhørende arbeid, samt kjøp og salg av varer og tjenester og deltagelse i andre selskaper.;specific;arbeid deltagelse selskaper tilhørende utføre varer;bookkeeping core;;
980205029;REGNSKAPSPARTNER AS;6;;Regnskapskontor.;boilerplate;;bookkeeping core;;
924564350;REGNSKAPSPILOTENE AS;6;www.regnskapspilotene.no;Regnskap og bokføring og andre produkter/tjenester som naturlig hører sammen med dette.;boilerplate;;bookkeeping core;;
980614107;REGNSKAPSRINGEN SOON AS;5;;Regnskapskontor.;boilerplate;;bookkeeping core;;
936033210;REGNSKAPSSENTRALEN AS;20;;Regnskapsføring.;boilerplate;;bookkeeping core;;
921166389;REGNSKAPSSERVICE AS;5;www.regnskapsserviceas.no;Å føre regnskaper og å utføre tilhørende arbeide.;specific;arbeide føre tilhørende utføre;bookkeeping core;;
922376883;REGNSKAPSSERVICE AS;8;;A) Regnskapsføring og alt som står i forbindelse med dette. B) Deltagelse i andre virksomheter ved aksje- tegning e.l.;specific;aksje- deltagelse tegning;bookkeeping core;;
987902159;REGNSKAPSSYSTEMER AS;6;;Regnskapsvirksomhet.;generic;regnskapsvirksomhet;bookkeeping core;;
980738787;REGNSKAPSTEAM HALLINGDAL AS;11;;Servicevirksomhet primært innenfor fagområdene regnskap og bedriftsrådgivning, samt hva hermed står i forbindelse. Selskapet kan ved innskudd gjøre seg interessert i andre foretagender.;specific;bedriftsrådgivning fagområdene foretagender gjøre innskudd interessert primært seg servicevirksomhet;bookkeeping core, advisory;;
934418425;REGNSKAPSTJENESTER ASKER AS;6;;Regnskaps- og forretningsførsel.;generic;forretningsførsel regnskaps-;bookkeeping core;;
999581641;REGNSKAPSTJENESTER EIDSVOLL AS;9;;Autorisert regnskapsførerforetak med økonomisk rådgivning og det som naturlig fører med under dette.;specific;autorisert fører regnskapsførerforetak;bookkeeping core, advisory;;
933941280;REGNSKAPSVERDEN AS;6;;Regnskapsføring.;boilerplate;;bookkeeping core;;
932220636;REIS REGNSKAP AS;5;;Regnskapsføring.;boilerplate;;bookkeeping core;;
925715115;REKNEHUSET AS;17;www.reknehuset.no;Rekneskapskontor;generic;rekneskapskontor;;;
997003543;REKNESKAP FJORDANE AS;19;;Rekneskap næringsdrivande og bedrifter, samt økonomisk rådgivning.;generic;næringsdrivande rekneskap;advisory;;
919828129;RELEVANT REGNSKAP AS;39;;Regnskapsføring, rådgivning og annen konsulentvirksomhet som naturlig hører her under, samt deltakelse i annen virksomhet ved aksjeinnskudd eller på annen måte.;specific;aksjeinnskudd deltakelse her måte;bookkeeping core, advisory;;
827175722;RESPIRARE ACCOUNTING AS;8;;Økonomisk rådgivning og føring av regnskap for andre, konsulenttjenester, eierskap i andre selskaper, utleie m.m samt det som naturlig står i forbindelse med dette.;generic;eierskap selskaper;bookkeeping core, advisory;;
930047198;RESPIRARE ACCOUNTING STAVANGER AS;17;;Regnskapsføring.;boilerplate;;bookkeeping core;;
917777616;RESPONS REGNSKAP AS;7;;Drive regnskapskontor, yte konsulenttjenester, forretningsførsel og tjenester som er knyttet til regnskaps- og rådgivningsvirksomhet, herunder all virksomhet som naturlig faller inn under dette. Herunder å delta i andre selskaper med lignende virksomhet.;specific;faller forretningsførsel inn knyttet regnskaps- rådgivningsvirksomhet yte;bookkeeping core, advisory;;
917446083;RESSURS REGNSKAP AS;10;www.ressursregnskap.no;Autorisert regnskapsførerbyrå, rådgivning, kurs og undervisning.;specific;autorisert kurs regnskapsførerbyrå undervisning;bookkeeping core, advisory;;
927774496;RESULTAT REGNSKAP AS;6;;Er å drive regnskapskontor, konsulentvirksomhet, å engasjere seg i beslektede virksomheter, samt alt hva hermed måtte stå i forbindelse.;specific;beslektede engasjere måtte seg stå;bookkeeping core, advisory;;
980955877;RESULTAT24 AS;5;www.resultat24.no;Kjøp og salg av sikkerhetsprodukter, rådgiving, regnskapstjenster m.m..;generic;regnskapstjenster sikkerhetsprodukter;bookkeeping core, advisory;;
917132143;RETT REGNSKAP AS;7;www.rettregnskap.no;Regnskapsføring og økonomisk rådgivning for næringslivet.;generic;næringslivet;bookkeeping core, advisory;;
999606733;RG REGNSKAP AS;5;www.rg.no;Regnskap og bokføring.;boilerplate;;bookkeeping core;;
915304621;RG REKNESKAP AS;6;;Regnskapsførertjenester.;generic;regnskapsførertjenester;bookkeeping core;;
931871196;RHR RINGERIKE REGNSKAPSSERVICE AS;11;www.rhrservice.no;Regnskapsføring. Bedriftsrådgivning, administrativt.;generic;administrativt bedriftsrådgivning;bookkeeping core, advisory;;
931524364;RIKTIG REGNSKAP AS;5;Riktig-Regnskap.no;Selge varer og tjenester innen regnskap.;generic;varer;bookkeeping core;;
992438681;RISING REGNSKAP AS;11;;Salg av regnskapstjenester og økonomisk rådgivning overfor næringslivet.;generic;næringslivet overfor;bookkeeping core, advisory;;
925732230;ROAN ØKONOMI AS;6;;Regnskapskontor, yte konsulenttjenester, forretningsførsel, kjøp og salg av aksjer og hva herved står i forbindelse.;generic;forretningsførsel yte;bookkeeping core, advisory;;
984313667;ROTT REGNSKAP OG RÅDGIVNING AS;20;www.rottregnskap.no;Regnskapsvirksomhet, samt hva dermed måtte stå i forbindelse.;specific;måtte regnskapsvirksomhet stå;bookkeeping core;;
931631861;RUTHS REGNSKAPSTJENESTER AS;5;;Regnskapsføring.;boilerplate;;bookkeeping core;;
976899709;RYGR ØKONOMI AS;38;www.tf-regnskap.no;Regnskapskontor.;boilerplate;;bookkeeping core;;
913416252;RÖDL ACCOUNTING AS;15;www.roedl.com;Regnskapsførsel og annen konsulentvirksomhet og annet som er relevant til dette. Samt investeringer i andre selskaper.;generic;relevant selskaper;bookkeeping core, advisory;;
924598123;RØYRVIK REGNSKAP AS;5;;Regnskap, lønn, fakturering og årsoppgjør.;specific;fakturering lønn årsoppgjør;bookkeeping core, payroll;;
936323804;RÅD OG REGNSKAPSTJENESTER AS;5;;Regnskaps og konsulentvirksomhet.;generic;regnskaps;bookkeeping core, advisory;;
918472371;RÅDE REGNSKAP AS;12;;Regnskap og bokføring.;boilerplate;;bookkeeping core;;
990028168;SAFEGRUPPEN AS;6;;Økonomisk rådgivning privat og næring. Regnskap. Kurs.;specific;kurs næring privat;bookkeeping core, advisory;;
882571432;SAGA REGNSKAP ASKER OG BÆRUM AS;22;www.sagaservices.no;Regnskapsføring.;boilerplate;;bookkeeping core;;
934412249;SAGA REGNSKAP DRAMMEN AS;33;;Regnskapsføring.;boilerplate;;bookkeeping core;;
914375231;SAGA REGNSKAP HELGELAND AS;15;;Regnskapskontor, samt annen virksomhet som står i forbindelse med dette.;boilerplate;;bookkeeping core;;
939725709;SAGA REGNSKAP OG RÅDGIVNING AS;76;www.sagarr.no;Konsulentvirksomhet, regnskapsføring, finansfor- midling, assuranse, investeringsvirksomhet, handel samt deltakelse i andre selskaper og hva dermed står i forbindelse.;specific;assuranse deltakelse finansfor- investeringsvirksomhet midling selskaper;bookkeeping core, advisory, unrelated trade;;
984545045;SAGA REGNSKAP ÅRNES AS;15;www.ocon.no;Konsulenttjenester innenfor regnskap og økonomi.;boilerplate;;bookkeeping core, advisory;;
970918523;SALDO REGNSKAP AS;15;www.saldoregnskap.no;Regnskapsføring og annen merkantil tjenesteyting samt virksomhet som naturlig står i forbindelse med dette, herunder eie andeler i selskaper med tilsvarende formål.;specific;eie merkantil selskaper;bookkeeping core;;
994744356;SANDBERG REGNSKAP AS;6;www.sandbergregnskap.no;Regnskapstjenester og økonomisk rådgivning samt annen virksomhet som har naturlig tilknytning til dette.;generic;har;bookkeeping core, advisory;;
837341922;SANDE REKNESKAP AS;7;;Rekneskapsføring og økonomisk rådgiving for andre, samt å investere i andre selskap.;generic;investere rekneskapsføring;advisory;;
994511076;SANDUM INVEST & REGNSKAP AS;6;;Investeringsvirksomhet samt regnskapsføring.;generic;investeringsvirksomhet;bookkeeping core;;
914849683;SANDVIKA REGNSKAPSKONTOR AS;5;;Regnskapsvirksomhet og hva som står i forbindelse hermed. Selskapet kan dessuten være økonomisk interessert i andre foretagender, herunder og også som aksjonær i andre selskaper.;specific;aksjonær dessuten foretagender interessert regnskapsvirksomhet selskaper være;bookkeeping core;;
913084462;SANIDO REGNSKAP AS;5;;Utføre regnskapstjenester, økonomisk rådgivning, annen konsulentbistand og alt som står i forbindelse med dette, herunder å delta i andre selskaper.;generic;konsulentbistand utføre;bookkeeping core, advisory;;
935989493;SANNA REGNSKAP AS;6;;Regnskapsføring.;boilerplate;;bookkeeping core;;
993000299;SANNTIDSREGNSKAP AS;7;www.sanntidsregnskap.no;Regnskapsføring samt kontor og administrasjonstjenester.;generic;administrasjonstjenester kontor;bookkeeping core;;
924390115;SAREC LØNN AS;5;;Regnskap og bokføring, samt outsourcing av lønn og HR, samt aktivitet i naturlig tilknytning til dette formål.;specific;aktivitet lønn outsourcing;bookkeeping core, payroll;;
983950051;SCANACCOUNT AS;6;;Tilby regnskapstjenester, herunder føre regnskap for andre, og tilliggende tjenester, samt å delta i eller samarbeid med selskaper med samme formål.;specific;delta føre samarbeid selskaper tilby tilliggende;bookkeeping core;;
936947794;SD WORX SERVICES NORWAY AS;33;;Levere regnskapstjenester innen lønnstjenester og andre tilknyttede administrative tjenester til virksomheter.;specific;administrative lønnstjenester tilknyttede;bookkeeping core, payroll;;
948114194;SECANT AS;17;;Drive med regnskaps- og revisjonstjenester, eie eiendommer, samt delta i andre virksomheter.;specific;delta eie eiendo regnskaps- revisjonstjenester;bookkeeping core, audit/tax, unrelated trade;;
986486666;SELBU ØKONOMI & REGNSKAP AS;14;;Regnskapsføring og økonomisk rådgivning.;boilerplate;;bookkeeping core, advisory;;
910861360;SELJORD REKNESKAPS-SERVICE AS;19;;Rekneskapsføring, økonomirådgjeving og konsulenttjenester og det som naturleg høyrer til dette, samt deltagelse i andre selskap som har økonomisk formål.;specific;deltagelse har høyrer naturleg rekneskapsføring økonomirådgjeving;advisory;;
971532904;SENJA SAMDRIFTSKONTOR AS;5;;Gjennom sin aktivitet å oppnå en mer lønnsom og rasjonell drift av fiskefartøyene. Formålet skal nås gjennom regnkapstjenester, forhandling på vegne av fiskerne om inkjøpsavtaler, koordinere innkjøp, bistå med budsjettering og drifts- planlegging og ellers utføre oppgaver etter behov.;specific;aktivitet behov bistå budsjettering drifts- ellers etter fiskefartøyene fiskerne forhandling gjennom inkjøpsavtaler innkjøp koordinere lønnsom mer nås oppgaver oppnå planlegging rasjonell regnkapstjenester sin utføre vegne;payroll;;
928100030;SH REGNSKAP AS;7;;Regnskapsførsel, deltagelse i andre selskaper og kjøp/salg/utleie/drift av eiendom.;generic;deltagelse selskaper;bookkeeping core, unrelated trade;;
979558929;SIGMA REGNSKAP AS;12;;Regnskapsføring og alt som står i forbindelse med dette.;boilerplate;;bookkeeping core;;
924696826;SIGNATUR MANAGEMENT AS;6;;Regnskapsførsel og økonomisk rådgivning;boilerplate;;bookkeeping core, advisory;;
927411296;SIRIUS ØKONOMI AS;6;;Regnskapsføring, økonomisk rådgivning og konsulentvirksomhet.;boilerplate;;bookkeeping core, advisory;;
989497111;SKAGEN EIENDOMSFORVALTNING ØSTLANDET AS;6;;Føring av regnskap for andre, eiendomsforvaltning for andre, drifts- og utviklingstjenester knyttet til eiendommer samt konsulenttjenester som naturlig faller sammen med dette, herunder å delta i andre selskaper.;specific;drifts- eiendo eiendomsforvaltning faller knyttet utviklingstjenester;bookkeeping core, advisory, unrelated trade;;
993496308;SKARVEN REGNSKAP AS;6;;Drive regnskapskontor, rådgivning, utleie av personell og det som naturlig hører til dette. Selskapet kan ved aksjetegning eller på annen måte delta i andre selskap.;specific;aksjetegning delta måte personell;bookkeeping core, advisory;;
957162193;SKATT & FRADRAG KUNSTNERE AS;8;www.skattogfradrag.no;Autorisert regnskapsførerselskap med rådgivning i økonomi, skatt, administrasjon og regnskap. Sekretær- og konsulenttjenester innenfor økonomi & administrasjon, samt kjøp og salg verdipapirer og eiendom.;specific;administrasjon autorisert regnskapsførerselskap sekretær- verdipapirer;bookkeeping core, advisory, audit/tax, unrelated trade;;
942896204;SKEDSMO REGNSKAP AS;13;;Drift av regnskapskontor, økonomisk rådgivning samt annen virksomhet som naturlig hører inn under det samme.;generic;inn;bookkeeping core, advisory;;
944886923;SKIEN REGNSKAPSKONTOR AS;8;;Drive regnskapskontor og annet som herved står i forbindelse.;boilerplate;;bookkeeping core;;
977675820;SKISTAD REGNSKAP AS;5;skistadregnskap.no;Regnskapskontor.;boilerplate;;bookkeeping core;;
982363543;SKREIA REGNSKAP AS;27;;Regnskapskontor.;boilerplate;;bookkeeping core;;
918097902;SKYA REGNSKAP AS;34;www.skya.no;Salg av regnskapstjenester med tilhørende tjenester, kjøp, utleie, utvikling og salg av eiendom og andre produkter/tjenester som naturlig hører sammen med dette, herunder å delta i andre selskap med lignende virksomhet, og kjøp og salg av aksjer eller på annen måte gjøre seg interessert i andre foretak.;specific;delta foretak gjøre interessert måte seg tilhørende;bookkeeping core, unrelated trade;;
913353536;SMART ØKONOMI AS;5;www.smartokonomi.no;Regnskap, bokføring, budsjettering og annen veiledning for andre.;generic;budsjettering veiledning;bookkeeping core;;
816551382;SNE REGNSKAP AS;13;;Regnskap.;boilerplate;;bookkeeping core;;
927149699;SNØHETTA REGNSKAP ALVDAL FOLLDAL AS;7;www.snohettaregnskap.no;Regnskap og bokføringsvirksomhet for andre, rådgivning og konsulentvirksomhet innen økonomifunksjonen og tilliggende områder. Videre deltakelse i annen næringsvirksomhet, herunder eie aksjer i andre selskaper og annet som står naturlig i forbindelse med dette.;specific;bokføringsvirksomhet deltakelse eie næringsvirksomhet områder selskaper tilliggende videre økonomifunksjonen;bookkeeping core, advisory;;
982307767;SNØHETTA REGNSKAP AS;20;www.snohettaregnskap.no;Regnskap og bokføringsvirksomhet for andre, rådgivning og konsulentvirksomhet innen økonomifunksjonen og tilliggende områder. Videre deltakelse i annen næringsvirksomhet, herunder eie aksjer i andre selskaper og annet som står naturlig i forbindelse med dette.;specific;bokføringsvirksomhet deltakelse eie næringsvirksomhet områder selskaper tilliggende videre økonomifunksjonen;bookkeeping core, advisory;;
987655623;SNØHETTA REGNSKAP FRON AS;14;www.snohettaregnskap.no;Regnskap og bokføringsvirksomhet for andre, rådgivning og konsulentvirksomhet innen økonomifunksjoner og tilliggende områder. Videre deltakelse i annen næringsvirksomhet, herunder eie aksjer i andre selskaper og annet som står naturlig i forbindelse med dette.;specific;bokføringsvirksomhet deltakelse eie næringsvirksomhet områder selskaper tilliggende videre økonomifunksjoner;bookkeeping core, advisory;;
934409477;SNØHETTA REGNSKAP MOLDE AS;6;www.snohettaregnskap.no;Regnskapsføring.;boilerplate;;bookkeeping core;;
914852668;SNØHETTA REGNSKAP OPPDAL AS;11;www.snohettaregnskap.no;Regnskap og bokføringsvirksomhet for andre, rådgivning og konsulentvirksomhet innen økonomifunksjonen og tilliggende områder. Videre deltakelse i annen næringsvirksomhet, herunder eie aksjer i andre selskaper og annet som står naturlig i forbindelse med dette.;specific;bokføringsvirksomhet deltakelse eie næringsvirksomhet områder selskaper tilliggende videre økonomifunksjonen;bookkeeping core, advisory;;
915232108;SNØHETTA REGNSKAP OTTA VÅGÅ AS;9;www.snohettaregnskap.no;Regnskap og bokføringsvirksomhet for andre, rådgvining og konsulentvirksomhet innen økonomifunksjonen og tilliggende områder. Videre deltakelse i annen næringsvirksomhet, herunder eie aksjer i andre selskaper og annet som står naturlig i forbindelse med dette.;specific;bokføringsvirksomhet deltakelse eie næringsvirksomhet områder rådgvining selskaper tilliggende videre økonomifunksjonen;bookkeeping core, advisory;;
914404886;SNØHETTA REGNSKAP RINGEBU AS;8;www.snohettaregnskap.no;Regnskap og bokføringsvirksomhet for andre, rådgivning og konsulentvirksomhet innen økonomifunksjonen og tilliggende områder. Videre deltakelse i annen næringsvirksomhet, herunder eie aksjer i andre selskaper og annet som står naturlig i forbindelse med dette.;specific;bokføringsvirksomhet deltakelse eie næringsvirksomhet områder selskaper tilliggende videre økonomifunksjonen;bookkeeping core, advisory;;
912751082;SNØHETTA REGNSKAP ØYER AS;13;www.snohettaregnskap.no;Regnskap og bokføringsvirksomhet for andre, rådgvining og konsulentvirksomhet innen økonomifunksjonen og tilliggende områder. Videre deltakelse i annen næringsvirksomhet, herunder eie akjser i andre selskaper og annet som står naturlig i forbindelse med dette.;specific;akjser bokføringsvirksomhet deltakelse eie næringsvirksomhet områder rådgvining selskaper tilliggende videre økonomifunksjonen;bookkeeping core, advisory;;
928595927;SNØHETTA REGNSKAP ÅNDALSNES AS;7;www.snohettaregnskap.no;Regnskap og bokføringsvirksomhet for andre, rådgivning og konsulentvirksomhet innen økonomifunksjonen og tilliggende områder. Videre deltakelse i annen næringsvirksomhet, herunder eie aksjer i andre selskaper og annet som står naturlig i forbindelse med dette.;specific;bokføringsvirksomhet deltakelse eie næringsvirksomhet områder selskaper tilliggende videre økonomifunksjonen;bookkeeping core, advisory;;
847812362;SOLDI REGNSKAP AS;22;;Bedrive tjenester innenfor regnskap, forvaltning av eiendom samt hva hermed står i forbindelse og dessuten delta i andre selskaper med lignende virksomhet.;specific;bedrive delta dessuten forvaltning selskaper;bookkeeping core, unrelated trade;;
967830038;SOLIDITET AS;52;www.soliditet.as;Yte regnskapstjenester, økonomisk rådgivning og andre merkantile tjenester og hva dermed står i forbindelse, herunder ved aksjeinnskudd eller på annen måte delta i andre foretak.;specific;aksjeinnskudd delta foretak merkantile måte yte;bookkeeping core, advisory;;
925851965;SOLVENS AS;9;;Regnskapsbyrå.;boilerplate;;bookkeeping core;;
932065215;SON REGNSKAP AS;9;www.sonregnskap.no;Regnskapsføring.;boilerplate;;bookkeeping core;;
967661643;SPAREBANK 1 FORRETNINGSPARTNER ØSTLANDET AS;152;www.sb1forretningspartner.no;Gjennom blant annet eierinteresser i andre selskaper- og drive regnskaps- og konsulent- virksomhet, salg av edb-tjenester samt annen virksomhet som er forbundet med dette.;specific;edb-tjenester eierinteresser forbundet gjennom konsulent- regnskaps- selskaper-;bookkeeping core, advisory, IT/data services;;
851987142;SPAREBANK 1 REGNSKAPSHUSET NORD-NORGE AS;274;www.snnregnskap.no;Å drive med salg av administrative tjenester så som regnskapsføring, lønnsføring, fakturering og andre administrative tjenester, samt bedriftsøko- nomisk rådgivning og hva herved står i forbind- else. Selskapet kan også delta som eier i annen næringsvirksomhet.;specific;administrative bedriftsøko- delta eier else fakturering forbind- lønnsføring nomisk næringsvirksomhet;bookkeeping core, payroll, advisory;;
936285066;SPAREBANK 1 REGNSKAPSHUSET SMN AS;585;www.smnregnskap.no;Føre regnskaper og hva som står i forbindelse med dette, herunder økonomisk rådgivning, for en ubegrenset kundekrets, og kan ved aksjetegning eller på annen måte delta i andre foretagender for å dekke samme formål.;specific;aksjetegning dekke delta foretagender føre kundekrets måte ubegrenset;bookkeeping core, advisory;;
980289648;SPAREBANK 1 REGNSKAPSHUSET VALHALL AS;64;;Drive regnskapsføring og rådgivning innen regnskap, skatt og selskapsrett, samt alt som naturlig hører sammen med dette.;generic;selskapsrett;bookkeeping core, advisory, audit/tax;;
990945748;SPAREBANK 1 SØR-NORGE FORRETNINGSPARTNER AS;408;www.sr-bank-fp.no;Føre regnskaper og hva som står i forbindelse med dette, herunder økonomisk rådgivning, for en ubegrenset kundekrets, og kan ved aksjetegning eller på annen måte delta i andre foretagender for å dekke samme formål.;specific;aksjetegning dekke delta foretagender føre kundekrets måte ubegrenset;bookkeeping core, advisory;;
979287356;SPAREBANK 1 ØKONOMIHUSET AS;67;;Regnskapsføring og bedriftsrådgivning og hva der står i forbindelse, herunder delta i andre selskaper.;specific;bedriftsrådgivning delta der selskaper;bookkeeping core, advisory;;
938251878;SPAREBANK 1 ØKONOMIPARTNER NORDMØRE AS;60;;Å føre regnskaper og hva som står i forbindelse med dette, herunder økonomisk rådgivning.;generic;føre;bookkeeping core, advisory;;
967122610;SPAREBANK 1 ØSTFOLD AKERSHUS REGNSKAPSHUSET AS;46;www.vigres.no;Kjøp og salg av konsulenttjenester innen regnskap og økonomisk rådgivning. Investere i andre selskaper, samt delta i likelydende virksomheter. Selskapets virksomhetsområde er også utleie av bygg.;specific;bygg delta investere likelydende selskaper virksomhetsområde;bookkeeping core, advisory, unrelated trade;;
981951840;SPORT HOLDING REGNSKAP AS;27;;Regnskapsføring, konsulentbistand, kjøp og salg av naturlig tilhørende produkter. I tillegg inngår utleie og hva dermed står i forbindelse, samt interesser i andre selskaper.;specific;inngår interesser konsulentbistand selskaper tilhørende tillegg;bookkeeping core, advisory;;
880405802;STABEKK REGNSKAPSSERVICE AS;8;;Autorisert regnskapskontor samt yte konsulentbistand og databistand.;specific;autorisert databistand konsulentbistand yte;bookkeeping core, advisory, IT/data services;;
913108507;STAD REGNSKAP & RÅDGIVNING AS;5;www.srr.no;Regnskap og rådgivningstjenester, bokføring, lønn, årsoppgaver.;specific;lønn rådgivningstjenester årsoppgaver;bookkeeping core, payroll, advisory;;
990866953;STADSBYGD REGNSKAPSKONTOR AS;6;;Regnskapsføring.;boilerplate;;bookkeeping core;;
987433574;STANGE REGNSKAP AS;14;;Regnskapsføring og hva som naturlig hører herunder.;boilerplate;;bookkeeping core;;
925088285;STARIA NORWAY AS;16;;Regnskapsføring. Konsulenttjenester innen IT.;boilerplate;;bookkeeping core, advisory, IT/data services;;
979607008;STATEMENT AS;45;www.statement.no;Drive autorisert regnskapsførervirksomhet, samt å yte bistand og drive rådgivning innenfor områder som naturlig kommer inn under selskapets forretningsområder. Selskapet skal være autorisert regnskapsførerselskap.;specific;autorisert forretningsområder inn områder regnskapsførerselskap regnskapsførervirksomhet være yte;bookkeeping core, advisory;;
919033800;STATERA ACCOUNTING AS;15;;Regnskap, bokføring og økonomisk rådgivning for klienter.;generic;klienter;bookkeeping core, advisory;;
936597033;STATERA ØKONOMI AS;9;;Regnskapsføring.;boilerplate;;bookkeeping core;;
929227271;STENDER REGNSKAP AS;5;;Regnskapsføring, boligforvaltning, salg av konsulenttjenester og ellers alt som naturlig står i forbindelse med disse virksomhetene.;specific;boligforvaltning disse ellers virksomhetene;bookkeeping core, advisory;;
913107896;STENE REGNSKAP AS;9;;Ekstern regnskapsføring for andre firmaer.;generic;ekstern firmaer;bookkeeping core;;
945429348;STICO CONSULT AS;7;;Konsulenttjenester, handel, agentur, investering i og utleie av driftsmidler, samt hva herunder står i forbindelse, herunder å delta i andre selskaper.;generic;agentur driftsmidler;advisory, unrelated trade;;
952151533;STORETVEDT REGNSKAPSBYRÅ AS;13;;Regnskapsbyråvirksomhet, og hva dermed står i forbindelse, herunder ved innskudd av kapital, eventuelt ved aksjetegning å delta i andre virksomheter.;specific;aksjetegning delta eventuelt innskudd regnskapsbyråvirksomhet;bookkeeping core;;
821676282;STYREWEB REGNSKAP AS;8;;Regnskap og bokføring.;boilerplate;;bookkeeping core;;
983261043;SULDAL ØKONOMI OG RÅDGIVNING AS;12;www.suldalokonomi.no;Drift av rekneskapskontor med tilhøyrande tenester, i tillegg til sal og kjøp av aksjar.;specific;aksjar rekneskapskontor sal tenester tilhøyrande tillegg;;;
894915072;SUMARUM AS;8;www.sumarum.no;Regnskapsføring, økonomirådgivning og andre tjenester.;generic;økonomirådgivning;bookkeeping core;;
912444538;SUMMARUM AS;5;;Regnskapskontor og rådgiving.;boilerplate;;bookkeeping core, advisory;;
926195581;SUNDE REGNSKAP AS;16;;Regnskap og bokføring og hva som naturlig hører inn under dette Selskapet kan eie aksjer/andeler i andre selskaper.;specific;eie inn selskaper;bookkeeping core;;
927074710;SWISS LIFE ASSET MANAGERS BUSINESS MANAGEMENT AS;7;no.swisslife-am.com;Yte tjenester knyttet til administrasjon og forretningsførsel, herunder regnskapsførsel og rådgivning, samt hva naturlig følger med dette, herunder investere i andre selskaper knyttet til slik virksomhet.;specific;administrasjon forretningsførsel følger investere knyttet selskaper yte;bookkeeping core, advisory;;
914549140;SYNEGA REGNSKAP AS;6;www.synega.no;Regnskap, bokføring, økonomisk rådgivning.;boilerplate;;bookkeeping core, advisory;;
915075223;SYSTEM REGNSKAP AS;16;;Regnskap, bokføring, rådgivning og kurs.;generic;kurs;bookkeeping core, advisory;;
931237764;SÖDERBERG & PARTNERS REGNSKAP AS;9;;Regnskapsføring.;boilerplate;;bookkeeping core;;
927142597;TABULARIS AS;5;tabularis.no;Regnskapsføring;boilerplate;;bookkeeping core;;
925913731;TALERA AS;25;;Regnskapsføring - økonomisk rådgivning - utleie av personell.;generic;personell;bookkeeping core, advisory;;
927658135;TALERA OSLO AS;6;;Drive regnskapsføring, økonomisk rådgivning og konsulentvirksomhet, utleie av personell.;generic;personell;bookkeeping core, advisory;;
987612479;TALLENT AS;15;;Utføre regnskapsførsel, konsulenttjenester og alt hva hermed står i forbindelse, samt deltagelse i andre virksomheter.;generic;deltagelse utføre;bookkeeping core, advisory;;
922159203;TALLHUSET AS;5;;Drive regnskapsrådgivning, regnskapsførertjeneste samt hva hermed står i forbindelse, herunder deltagelse i andre selskaper med lignende virksomhet.;generic;regnskapsførertjeneste regnskapsrådgivning;bookkeeping core;;
991142487;TALLVERKET AS;16;www.tallverket.no;Regnskaps- og konsulent virksomhet, og virksomhet som naturlig hører sammen med denne virksomhet.;generic;denne regnskaps-;bookkeeping core, advisory;;
977263506;TANA REGNSKAPSKONTOR AS;8;;Salg av regnskaps- og økonomitjenester.;generic;regnskaps- økonomitjenester;bookkeeping core;;
947857169;TANDEM AS;28;www.tandem.as;Å bedrive regnskapsførsel og rådgivning innen økonomi og regnskap og hva herunder står i for- bindelse, herunder å delta i andre virksomheter med tilsvarende virksomhet.;specific;bedrive bindelse delta for-;bookkeeping core, advisory;;
951235539;TAXIREGNSKAP AS;11;;Regnskapsføring for klienter, økonomisk rådgivning samt investering i verdipapirer og fast eiendom.;specific;fast klienter verdipapirer;bookkeeping core, advisory, unrelated trade;;
984257287;TAXIØKONOMI AS;7;;Regnskapstjenester, rådgivning og andre tjenester som hører naturlig til.;boilerplate;;bookkeeping core, advisory;;
980463230;TB REGNSKAP AS;6;;Eie og drive regnskapskontor.;generic;eie;bookkeeping core;;
988368156;TB ØKONOMI AS;10;;Regnskapsføring, økonomisk styring og rådgivning m.v.;generic;styring;bookkeeping core, advisory;;
976890469;TEMA REGNSKAP JESSHEIM  AS;6;;Yte regnskapstjenester for andre, økonomisk rådgivning samt delta i annen forretningsvirksomhet.;specific;delta forretningsvirksomhet yte;bookkeeping core, advisory;;
937430108;TEMA REGNSKAP OSLO AS;10;;Yte regnskapstjenester for andre, økonomisk råd- givning samt delta i annen forretningsvirksomhet.;specific;delta forretningsvirksomhet givning råd- yte;bookkeeping core;;
996381005;TENURA AS;5;www.tenura.no;Regnskapskontor som yter tjenester innen regnskap, skatt og lønn.;generic;lønn yter;bookkeeping core, payroll, audit/tax;;
932049937;THOR CONSULTING OSLO AS;8;;Regnskapsføring.;boilerplate;;bookkeeping core;;
977047226;THOR EGIL STØLEN AS;6;;Regnskapsvirksomhet og vikarbyråtjenester.;generic;regnskapsvirksomhet vikarbyråtjenester;bookkeeping core;;
989130846;TID OG PENGER AS;6;;Regnskapsførsel for andre, levere tjenester innen administrasjon, rådgivning og undervisning som har en naturlig sammenheng med dette.;specific;administrasjon enheng har undervisning;bookkeeping core, advisory;;
996131416;TIDY ACCOUNT AS;18;www.compensoas.no;Regnskap og bokføring for andre, samt salg av rådgivningstjenester.;generic;rådgivningstjenester;bookkeeping core, advisory;;
927898969;TIND REGNSKAP AS;5;www.tindregnskap.no/;Regnskaps- og konsulentvirksomhet og hva som står i forbindelse med dette, herunder delta i andre selskaper og foretak med lignende formål.;specific;delta foretak regnskaps- selskaper;bookkeeping core, advisory;;
992556668;TIND ØKONOMI AS;9;www.tindok.no;Bokføring, økonomisk rådgjeving og andre backofficefunksjoner. Annan forretningsførsel og generell rådgjeving av administrativ og annan art.;specific;administrativ annan art backofficefunksjoner forretningsførsel rådgjeving;bookkeeping core;;
931544802;TINDE ØKONOMI AS;8;;Regnskapsføring.;boilerplate;;bookkeeping core;;
919731176;TIQ REGNSKAP AS;7;;Regnskapsføring, herunder lønn og årsoppgjør, for klienter samt konsulentvirksomhet.;specific;klienter lønn årsoppgjør;bookkeeping core, payroll, advisory;;
989987429;TMF NORWAY AS;53;www.tmf-group.com;Utføre regnskapstjenester og tilknyttede tjenester for tredjeparter, herunder bokføring, lønnsadministrasjon, managment- og selskapssekretærtjenester, meverdiavgiftstjenester, lignende tjenester og virksomhet som står i forbindelse med dette.;specific;lønnsadministrasjon managment- meverdiavgiftstjenester selskapssekretærtjenester tilknyttede tredjeparter utføre;bookkeeping core, payroll;;
913130863;TO STREKER ØKONOMI AS;11;www.to-streker.no;Ekstern regnskapsførsel og økonomistyring, samt andre konsulenttjenester innenfor økonomi.;generic;ekstern økonomistyring;bookkeeping core, advisory;;
963890818;TOJA REGNSKAP AS;5;;Produktutvikling, produksjon, handel og tjenester, og hermed forbunden virksomhet, samt deltagelse i andre selskaper med økonomisk formål.;specific;deltagelse forbunden produktutvikling selskaper;unrelated trade;;
917992002;TONI ECONOMI AS;8;;Salg av regnskapsføring og konsulent til eksterne kunder.;generic;eksterne;bookkeeping core, advisory;;
935751527;TOPCONSULT AS;5;;Konsulentvirksomhet, handel, kjøp, salg og utleie av fast eiendom, samt all annen virksomhet som har forbindelse med dette, herunder deltagelse i andre selskaper med lignende formål.;generic;fast har;advisory, unrelated trade;;
930094757;TOPNOR REGNSKAP AS;5;www.topnor.no;Regnskapsførsel for andre selskaper, årsoppgjør og ligningspapirer, rådgiving.;specific;ligningspapirer selskaper årsoppgjør;bookkeeping core, advisory;;
974475642;TORP REGNSKAP AS;8;www.torpregnskap.no;Utføre regnskaps- og økonomitjenester, utvikling og salg av EDB-programmer, og det som naturlig hører dertil.;specific;dertil edb-progra regnskaps- utføre økonomitjenester;bookkeeping core, IT/data services;;
991324399;TORP ØKONOMI AS;20;www.torpokonomi.no;Regnskap, økonomistyring og personal.;generic;personal økonomistyring;bookkeeping core;;
952331043;TOTEN REGNSKAP AS;9;www.totenregnskap.no;Regnskapsførsel og økonomisk rådgivning, samt annen virksomhet forbundet med dette, herunder deltakelse i andre selskaper.;generic;forbundet;bookkeeping core, advisory;;
951228400;TRIO REGNSKAP AS;7;trioregnskapas.no;Regnskapsførsel for klienter.;generic;klienter;bookkeeping core;;
994457152;TRIPPEL REGNSKAP AS;8;;Regnskapsførervirksomhet, økonomisk konsulentvirksomhet, samt deltakelse i andre tilsvarende selskaper og det som herved står i forbindelse.;specific;deltakelse regnskapsførervirksomhet selskaper;bookkeeping core, advisory;;
929567374;TROLLTINDAN ØKONOMI AS;8;;Føre regnskap og aktiviteter i naturlig tilknytning til dette.;generic;aktiviteter føre;bookkeeping core;;
961739225;TRONDHEIM REGNSKAPSKONTOR AS;8;;Drive regnskapstjeneste, konsulenttjeneste og utleie samt hva hermed står i forbindelse med.;generic;konsulenttjeneste regnskapstjeneste;bookkeeping core, advisory;;
994260537;TRYGG-ØKONOMI AS;7;www.trygg-okonomi.no;Regnskapstjenester, økonomisk rådgivning, samt øvrige tjenester som naturlig faller inn herunder. Selskapet skal også kunne delta i andre selskaper.;specific;delta faller inn kunne selskaper øvrige;bookkeeping core, advisory;;
937130694;TRYSIL REGNSKAP AS;11;;Regnskapsføring.;boilerplate;;bookkeeping core;;
992420561;TRYSIL ØKONOMISENTER AS;11;;Regnskapsførsel og økonomisk rådgivning.;boilerplate;;bookkeeping core, advisory;;
923095411;TRØNDELAG REGNSKAP AS;14;;Levere tjenester innen økonomi, regnskap og administrasjon.;generic;administrasjon;bookkeeping core;;
942442106;TRØNDELAG ØKONOMI & HR AS;22;www.troko.no;Å føre regnskap for andre, samt salg av administrative tjenester og hva hermed står i forbindelse, herunder delta i andre selskap med lignende formål.;specific;administrative delta føre;bookkeeping core;;
987529245;TUNE REGNSKAPS CONSULT AS;12;;Bedriftsrådgivning, regnskap og økonomi, samt å foreta investeringer.;generic;bedriftsrådgivning foreta;bookkeeping core, advisory;;
980383458;TVEDESTRAND REGNSKAPSBYRÅ AS;8;;Drive regnskapskontor - konsulenttjenester.;boilerplate;;bookkeeping core, advisory;;
923098097;TYSVÆR REGNSKAP AS;8;;Regnskapsførsel.;boilerplate;;bookkeeping core;;
946037230;TØCO A/S;26;;Regnskapsføring og andre tjenester i forbindelse med næringsdrivendes økonomidisposisjoner, samt skal det kunne delta i andre selskaper med økonomisk formål.;specific;delta kunne næringsdrivendes selskaper økonomidisposisjoner;bookkeeping core;;
927657899;UNIKUM REGNSKAP AS;5;unikumregnskap.no/;Salg av regnskapsføringstjenester og økonomisk rådgivning. Kurs innenfor regnskapsrelaterte aktiviteter.;specific;aktiviteter kurs regnskapsføringstjenester regnskapsrelaterte;bookkeeping core, advisory;;
944473815;UVDAL REGNSKAPSSERVICE AS;12;;Virksomhet som regnskapskontor og enhver virksom- het som står i forbindelse med dette, herunder å delta i andre selskap med lignende virksomhet.;specific;delta enhver het virksom-;bookkeeping core;;
920341624;V-ØKONOMI AS;9;vokonomi.no;Økonomiske tjenester og autorisert regnskapførervirksomhet.;generic;autorisert regnskapførervirksomhet;bookkeeping core;;
813600552;VA-RA REGNSKAPSSERVICE AS;7;;Autorisert regnskapsførerselskap.;generic;autorisert regnskapsførerselskap;bookkeeping core;;
920412890;VALUE FREDRIKSTAD AS;17;www.value.no/steder/fredrikstad;Regnskapsføring.;boilerplate;;bookkeeping core;;
915156975;VALUE GROUP AS;225;www.value.no;Regnskap og bokføring, samt dertil tilhørende virksomhet. Konsulentvirksomhet.;generic;dertil tilhørende;bookkeeping core, advisory;;
915612792;VALUE GROUP HOLDING AS;18;www.value.no;Konsulentvirksomhet. Bedriftsøkonomisk rådgivning. Investeringsselskap. Kjøp av aksjer og andeler i ulike selskaper. Utvikling av teknologi og programvare.;specific;bedriftsøkonomisk investeringsselskap programvare selskaper teknologi;advisory, IT/data services;;
919935669;VALUE VESTBY AS;13;;Regnskapsføring for alle former for nærings- drivende, og i tillegg skal selskapet drive handel og annen virksomhet som naturlig hører inn under dette.;specific;drivende former inn nærings- tillegg;bookkeeping core, unrelated trade;;
921957661;VAXA ØKONOMI AS;5;;Drift av regnskapskontor, herunder rådgivning innenfor økonomi og organisasjon. Eie aksjer og andeler i andre selskaper.;specific;eie organisasjon selskaper;bookkeeping core, advisory;;
992106468;VEKSTRA HARDANGER OG VOSS AS;25;www.vekstra.no;Rekneskapsføring, økonomisk rådgjeving, administrativ tenesteyting og anna konsulentverksemd.;specific;administrativ anna konsulentverksemd rekneskapsføring rådgjeving tenesteyting;advisory;;
933449319;VEST REGNSKAP OG RÅDGIVING AS;7;;Regnskapsføring.;boilerplate;;bookkeeping core;;
981034007;VEST TELEMARK ØKONOMI OG REKNESKAP AS;10;;Rekneskapskontor.;generic;rekneskapskontor;;;
943785805;VEST-TELEMARK REKNESKAPSSERVICE AS;8;www.vtr.no;Drive rekneskaps- og servicetenester ovanfor næringsdrivande og privatpersonar i Vest-Telemark og det som naturleg høyrer saman med slik verksemd;specific;høyrer naturleg næringsdrivande ovanfor privatpersonar rekneskaps- saman servicetenester verksemd vest-telemark;;;
982913195;VESTMAR REGNSKAP AS;21;;Regnskapstjenester med tilhørende virksomhet.;generic;tilhørende;bookkeeping core;;
983041809;VESTVÅGØY REGNSKAP AS;7;;Regnskapsvirksomhet. Utleie av eiendom.;generic;regnskapsvirksomhet;bookkeeping core, unrelated trade;;
988394920;VIEGO REGNSKAP AS;13;;Salg av regnskapstjenester og beslektede tjenester.;generic;beslektede;bookkeeping core;;
987260335;VIEW GROUP AS;368;www.viewledger.no;Regnskap og bokføring Bedriftsrådgivning.;generic;bedriftsrådgivning;bookkeeping core, advisory;;
998497914;VIEW MARITIME AS;13;www.viewmaritime.com;Regnskap og bokføring. Bedriftsrådgivning.;generic;bedriftsrådgivning;bookkeeping core, advisory;;
934560892;VIEW PROCURATOR AS;41;;Å yte tjenester knyttet til administrasjon og forretningsførsel, herunder regnskapsførsel og rådgivning, være depotmottaker for alternative investeringsfond, samt hva naturlig følger med dette, herunder investere i andre selskaper knyttet til slik virksomhet.;specific;administrasjon alternative depotmottaker forretningsførsel følger investere investeringsfond knyttet selskaper være yte;bookkeeping core, advisory;;
979868626;VIK REKNESKAP AS;7;;Bokføring.;boilerplate;;bookkeeping core;;
995526808;VIKEN REGNSKAP AS;11;;Regnskapskontor.;boilerplate;;bookkeeping core;;
930369659;VIMENTE AS;6;;Drive regnskapskontor, selge regnskapstjenester og økonomisk bistand til alle typer næringsdrivende.;boilerplate;;bookkeeping core;;
928834875;VINJE & ERIKSEN AS;13;vinjeeriksen.no;Regnskaps- og rådgivningstjenester.;generic;regnskaps- rådgivningstjenester;bookkeeping core, advisory;;
983570186;VINJE REKNESKAPSKONTOR AS;8;;Rekneskapsføring, økonomirådgjeving og konsulenttjenester og det som naturleg høyrer til dette, samt deltagelse i andre selskap som har økonomisk formål.;specific;deltagelse har høyrer naturleg rekneskapsføring økonomirådgjeving;advisory;;
929765737;VISTA AS;7;;Konsulentvirksomhet og regnskapsbyrå.;boilerplate;;bookkeeping core, advisory;;
915855881;VITAL REGNSKAP AS;5;www.vitalregnskap.no;Regnskapsbyråvirksomhet, og alt som står i forbindelse med det, samt deltagelse i andre virksomheter.;generic;deltagelse regnskapsbyråvirksomhet;bookkeeping core;;
991331573;VITO REGNSKAP AS;9;;Utføring av regnskap- og kontortjenester. Selskapet kan også foreta investeringer i eiendommer og andre selskaper.;specific;eiendo foreta kontortjenester regnskap- selskaper utføring;bookkeeping core, unrelated trade;;
995474506;VIVICTA ACCOUNTING AS;46;;Regnskapstjenester som regnskap/bokføring.;boilerplate;;bookkeeping core;;
997862945;VKST AS;67;www.vkst.no;Leveranse av økonomi og regnskapstjenester.;boilerplate;;bookkeeping core;;
888978062;VOLD REGNSKAP AS;12;voldregnskap.no;Regnskap, bokføring, rådgivning og annen virksomhet som naturlig hører til.;boilerplate;;bookkeeping core, advisory;;
999102891;VOSS REKNESKAP AS;8;www.vossrekneskap.no;Drift av rekneskapskontor.;generic;rekneskapskontor;;;
998913268;VOSSESTRAND REKNESKAPSKONTOR AS;10;www.vorek.no;Rekneskapskontor.;generic;rekneskapskontor;;;
950308508;VS REGNSKAP AS;5;;Drift av regnskapskontor samt hva hermed står i forbindelse, herunder å delta i andre foretagender med tilsvarende virksomhet.;generic;delta foretagender;bookkeeping core;;
944225722;VSK REGNSKAP AS;16;www.vskas.no;Regnskapsføring, stiftelse selskap, veiledning kjøp/salg, skatteplanlegging og tjenester som står i forbindelse.;specific;skatteplanlegging stiftelse veiledning;bookkeeping core, audit/tax;;
950836792;VVS FINANS AS;15;;Regnskapsservice, finansiering, konsulenttjenester og hva dermed står i forbindelse.;generic;finansiering regnskapsservice;bookkeeping core, advisory;;
946063940;VAAK REGNSKAP AS;26;www.vaak.no;Økonomisk rådgivning og regnskapsvirksomhet.;generic;regnskapsvirksomhet;bookkeeping core, advisory;;
929479947;WAHLSTRØM REGNSKAP OG RÅDGIVNING AS;6;;Regnskapsrådgivning.;generic;regnskapsrådgivning;bookkeeping core;;
924505036;WEFILE AS;12;;Regnskap og bokføring med dertil følgende tjenester.;generic;dertil følgende;bookkeeping core;;
976095057;WEPE REGNSKAP AS;40;;Regnskapsføring og økonomisk rådgivning.;boilerplate;;bookkeeping core, advisory;;
827609242;WESTBYE REGNSKAP OG RÅD AS;11;;Regnskap og bokføring;boilerplate;;bookkeeping core;;
925809896;WI REGNSKAP OG REVISJON AS;14;;Regnskap, revisjon og rådgivning innen økonomi.;generic;revisjon;bookkeeping core, advisory, audit/tax;;
987430478;WICAN REGNSKAP AS;28;www.wican.no;Service og konsulenttjenester innenfor regnskap og økonomi og alt som dertil henhører. Deltagelse i annen virksomhet samt kjøp og salg av aksjer og eiendom.;specific;deltagelse dertil henhører;bookkeeping core, advisory, unrelated trade;;
968784358;WIIKS REGNSKAPSKONTOR AS;8;;Regnskapskontor, som innebærer føring av regnskap for forskjellige bransjer, samt å foreta årsoppgjør med selvangivelser. Selskapet skal også kunne delta i annen næringsvirksomhet.;specific;bransjer delta foreta forskjellige innebærer kunne næringsvirksomhet selvangivelser årsoppgjør;bookkeeping core;;
924988991;WILLA REGNSKAP AS;6;;Utføre regnskapsførertjenester, rådgivning og andre tjenester som naturlig hører sammen med dette, herunder å delta i andre selskap med lignende virksomhet, kjøp og salg av aksjer eller på annen måte gjøre seg interessert i andre foretak.;specific;delta foretak gjøre interessert måte regnskapsførertjenester seg utføre;bookkeeping core, advisory;;
917894558;WÆRP REGNSKAP AS;13;www.waerp-regnskap.no;Regnskapsførsel og dertil hørende servicevirksomhet.;specific;dertil hørende servicevirksomhet;bookkeeping core;;
921836929;XACT REGNSKAP AS;8;;Regnskapstjenester og rådgivning - Samt annen virksomhet som naturlig faller inn under dette.;generic;faller inn;bookkeeping core, advisory;;
999195903;Z REGNSKAP AS;7;;Regnskapsvirksomhet.;generic;regnskapsvirksomhet;bookkeeping core;;
819696322;ZENERA AS;7;;Regnskapsføring.;boilerplate;;bookkeeping core;;
916859465;ZIMMERMANN ØKONOMI OG REGNSKAP AS;11;;Regnskapsføring og økonomisk rådgivning;boilerplate;;bookkeeping core, advisory;;
911811340;ZPECTER ØKONOMI AS;34;zpecterokonomi.no;Økonomiske, admininistrative og regnskapsmessige tjenester, samt investering i og deltagelse i virksomhet relatert til dette.;specific;admininistrative deltagelse regnskapsmessige;bookkeeping core;;
911577003;ØB REGNSKAP AS;6;;Drive rekneskapskontor med bokføring, konsulentarbeid, rådgiving og anna verksemd som fell naturlig saman med dette.;specific;anna fell konsulentarbeid rekneskapskontor saman verksemd;bookkeeping core, advisory;;
928040747;ØKO REGNSKAP AS;11;;Drive regnskapsførervirksomhet samt oppgaver som naturlig følger med dette. Herunder drive med rådgivning innen regnskap, økonomi og skatt. Samt å kunne delta selskap med lignede virksomhet.;specific;delta følger kunne lignede oppgaver regnskapsførervirksomhet;bookkeeping core, advisory, audit/tax;;
916073836;ØKONOMENE AS;14;www.okonomene-helgeland.no;Salg av økonomiske tjenester, herunder regnskapstjenester, økonomisk rådgivning og andre administrative konsulenttjenester.;generic;administrative;bookkeeping core, advisory;;
971078022;ØKONOMI I SYSTEM AS;5;;Salg av tjenester innen økonomi og regnskap til alle typer virksomheter som etter regnskapsloven har plikt til å føre regnskaper, salg/formidling av økonomiverktøy samt alt hva hermed står i forbindelse.;specific;etter formidling føre har plikt regnskapsloven økonomiverktøy;bookkeeping core;;
979947143;ØKONOMI SOGN AS;8;accountor.no;Sal av kontor- og rekneskapstenester for andre næringsdrivande og private, samt tilhøyrande tenester innan økonomisk rådgjeving og konsulentverksemd.;specific;innan konsulentverksemd kontor- næringsdrivande rekneskapstenester rådgjeving sal tenester tilhøyrande;advisory;;
915635474;ØKONOMIAVDELINGEN ØST AS;5;www.okonomiavdelingen.no;Regnskapsføring. Økonomisk rådgivning.;boilerplate;;bookkeeping core, advisory;;
929327446;ØKONOMIBISTAND REGNSKAP AS;38;www.obregnskap.no;Føring av regnskaper på EDB basis og alt hva dermed står i forbindelse, herunder deltagelse i andre selskaper.;generic;basis edb;bookkeeping core, IT/data services;;
935714184;ØKONOMIFOLK AS;6;;Regnskapstjenester. Rådgivningstjenester. Konsulenttjenester.;generic;rådgivningstjenester;bookkeeping core, advisory;;
999539823;ØKONOMIGLIMT AS;5;www.økonomiglimt.no;Regnskapsføring, fakturering, lønn, økonomistyring herunder rådgivning m.v.;specific;fakturering lønn økonomistyring;bookkeeping core, payroll, advisory;;
984540671;ØKONOMIHUSET AS;52;www.okonomihuset.no;Regnskapskontor, konsulenttjenester.;boilerplate;;bookkeeping core, advisory;;
871231362;ØKONOMIHUSET FAUSKE AS;10;www.okhuset.no;Regnskaps- og rådgivningskontor. Rådgivningen vil være innenfor områdene økonomi, bedriftsetablering og skatt, samt hva som naturlig faller inn under dette. Selskapet skal også ved aksjetegning eller på annen måte kunne gjøre seg interessert i aktuelle prosjekter og hva som står i forbindelse hermed.;specific;aksjetegning aktuelle bedriftsetablering faller gjøre inn interessert kunne måte områdene regnskaps- rådgivningen rådgivningskontor seg være;bookkeeping core, advisory, audit/tax;;
957219438;ØKONOMIHUSET MAGNUSSEN AS;10;www.oekhuset.no;Føre regnskap og yte bistand til eksterne klienter samt hva hermed står i forbindelse, herunder å delta i andre selskaper med lignende eller annen virksomhet.;specific;eksterne føre klienter yte;bookkeeping core;;
999329055;ØKONOMIKONTORET VOSS AS;8;;Føring av rekneskap og rådgiving for næringsdrivande, samt utleige av datakraft til desse.;specific;datakraft desse næringsdrivande rekneskap utleige;advisory, IT/data services;;
834095742;ØKONOMIKONTROLL BW AS;12;;Føring av regnskap konsulentvirksomhet innen markedsføring, desktop publishing og annen rela- tert virksomhet.;specific;desktop publishing rela- tert;bookkeeping core, advisory;;
990219281;ØKONOMIPARTNER AS;5;;Regnskap og rådgivning.;boilerplate;;bookkeeping core, advisory;;
989103032;ØKONOMIPARTNER HAMAR AS;12;;Salg av økonomiske tjenester, herunder regnskapsføring og annen økonomisk bistand.;boilerplate;;bookkeeping core;;
922754225;ØKONOMIPARTNER NORGE AS;6;;Regnskaps- og lønnstjenester, samt rådgivning.;generic;lønnstjenester regnskaps-;bookkeeping core, payroll, advisory;;
924374160;ØKONOMIPARTNER1 AS;10;;Salg av regnskap og rådgivningstjenester.;generic;rådgivningstjenester;bookkeeping core, advisory;;
979484518;ØKONOMIRINGEN VÅLER AS;11;;Regnskapsføring og økonomisk rådgivning.;boilerplate;;bookkeeping core, advisory;;
979850212;ØKONOMISENTERET AS;24;;Virksomhet som autorisert regskapsførerselskap, bedriftsrådgiver, handel og utleie. Selskapet kan også ha eierandeler i andre selskaper.;specific;autorisert bedriftsrådgiver eierandeler regskapsførerselskap selskaper;advisory, unrelated trade;;
984058993;ØKONOMISENTERET VOSS AS;19;www.accountor.no;Regnskapsvirksomhet, økonomisk rådgivning og andre konsulenttjenester.;generic;regnskapsvirksomhet;bookkeeping core, advisory;;
976597613;ØKONOMISERVICE AS;8;;Bedriftsrådgivning og regnskapskontor.;generic;bedriftsrådgivning;bookkeeping core, advisory;;
952227904;ØKONOMISERVICE AS;29;;Yta rekneskapstenester, bedriftsøkonomisk råd- gjeving og anna verksemd som naturleg kjem inn under dette.;specific;anna bedriftsøkonomisk gjeving inn kjem naturleg rekneskapstenester råd- verksemd yta;;;
971126507;ØKONOMISERVICE AS;11;;Regnskapskontor og økonomisk rådgivning til våre kunder.;generic;våre;bookkeeping core, advisory;;
989425668;ØKONOMISPESIALISTEN AS;7;www.okonomispesialisten.no;Regnskapsføring og konsulentvirksomhet og andre produkter/tjenester som naturlig hører samme med dette.;boilerplate;;bookkeeping core, advisory;;
995127032;ØKONOMISTYRING NORD AS;5;;Salg av regnskaps- og rådgivningstjenester og andre produkter/tjenester som naturlig hører sammen med dette.;generic;regnskaps- rådgivningstjenester;bookkeeping core, advisory;;
997934121;ØKONOMITJENESTEN.NO AS;25;www.okonomitjenesten.no;Regnskapskontor;boilerplate;;bookkeeping core;;
977075459;ØKONSULT AS;14;;Rekneskapskontor.;generic;rekneskapskontor;;;
943502889;ØKOPARTNER BALLANGEN AS;5;;Regnskapsførsel, forretningsførsel, konsulentbi- stand samt hva hermed står i forbindelse, herunder delta i andre selskaper med lignende virksomhet.;specific;delta forretningsførsel konsulentbi- selskaper stand;bookkeeping core, advisory;;
821551692;ØKORÅD BAMBLE AS;8;;Regnskapsføring, økonomisk rådgivning og andre produkter/tjenester som naturlig hører sammen med dette.;boilerplate;;bookkeeping core, advisory;;
844396082;ØKORÅD ELVERUM & RENA AS;22;www.okoraad.no;Drive regnskap/datatjenester og håndverksytelser samt hva som hermed står i forbindelse, herunder å delta i andre selskaper.;generic;datatjenester håndverksytelser;bookkeeping core, IT/data services;;
950533676;ØKORÅD EVENSKJER AS;9;;Regnskapsføring, årsoppgjør, lønnsføring, samt hva hermed står i forbindelse.;generic;lønnsføring årsoppgjør;bookkeeping core, payroll;;
920679919;ØKORÅD FJORD AS;33;;Rekneskapsføring og økonomisk rådgjeving.;generic;rekneskapsføring rådgjeving;;;
987447702;ØKORÅD HADSEL AS;17;;Økonomiske tjenester slik som regnskap samt økonomisk rådgivning.;boilerplate;;bookkeeping core, advisory;;
926363735;ØKORÅD HELGELAND AS;7;;Regnskapsføring og økonomisk veiledning, samt virksomhet som står i naturlig forbindelse med dette.;generic;veiledning;bookkeeping core;;
950485922;ØKORÅD NARVIK AS;19;;Å drive konsulentvirksomhet og å eie helt eller delvis beslektede selskaper.;specific;beslektede delvis eie helt selskaper;advisory;;
993614882;ØKORÅD NORDSALTEN AS;7;;Regnskaps-, økonomi- og kontortjenester.;specific;kontortjenester regnskaps- økonomi-;bookkeeping core;;
998355362;ØKORÅD OS REGNSKAP AS;12;;Regnskaps- og konsulentvirksomhet, samt annen type virksomhet som naturlig hører sammen med dette, herunder  deltakelse i andre foretak.;specific;deltakelse foretak regnskaps-;bookkeeping core, advisory;;
982743893;ØKORÅD SALTEN AS;19;www.okoraad.no;Utføre regnskaps- og økonomitjenester, rådgivning og annen virksomhet som naturlig hører inn under dette.;specific;inn regnskaps- utføre økonomitjenester;bookkeeping core, advisory;;
989299352;ØKORÅD TRONDHEIM AS;6;;Regnskapskontor.;boilerplate;;bookkeeping core;;
988259977;ØKORÅD ØKSNES AS;7;www.okoraad.com;Drive med regnskapsførsel og rådgivning, herunder deltakelse i andre selskaper.;boilerplate;;bookkeeping core, advisory;;
999092942;ØLEN REGNSKAP AS;13;;Regnskapsføring/årsoppgjør/lønn/fakturering osv. for kunder fra forskjellige næringer.;specific;fakturering forskjellige lønn næringer osv årsoppgjør;bookkeeping core, payroll;;
880308432;ØSTLANDSKE REGNSKAPSKONTOR AS;5;;Utføre regnskapsførertjenester. Konsulenttjenester.;generic;regnskapsførertjenester utføre;bookkeeping core, advisory;;
986061312;ØVERLI REGNSKAP AS;5;;Salg av regnskasps og rådgivningstjenester.;generic;regnskasps rådgivningstjenester;advisory;;
915178316;AA-TEAM AS;5;;Regnskapsbyrå og tilby regnskapstjenester. Salg av konsulenttjenester og annet som står i den forbindelse.;generic;tilby;bookkeeping core, advisory;;
943611521;AABREKK REGNSKAP AS;5;www.aabrekk.no;Regnskap og kontortjenester innenfor regnskap, lønn, ordre- og fakturering, kontorarbeid, samt konsulenttjenester for bedrifter, gårdsbrukere, næringsdrivende o.l. og hva hermed følger i bransjen, samt deltagelse i andre økonomiske foretagender gjennom interssent og aksjeinnskudd o.l.;specific;aksjeinnskudd bransjen deltagelse fakturering foretagender følger gjennom gårdsbrukere interssent kontorarbeid kontortjenester lønn ordre-;bookkeeping core, payroll, advisory;;
975855635;ÅFJORD REGNSKAP AS;32;;Regnskapskontor med tjenester som står i naturlig forbindelse med dette.;boilerplate;;bookkeeping core;;
986414363;ÅKRE REKNESKAP AS;10;www.aakrerekneskap.no/;Drift av regnskapskontor, annen konsulentvirksomhet, delta med eierandeler i andre foretak og annen økonomisk virksomhet.;specific;delta eierandeler foretak;bookkeeping core, advisory;;
987469846;ÅMLI REGNSKAP AS;6;;Regnskapføring.;generic;regnskapføring;bookkeeping core;;
917345023;ÅSERAL REGNSKAPSKONTOR AS;9;;Regnskapstjenester, rådgivning og annen konsulentvirksomhet, samt andre produkter/tjenester som naturlig hører sammen med dette, herunder å delta i andre selskap med lignende virksomhet, kjøp og salg av aksjer eller på annen måte gjøre seg interessert i andre foretak.;specific;delta foretak gjøre interessert måte seg;bookkeeping core, advisory;;
997916255;ÅSJORD ØKONOMI OG RETTSHJELP AS;7;;Selskapet skal bidra med regnskapsførsel, konsulenttjenester innen skatt, avgift og HMS.;specific;avgift bidra hms;bookkeeping core, advisory, audit/tax;;
