orgnr;navn;ansatte;hjemmeside;beskrivelse;auto_kategori;auto_ord;auto_typer;manual_informativ (ja/nei);manual_forretningstype
925106461;24 T ELEKTRO AS;10;;Elektrisk installasjonsarbeid. Generelle bygg- og oppussingstjenester. Rehabilitering av bygninger ute og innvendig. Annen spesialisert bygge- og anleggsvirksomhet og andre produkter/tjenester som naturlig hørersammen med dette, herunder å delta i andre selskap med lignende virksomhet, og kjøp og salg av aksjer eller på annen måte gjøre seg interessert i andre foretak. Hobby verksted.;specific;anleggsvirksomhet bygg- bygge- bygninger delta foretak generelle gjøre hobby hørersa innvendig interessert måte oppussingstjenester rehabilitering seg spesialisert ute verksted;installation;;
985233632;2TAL ELEKTRO AS;14;;Drive produksjon av elektrotavler, installasjonsverksemd og vareomsetning.;specific;elektrotavler installasjonsverksemd vareomsetning;installation;;
931637649;3ELEKTRO AS;6;;Elektrikertjenester.;generic;elektrikertjenester;;;
936488358;9COELEKTRO AS;5;;Elektrikertjenester.;generic;elektrikertjenester;;;
835943542;A SKARE AS;24;;Drift av elektroinstallasjonsbedrift. Salg av elektromateriell og annen tilhørende virksomhet. Deltakelse i andre selskaper med økonomisk formål.;specific;deltakelse elektroinstallasjonsbedrift elektromateriell selskaper tilhørende økonomisk;installation;;
994006533;A-Å ELEKTRO AS;5;;Elektrisk installasjon og annet i den forbindelse.;boilerplate;;installation;;
946995517;A/S Even Cudrio;14;;El.installasjon, handel,import og hva dermed står i forbindelse, herunder også deltagelse i andre selskaper.;generic;deltagelse selskaper;installation, trade/retail;;
962367593;AB ELEKTRISK AS;7;;Elektriske installasjoner i boliger, forretnings- og industribygg, omsetning av elektriske artikler og hva dermed står i forbindelse, samt eventuelt erverv av fast eiendom til driften.;specific;artikler boliger driften erverv eventuelt fast forretnings- industribygg omsetning;installation, automation/industrial;;
950572701;ABA ELEKTRO AS;5;www.aba.no;Elektrikkerinstallasjon, samt handel og alt innen elektriske artikler og hva som står i forbindelse med dette samt deltagelse i annen virksomhet.;specific;artikler deltagelse elektrikkerinstallasjon;trade/retail;;
892313792;ABC EL-MONTASJE AS;17;;Montasje og salg av elektrisk materiell og andre produkter;generic;materiell montasje;trade/retail;;
936403379;ABC ELEKTRO AS;26;;Elektrikertjenester.;generic;elektrikertjenester;;;
984259360;ABC ELEKTRO TEAM AS;13;;Kjøp, salg av varer og tjenester innen sterkstrøm, svakstrøm og data samt det som naturlig faller inn under dette. Kjøp og salg av aksjer. Kjøp, salg og utleie av fast eiendom.;specific;data faller fast inn sterkstrøm svakstrøm varer;security/telecom;;
976052560;ABICON ELEKTRO AS;88;;Elektrisk installasjonsvirksomhet, samt handel og produksjon av elektriske artikler.;generic;artikler installasjonsvirksomhet;installation, trade/retail;;
937794878;ABILDSØ ELEKTRISKE AS;21;www.abildsoelektriske.no;Drive elektrisk installasjon, prosjektering av elektrisk anlegg, salg av ingeniørtjenester, konsulentvirksomhet og hermed beslektet virksomhet.;specific;beslektet ingeniørtjenester prosjektering;installation;;
935246989;ABMAS ELEKTRO AS;58;;Salg av tjenester og varer innenfor - men ikke begrenset til - elektro. Selskapet vil løpende vurdere å delta i annen virksomhet, kjøp/salg av aksjer samt øvrige materielle rettigheter/objekter.;specific;begrenset delta ikke løpende materielle men objekter rettigheter varer vurdere øvrige;;;
979494432;ABO INSTALLASJON AS;10;;Elektriske installasjoner.;boilerplate;;installation;;
915331262;ABOT AS;21;www.abot.no;Installasjonsvirksomhet. Elektrisk installasjon.;generic;installasjonsvirksomhet;installation;;
998583470;ABP ELEKTRO AS;23;;Elektroinnstallasjon.;generic;elektroinnstallasjon;;;
984086822;ABUS ENTREPRENØR AS;8;;Elektroteknisk installasjon samt salg av varer og tjeneste innenfor virksomhetsområdet.;specific;elektroteknisk varer virksomhetsområdet;installation;;
932764261;AC ELEKTRO AS;7;;Elektrikertjenester.;generic;elektrikertjenester;;;
921208812;ACOM ELEKTRO AS;19;www.acomelektro.no;Drive tjenesteytende virksomhet av teknisk art, hovedsakelig innen elektro-installasjon, og annet som naturlig faller sammen med dette, herunder å delta i andre selskaper med lignende virksomhet, eller på annen måte gjøre seg interessert i andre foretagender.;specific;art elektro-installasjon faller foretagender gjøre interessert måte seg teknisk tjenesteytende;installation;;
939778241;ACR elektro AS;15;;Elektrisk installasjonsvirksomhet og hva dermed står i forbindelse, herunder å delta i andre selskaper med lignende virksomhet.;generic;installasjonsvirksomhet;installation;;
924490837;ACS ELEKTROAUTOMASJON AS;20;;Import og handel med elektromekaniske varer og salg av tilhørende tjenester.;specific;elektromekaniske tilhørende varer;trade/retail;;
913552113;ACTIVE ELEKTRO AS;24;www.active-elektro.no;Elektro, ny installasjon, service og vedlikehold.;boilerplate;;installation;;
995981661;ADR ELEKTRO AS;10;;Lavspenning bygningsinstallasjoner. Salg, montasje, service av elektroprodukter og tjenester, konsulenttjenester, deltakelse i andre virksomheter og alt hva hermed står i forbindelse.;specific;bygningsinstallasjoner deltakelse elektroprodukter lavspenning montasje;;;
923447067;AELEKTRIKER AS;13;;Elektrisk installasjonsarbeid;boilerplate;;installation;;
994662473;AEROCOM NORGE AS;15;;Salg, service og montering av elektromateriell, samt deltagelse i andre virksomheter.;specific;deltagelse elektromateriell montering;;;
827958522;AFFIX OSLO AS;8;;Import, salg, montering og design av elmateriel, lys og konsulentvirksomhet innenfor design og prosjektering, samt all virksomhet som står i den forbindelse.;specific;design elmateriel lys montering prosjektering;;;
916830033;AGDER CONNECT AS;7;;Drive med installasjon og prosjektering av tekniske systemer, som eksempelvis Fiber, alarm, kameraovervåking, adgangskontroll og andre produkter/tjenester som naturlig hører sammen med dette.;specific;adgangskontroll alarm eksempelvis fiber kameraovervåking prosjektering systemer tekniske;installation, security/telecom;;
993360953;AGDER EL INSTALLASJON ARENDAL AS;12;;Elektroinstallasjon samt hva dermed står i forbindelse.;boilerplate;;installation;;
985170266;AGDER EL INSTALLASJON AS;68;;Elektroinstallasjon og salg av tilhørende produkter.;generic;tilhørende;installation;;
980382028;AIDA ELEKTRO AS;8;;Drive installasjon av elektriske sterk- og svakstrømsanlegg, samt kjøp og salg av utstyr i forbindelse med dette, og å delta i annen beslektet virksomhet.;specific;beslektet delta sterk- svakstrømsanlegg utstyr;installation, security/telecom;;
998680700;AJ ELEKTRO AS;5;www.ajelektro.no;Å utføre /prosjektere elektriske installasjoner, salg av elektromateriell og andre produkter som naturlig faller sammen med dette, samt investering i fast eiendom og å delta i andre selskaper og virksomheter.;specific;delta elektromateriell faller fast prosjektere selskaper utføre;installation;;
922021791;AK1 ELEKTRO AS;18;;Elektriske installasjonsarbeider.;generic;installasjonsarbeider;installation;;
995785994;AKASO ELEKTRO AS;27;;Elektroentreprenør.;boilerplate;;;;
992183640;AKERSHUS - ØSTFOLD ELEKTRO AS;6;;Elektro-Installasjon;generic;elektro-installasjon;installation;;
976527569;AKERSHUS ELEKTRO AS;31;;Kjøp og salg av elektrotjenester, samt elektromateriell.;generic;elektromateriell elektrotjenester;;;
932228416;AKERSHUS ELEKTROSERVICE AS;17;;Elektrikertjenester.;generic;elektrikertjenester;;;
989373560;AKSJESELSKAPET ELEKTRO GRUPPEN;26;;Utførelse av elektromontasje, kjøp og salg av elektriske artikler samt annen tilliggende virksomhet.;specific;artikler elektromontasje tilliggende utførelse;trade/retail;;
932830175;AKTIV ELEKTRO AS;9;;Bygging og vedlikehold av andres elektriske anlegg og hva dermed står i forbindelse. Handel, investeringer i andre selskap og hva dermed står i forbindelse. Deltakelse i andre lignende selskaper. Kjøp og salg av varer og tjenester.;specific;andres bygging deltakelse selskaper varer;trade/retail;;
966918942;AL ELEKTRISKE AS;16;;Elektriske installasjoner og vedlikehold, samt alt hva hermed står i forbindelse.;boilerplate;;installation;;
915078990;AL ELEKTRO AS;17;;Prosjektering og installasjon av sterk og svakstrøm.;specific;prosjektering sterk svakstrøm;installation, security/telecom;;
916499310;ALARM & SERVICE AS;9;;Salg og serviceoppdrag på alarmsystemer og sikkerhetsprodukter.;specific;alarmsystemer serviceoppdrag sikkerhetsprodukter;security/telecom;;
991059512;ALARMSERVICE AS;21;;Salg av installasjonstjenester av elektroprodukter innen svakstrøm og sikkerhet og andre produkter som naturlig faller sammen med dette, herunder å delta i andre selskaper med lignende virksomhet. I tillegg kan selskapet drive kjøp og salg av eiendom.;specific;elektroprodukter faller installasjonstjenester sikkerhet svakstrøm tillegg;installation, security/telecom;;
972410438;ALFA ELEKTRO AS;30;;Konsulenttjenster innen maritim elektronikk, salg, installasjon og reparasjon av elektriske anlegg i skip og industribedrifter og hva dermed står i forbindelse, samt ved aksjetegning eller på annen måte gjøre seg interessert i andre økonomiske foretagender.;specific;aksjetegning elektronikk foretagender gjøre industribedrifter interessert konsulenttjenster maritim måte reparasjon seg skip økonomiske;installation, automation/industrial;;
967725560;ALFAELKIDA AS;23;alfaelkida.no;Virksomhet innen elektroinstallasjon, samt annen virksomhet forbundet med dette. Selskapet kan eie fast eiendom.;specific;eie fast forbundet;installation;;
997795520;ALFRED NESSET AUTOMASJON AS;22;www-alfrednesset.no;Handel, produksjon, salg av automasjonstjenester.;generic;automasjonstjenester;automation/industrial, trade/retail;;
991869565;ALGRØY ELEKTRO AS;24;;Drive elektrisk installasjon og hva hermed står i forbindelse.;boilerplate;;installation;;
916606745;ALLSIDIG ELEKTRO AS;8;;Elektrisk installasjonsarbeid, og annet som naturlig hører inn under dette.;generic;inn;installation;;
921888945;ALLTEC AS;61;www.alltec.no;Utvikle og levere produkter, systemer og tjenester til nasjonal og internasjonal fornybar energiproduksjon, samt drive virksomhet som står i tilknytning til dette, inkludert deltakelse i andre selskaper.;specific;deltakelse energiproduksjon fornybar inkludert internasjonal nasjonal selskaper systemer;solar/energy;;
919085592;ALLTI ELEKTRO AS;5;;Fremstilling/salg av elektro installasjoner og andre produkter som naturlig faller sammen med dette, herunder delta i andre selskaper med lignende virksomhet, kjøp og salg av aksjer, eller på annen måte gjøre seg interessert i andre foretagender.;specific;delta faller foretagender fremstilling gjøre interessert måte seg selskaper;installation;;
917290970;ALNA ELEKTRO AS;10;;Elektrisk installasjonsarbeid og andre tjenester og produkter som naturlig faller sammen med dette.;generic;faller;installation;;
915767362;ALPHA ELEKTRO AS;39;;Næringsvirksomhet innen elektrobransjen.;generic;elektrobransjen næringsvirksomhet;;;
926454781;ALT INNEN ELEKTRO OSLO AS;7;;Elektrisk arbeid og salg av varer og tjenester.;generic;arbeid varer;;;
979384378;ALT INSTALLASJON AS;68;;Elektrisk installasjon. Handel med elektrisk materiell.;generic;materiell;installation, trade/retail;;
998804523;ALTI ELEKTRO AS;10;;Elektrikertjenester. Kjøp og salg av egen fast eiendom. Korttidsutleie av hus, hytte, leilighet eller rom. Utleie av fast eiendom.;specific;egen elektrikertjenester fast hus hytte korttidsutleie leilighet rom;;;
928736970;ALTI-EL AS;16;;Elektrisk installasjonsarbeid og salg av elektriske artikler.;generic;artikler;installation, trade/retail;;
982122996;AMDAL ELEKTRO AS;14;;Elektriske installasjoner og dertil tilhørende aktiviteter samt å kunne delta i andre virksomheter.;specific;aktiviteter delta dertil kunne tilhørende;installation;;
929045068;AN ELEKTRO AS;6;;Alt innen elektroinstallasjoner, reparasjoner av installasjoner og utstyr, salg av tilhørende materiell og utstyr, utbedring av småskader på bygninger.;specific;bygninger materiell reparasjoner småskader tilhørende utbedring utstyr;installation;;
919609923;ANDEBU ELEKTRO AS;8;;Å drive elektroinstallasjon, samt ha eierinteresser direkte eller indirekte i alle næringer.;specific;direkte eierinteresser indirekte næringer;installation;;
966922877;ANDERSEN ELEKTRO AS;9;;Handel og installasjon i elektrobransjen, delta i andre selskap ved aksjetegning eller på annen måte samt alt som måtte være forbundet med dette.;specific;aksjetegning delta elektrobransjen forbundet måte være åtte;installation, trade/retail;;
948521806;ANDREASSEN & AASTVEIT AS;15;;Elektrisk installasjonsarbeider, salg av elek- triske artikler m.v., samt deltagelse i andre selskaper med lignende formål.;specific;artikler deltagelse elek- installasjonsarbeider selskaper triske;installation;;
986873120;ANDREASSEN ELEKTRO AS;14;;Elektrisk installasjonsarbeid, med rådgivning.;boilerplate;;installation;;
930618802;ANDØY INSTALLASJON AS;18;www.andoyinstallasjon.no;Drive elektrisk installasjon, salg av elektronikk, skipselektronisk utstyr og annen virksomhet som naturlig står i forbindelse med dette.;specific;elektronikk skipselektronisk utstyr;installation;;
886670362;ANGVIK ELEKTRO AS;14;;Drive nyinnstallasjon, restaurering og service av elektriske istallasjoner innen bolig, industri og landbruk. Samt foreta internkontroller for bedrifter og privatpersoner. Montering av brannalarmer, innbruddsalarmer og tele/data-installasjon. Videre alt som står i forbindelse med dette, herunder deltagelse i andre selskaper med lignende virksomhet.;specific;bolig brannalarmer data-installasjon foreta industri innbruddsalarmer internkontroller istallasjoner landbruk montering nyinnstallasjon privatpersoner restaurering tele videre;installation, automation/industrial, security/telecom;;
933364380;ANVI ELEKTRO AS;6;;Elektrikertjenester.;generic;elektrikertjenester;;;
936959261;AP ELEKTRO AS;5;;Elektrikertjenester.;generic;elektrikertjenester;;;
937155085;AQILA AS;105;;Selge elektroteknisk ingeniør- og konsulent- tjenester, samt alt som står i forbindelse hermed, herunder å delta i andre selskaper med lignende virksomhet.;specific;elektroteknisk ingeniør- konsulent-;;;
814910652;ARCTIC ELEKTRO AS;20;;Elektrisk installatør.;generic;installatør;;;
990513821;ARCTIC INSTALLASJON AS;15;www.arcticinstallasjon.no;Prosjektering og produksjon av elektrotavler, elektriske installasjoner og handel som følge av dette, samt konsulenttjenester vedrørende installasjoner.;specific;elektrotavler følge prosjektering vedrørende;installation, trade/retail;;
918545085;ARCTIQ AS;32;www.arctiq.no;Telekommunikasjon, montørtjenester og andre produkter/tjenester som naturlig hører sammen med dette.;specific;montørtjenester teleko unikasjon;security/telecom;;
916544480;ARENDAL EL TEAM AS;31;;El-installasjon for privat og bedriftskunder.;specific;bedriftskunder el-installasjon privat;installation;;
919424443;AREXA AS;36;www.arexa.no;"Leveranser av sikkerhetsløsninger, samt tjenester for drift og vedlikehold av leverte løsninger. Herunder; Adgangskontroll (on/offline, mek, el-mek), innbruddsalarm, kameraovervåkning, IAM-løsninger, brannalarm, dørtelefoni, foto-ID og kortproduksjon, varesikring, service, etter marked, driftssentral.";specific;adgangskontroll brannalarm driftssentral dørtelefoni el-mek etter foto-id iam-løsninger innbruddsalarm kameraovervåkning kortproduksjon leverte marked mek offline sikkerhetsløsninger varesikring;security/telecom;;
932607131;ARGON ELEKTRO AS;60;www.argon.no;Skips- og husinstallasjoner, skipselektrisk og skipselektronisk service, produksjons-handels- og agenturvirksomhet.;specific;agenturvirksomhet husinstallasjoner produksjons-handels- skips- skipselektrisk skipselektronisk;;;
974413663;ARILD ANDERSEN ELEKTRO AS;7;www.aaelektro.no;Elektronisk installasjonsarbeid. Produksjon av elektriske fordelings- og kontrolltavler og paneler.;specific;elektronisk fordelings- kontrolltavler paneler;installation;;
925669458;ARITECH BERGEN AS;27;;Elektrisk installasjonsarbeid. Engroshandel med maskiner og utstyr til handel, transport og tjenesteyting ellers Byggeteknisk konsulentvirksomhet. Reparasjon av elektrisk utstyr.;specific;byggeteknisk ellers engroshandel maskiner reparasjon transport utstyr;installation, trade/retail;;
952170570;ARKEL ASKER OG BÆRUM AS;34;www.arkel.no;Elektriske installasjonsarbeid.;boilerplate;;installation;;
989031686;ARKEL INNLANDET AS;11;www.arkelinnlandet.no/hjem;Elektroentreprenør og rådgivende ingeniør som selvstendig eller sammen med andre virksomheter innenfor kjerneområde. Kjøp/salg inkl. import og eksport av reklame/profileringsartikler, samt konsulent- og servicetjenester vedrørende disse produkter.;specific;disse ingeniør inkl kjerneområde konsulent- profileringsartikler reklame rådgivende selvstendig servicetjenester vedrørende;;;
984438370;ARKEL OSLO AS;9;www.arkel.no;Elektroentreprenør. Rådgivende ingeniør. Deltagelse i andre selskaper. Kjøp og salg.;specific;deltagelse ingeniør rådgivende selskaper;;;
983668615;ARNE HANSEN INSTALLASJON AS;20;www.ahias.no;Kjøp og salg av elektroartikler og installasjon av disse samt annen virksomhet som naturlig står i forbindels med dette. Selskapet skal likeledes ved aksjetegning eller på annen måte gjøre seg interessert i andre foretagender.;specific;aksjetegning disse elektroartikler forbindels foretagender gjøre interessert likeledes måte seg;installation;;
935179874;ARNEBERG & LUND ELEKTRO AS;14;;Elektrisk installasjon.;boilerplate;;installation;;
979538480;ARRO ELEKTRO AS;49;www.arro.no;Elektroinstallsjon.;generic;elektroinstallsjon;;;
923452672;AS DATA ELEKTRISKE;17;;Elektrisk installasjonsarbeid.;boilerplate;;installation;;
919369884;AS ELEKTRO-MONTERING;5;www.elektromontering.no;Drive elektro-mekanisk verksted med produksjon og agenturvirksomhet og alt som står i forbindelse hermed.;specific;agenturvirksomhet elektro-mekanisk verksted;;;
919231432;AS ELEKTROINSTALLASJON;42;www.elektroinstallasjon.no;Elektroinstallasjon, herunder salg av varer og tjenester, samt investeringer i andre selskaper.;generic;selskaper varer;installation;;
929316606;AS LØTEN ELEKTRO;7;;Levere tjenester innen bygg og anlegg som installasjonsvirksomhet med hovedvekt innen elektro, automasjon, elkontroll og andre tjenester/ produkter som naturlig faller sammen med dette.;specific;automasjon bygg elkontroll faller hovedvekt installasjonsvirksomhet;installation, automation/industrial;;
958862431;AS WATT;27;;Elektroentreprenørarbeid, samt alt hva hermed står i forbindelse, herunder deltagelse i selskaper med tilsvarende formål.;specific;deltagelse elektroentreprenørarbeid selskaper;;;
910295764;ASK ELEKTRO AS;67;;Elektrisk installasjonsvirksomhet og alt som står i forbindelse med dette, samt deltagelse i andre selskaper.;specific;deltagelse installasjonsvirksomhet selskaper;installation;;
888754822;ASKEL INSTALLASJON AS;15;www.askel.no;Elektroentreprenør.;boilerplate;;;;
993135283;ASKER ELEKTRISKE AS;13;;Elektrisk installasjon, samt investering i eiendom og aksjer.;boilerplate;;installation;;
981975731;ASKESTAD-AAS ELEKTRO AS;19;;Elektroinstallasjon.;boilerplate;;installation;;
991031561;ASKIM EL-INSTALLASJON AS;5;;Elektrisk installasjon, salg av elektrisk materiell og det som naturlig hører inn under bransjen.;specific;bransjen inn materiell;installation, trade/retail;;
857884922;ASKØY-BERGEN ELEKTRO AS;39;www.askoy-bergenelektro.no;Elektriske installasjoner, salg av elektriske artikler og utstyr, samt deltagelse i lignende virksomheter.;specific;artikler deltagelse utstyr;installation, trade/retail;;
988606995;ASPN AUTOMATIKKSPESIALISTEN AS;7;;Konstruksjon, bygging og salg av el-fordelingstavler, maskinautomatisering og teknisk overvåkning. Salg av datamaskiner, utstyr til disse og programvare. Utleie av maskiner og utstyr.;specific;bygging datamaskiner disse el-fordelingstavler konstruksjon maskinautomatisering maskiner overvåkning programvare teknisk utstyr;;;
943623341;ASSEMBLIN CAVERION NORGE AS;118;;Drive handel samt deltagelse i andre selskaper.;generic;deltagelse selskaper;trade/retail;;
976862457;ASSISTENT PARTNER AS;25;;Import, produksjon, handel, installasjon og service på tekniske hjelpemidler og kommunikasjonsutstyr og dertil tilhørende konsulentvirksomhet samt deltakelse i andre selskap.;specific;deltakelse dertil hjelpemidler tekniske tilhørende unikasjonsutstyr;installation, trade/retail;;
927906163;ASTO ELEKTRO AS;27;;Elektrikerarbeid, montørarbeid, konsulent-og rådgivningstjenester innen el-installasjoner, handel med el-utstyr og annen konsulentbistand, herunder deltakelse i andre selskaper med tilsvarende formål.;specific;el-installasjoner el-utstyr konsulent-og konsulentbistand montørarbeid rådgivningstjenester;installation, trade/retail;;
980507653;ASTRAKOM AS;6;;Installasjonsvirksomhet, handel, industri innen elektro og elektrotekniske produkter og hva herved står i forbindelse. Investering i verdipapirer mv.;specific;elektrotekniske industri installasjonsvirksomhet verdipapirer;installation, automation/industrial, trade/retail;;
927452979;ATI ELEKTRO AS;14;www.ati-elektro.no;Å tilby rør-, elektro- og ventilasjonstjenester til private og offentlige kunder, samt det som naturlig står i forbindelse med dette.;specific;elektro- rør- tilby ventilasjonstjenester;;;
893022392;ATOM ELEKTRO AS;49;www.atomelektro.no;Elektriske installasjoner, elektroentreprenørtjenester, omsetning og utvikling av fast eiendom, samt deltagelse i andre selskaper med tilsvarende virksomhet.;specific;deltagelse elektroentreprenørtjenester fast omsetning selskaper;installation;;
929008596;AURLAND ELEKTRISKE AS;12;;Drive elektrisk instalasjonsvirksomhet og handel med elektriske artikler.;generic;artikler instalasjonsvirksomhet;trade/retail;;
918595317;AURSKOG ELEKTRISKE INSTALLASJON AS;19;;Elektrisk installasjon.;boilerplate;;installation;;
997003578;AUSTAD ELEKTRO AS;8;;Salg av elektrotjenester og produkter som naturlig hører til i bransjen. Selskapet kan også delta i andre bedrifter gjennom oppkjøp eller lignende.;specific;bransjen delta elektrotjenester gjennom oppkjøp;;;
992243600;AUTOMASJON OG MONTASJE AS;13;;Salg, montering og reprasjon av elektriske anlegg, samt det som naturlig faller innunder næringen.;specific;faller innunder montering næringen reprasjon;;;
879788072;AUTOMATIKK-SERVICE AS;9;;Teknisk service, salg og kjøp av elektronisk utstyr.;specific;elektronisk teknisk utstyr;;;
930681601;AUTOSPARK AS;13;;Utleie av arbeidskraft som konsulent, elektriker og automstiker til olje, næring, fiskeindustri og hus. Samt i fremtiden vil selskape prisejobber å levere hele systemer innen elektro, automasjon og mekanisk.;specific;arbeidskraft automasjon automstiker fiskeindustri fremtiden hele hus mekanisk næring olje prisejobber selskape systemer;automation/industrial;;
976969324;AV & PÅ ELEKTRO AS;12;www.avogpaa.no;Elektrisk installasjonsvirksomhet, handel, import av el-prod., samt hva som står i forbindelse med dette, herunder deltakelse i andre selskaper og eiendom og drift av denne.;specific;denne el-prod installasjonsvirksomhet;installation, trade/retail;;
931019724;AV BYGG AS;196;;Elektrisk installasjonsarbeid. Rørleggertjenester. Tømrer/Snekkertjenester.;specific;rørleggertjenester snekkertjenester tømrer;installation;;
932369222;AV INSTALLASJON OG SYSTEMTEKNIKK AS;6;;Salg og installasjon av AV-teknisk utstyr, som lyd, bilde, lys og styring av dette hos næringskunder. Service og reparasjon av AV-teknisk utstyr.;specific;av-teknisk bilde hos lyd lys næringskunder reparasjon styring utstyr;installation, automation/industrial;;
990226970;AVARN SECURITY INNLANDET AS;22;www.nokas.no;Handel med låser, alarmer og annet sikkerhetsutstyr samt deltagelse i andre virksomheter som faller under dette.;specific;alarmer deltagelse faller låser sikkerhetsutstyr;security/telecom, trade/retail;;
979276141;AVARN SECURITY TEKNIKK SØR AS;59;www.nokas-sor.no;Engroshandel med jernvarer, rørleggerartikler og oppvarmingsutstyr.;specific;engroshandel jernvarer oppvarmingsutstyr rørleggerartikler;;;
919444983;AVI ELEKTRO AS;5;www.avielektro.no;Å bli en lokal elektroinstallatør i folloregionen.;specific;bli elektroinstallatør folloregionen lokal;;;
918441514;AVINEERING AS;8;;Salg, installasjon og vedlikehold av navigasjonsinstrumenter og antennesystemer til bruk i flytrafikk.;specific;antennesystemer bruk flytrafikk navigasjonsinstrumenter;installation;;
910405004;AVITELL AS;121;www.avitell.no;Elektrisk installasjon og alt hva derved står i forbindelse.;generic;derved;installation;;
917457999;AVITRON NORGE AS;11;;Installasjon og salg av elektrisk utstyr.;generic;utstyr;installation, trade/retail;;
992025301;AVS ELEKTRO AS;8;;Utføre elektroinstallasjon for industribygg, privatbygg og anlegg samt beslektet virksomhet. Kjøp og salg av aksjer, eiendommer, tomter og øvrig investeringsvirksomhet og kapitalforvaltning, herunder deltakelse i andre selskap gjennom aksjebesittelse eller på annen måte.;specific;aksjebesittelse beslektet deltakelse eiendo gjennom industribygg investeringsvirksomhet kapitalforvaltning måte privatbygg tomter utføre øvrig;installation, automation/industrial;;
933585050;AXEL SOLUTIONS AS;10;;Elektrikertjenester.;generic;elektrikertjenester;;;
934920333;B E ELEKTRO AS;5;;Elektrikertjenester.;generic;elektrikertjenester;;;
959682496;B MIKKELSEN AS;19;;Drive handel, elektrisk installasjon, og alt som står i forbindelse med det, samt deltagelse i andre selskaper med lignende virksomhet.;generic;deltagelse selskaper;installation, trade/retail;;
922366063;B/R ENERGI AS;8;;Energibransjen: Drifte og vedlikeholde infrastruktur til netteiere, bedrifter og privatkunder, prosjektoppdrag innenfor høy-,lavspent spenningsnivå, leder for sikkerhetsoppdrag, konsulentoppdrag for netteiere og bedrifter, driftslederskap på private høyspentanlegg, utleie av kompetanse og personell til nett-entreprenører, termografi og installasjon: Utføre store og små installasjonsoppdrag, nyanlegg, serviceoppdrag og termografi.;specific;driftslederskap energibransjen høy- høyspentanlegg infrastruktur installasjonsoppdrag kompetanse konsulentoppdrag lavspent leder nett-entreprenører netteiere nyanlegg personell privatkunder prosjektoppdrag serviceoppdrag sikkerhetsoppdrag små spenningsnivå store termografi utføre vedlikeholde;installation, solar/energy, security/telecom;;
952438360;BAKKE EL-INSTALLASJON AS;28;www.bakkeelinst.no;Installasjonsvirksomhet og alt hva hermed står i naturlig forbindelse, samt deltagelse i andre selskap med samme formål.;generic;deltagelse installasjonsvirksomhet;installation;;
917151792;BAKKEN-ELEKTRO AS;7;;Elektroinstallasjoner, handel og alt hva dermed står i forbindelse med dette.;boilerplate;;installation, trade/retail;;
923093508;BALLANGEN UTVIKLING AS;10;;Bidra til en langsiktig vekst gjennom: i) investeringer i næringsvirksomhet i regionen som også skal sikre tilførsel av verdier i det geografiske området som ved opprettelsen av stiftelsen utgjorde Ballangen kommune, og ii) utdeling av midler til allmennyttige formål og veldedige eller allmennyttige organisasjoner i det geografiske området som ved opprettelsen av stiftelsen utgjorde Ballangen kommune.;specific;allmennyttige ballangen bidra geografiske gjennom langsiktig midler næringsvirksomhet området opprettelsen organisasjoner regionen sikre stiftelsen tilførsel une utdeling utgjorde vekst veldedige verdier;;;
921205511;BALSFJORD ELEKTRO AS;5;;Elektroinstallatør som utfører prosjektering, rådgivning, installasjon og service på sterk- og svakstrømsanlegg, elsikkerhetstjenester, termografi og annet som naturlig faller sammen med dette.;specific;elektroinstallatør elsikkerhetstjenester faller prosjektering sterk- svakstrømsanlegg termografi utfører;installation, security/telecom;;
814211002;BARONA HUMAN RESOURCE SERVICES AS;5;www.barona.no;Investere i aksjer samt hva hermed står i forbindelse, herunder delta i andre virksomheter.;generic;delta investere;;;
828648802;BARONA TEKNISK INSTALLASJON AS;18;;Elektrisk installasjonsarbeid.;boilerplate;;installation;;
922146098;BAUTA ELECTRO AS;18;;Elektroarbeider og installasjon mot maritime industri, samt tilhørende virksomhet. I tillegg kan selskapet erverve eller delta i andre selskaper med lignende virksomhet.;specific;delta elektroarbeider erverve industri maritime selskaper tilhørende tillegg;installation, automation/industrial;;
995041340;BB ELEKTRO AS;7;;Utføre elektriske innstallasjoner og tilknyttet virksomhet i Finnøy nærliggende kommuner.;specific;finnøy innstallasjoner nærliggende uner utføre;;;
976000390;BB ELEKTRO BJØRN BAKKE AS;7;www.bbelektro.no;Elektroinstallatør.;generic;elektroinstallatør;;;
886658702;BDM ELEKTRO AS;12;;EL installasjon med beslektet virksomhet og detaljhandel elektro samt rørleggertjenester med beslektet virksomhet inkl. detaljhandel av utstyr og våtromsinnredninger.;specific;beslektet detaljhandel inkl rørleggertjenester utstyr våtromsinnredninger;installation;;
880859862;BE ELEKTRO AS;25;;Elektrisk installasjonsarbeide.;generic;installasjonsarbeide;installation;;
922020485;BEDRE ELEKTRO AS;8;;Drive elektrisk installasjon og i bolig og næringsbygg samt kjøp og salg av varer og tjenester som ligger i tilknytning til dette. Delta i andre selskaper med liknende virksomhet.;specific;bolig delta ligger liknende næringsbygg selskaper varer;installation;;
919597690;BELAM NORGE AS;40;www.wbs.as;Elektriske installasjoner;boilerplate;;installation;;
912475034;BELSVIK ELEKTRO AS;45;;Elektrisk installasjon i boliger, industribygg, skip, etc., samt salg av elektrisk utstyr og hvitevarer.;specific;boliger hvitevarer industribygg skip utstyr;installation, automation/industrial, trade/retail;;
983370829;BENTZEN ELEKTRO AS;25;;Salg og installasjon av elektriske tjenester til skip, bolig og industri, og dertilhørende produkter. Samt handel forøvrig som naturlig hører inn under virksomhetens art. Dette inkluderer også kjøp og salg av verdipapirer med videre.;specific;art bolig dertilhørende forøvrig industri inkluderer inn skip verdipapirer videre virksomhetens;installation, automation/industrial, trade/retail;;
929425677;BERG & WIGUM AS;27;;Handel og elektrisk installasjonsvirksomhet, og det som naturlig står i forbindelse med dette.;generic;installasjonsvirksomhet;installation, trade/retail;;
989976702;BERG ELEKTRO AS;13;;Elektrisk installasjonsarbeid og salg av elektriske artikler i tilknytning til utført installasjonsarbeid.;generic;artikler utført;installation, trade/retail;;
946664847;BERG OG SANDBOE AS;13;;Å utføre elektriske installasjonsarbeider, samt annen økonomisk virksomhet av enhver art.;specific;art enhver installasjonsarbeider utføre økonomisk;installation;;
982743834;BERGEN ELEKTRO AUTOMASJON AS;35;;Installasjon og salg av elektrisk materiell, samt deltakelse i andre selskap innen beslektede bransjer og eiendomsbesittelse.;specific;beslektede bransjer deltakelse eiendomsbesittelse materiell;installation, trade/retail;;
988935247;BERGEN ELEKTRO TEAM AS;28;www.bergenelektroteam.no;Elektroinstallasjon og handel med elektronisk utstyr.;generic;elektronisk utstyr;installation, trade/retail;;
936283101;BERGEN ELEKTROSERVICE A/S;41;;Handel- og servicevirksomhet, innenfor elektrisk installatørvirksomhet og hva dermed står i forbindelse, samt å interessere seg i andre selskaper.;specific;handel- installatørvirksomhet interessere seg selskaper servicevirksomhet;trade/retail;;
994882015;BERGEN OG OMEGN RØR OG ELEKTRO AS;32;www.vvseksperten.no/rorlegger/bergen/bergen-og-omegn-ror-og-elektro-as;Rørleggertjenester. Elektrikertjenester.;generic;elektrikertjenester rørleggertjenester;;;
912258122;BERGERUD ELEKTRO AS;6;;Elektrisk installasjonsvirksomhet.;generic;installasjonsvirksomhet;installation;;
926502468;BERGET ELEKTRO OG LINJEBYGG AS;20;;Elektroinstallasjonstjenester, både på høyspent og lavspent.;specific;elektroinstallasjonstjenester høyspent lavspent;installation;;
925536830;BERLAND ELEKTRO AS;5;;Elektrikertjenester.;generic;elektrikertjenester;;;
982703115;BERNARD MARTINSEN ELEKTRO AS;14;www.bmelektro.no;Elektroinstallasjoner, salg og installasjon.;boilerplate;;installation;;
918048790;BETTUM ELEKTRO AS;6;;Elektrisk installasjonsarbeid og all tilhørende virksomhet, herunder å eie aksjer og andeler i andre selskaper.;specific;eie selskaper tilhørende;installation;;
913142233;BEVER HOLDING AS;7;;Hovedkontorvirksomhet med administrative tjenester til konsernet i tillegg til utleie av egen eller leid faste eiendom ellers;specific;administrative egen ellers faste hovedkontorvirksomhet konsernet leid tillegg;;;
914466016;BGO ELEKTRO AS;11;www.bgoelektro.no;Utføre elektriske installasjoner i bolig, forretningsbygg og industribygg. Samt ha service og installasjon av storkjøkkenutstyr.;specific;bolig forretningsbygg industribygg storkjøkkenutstyr utføre;installation, automation/industrial;;
993517534;BI ELEKTRO AS;65;;Drive elektrisk installasjonsvirksomhet og handel, samt hva dermed står i forbindelse, eventuelt ved aksje- eller andelstegning å delta i andre virksomheter.;specific;aksje- andelstegning delta eventuelt installasjonsvirksomhet;installation, trade/retail;;
933692817;BILLKVAM & FAGERHAUG AS;40;;Å drirve elektroinstallasjon, handel, agentur og hva som dermed står i forbindelse.;generic;agentur drirve;installation, trade/retail;;
997862198;BINDAL ELEKTRO AS;5;www.bindalelektro.no;Elektrisk arbeid. Salg av elektroartikler/ verktøy, installasjonsutstyr. Vaktmestertjenester;specific;arbeid elektroartikler installasjonsutstyr vaktmestertjenester verktøy;installation;;
958380976;BIRKELAND ELEKTRO AS;8;;Handel og håndverk innenfor faget elektriske installasjoner.;generic;faget håndverk;installation, trade/retail;;
997924487;BISMO ELEKTRO AS;10;;Elektroinstallasjon. Rådgivning, elektro og andre tekniske funksjoner. Kurs og undervisning. Service for næringsliv og privatmarked. Kontrollvirksomhet, sikkerhet og elektro. Entreprenørvirksomhet, elektro og tekniske funksjoner.;specific;entreprenørvirksomhet funksjoner kontrollvirksomhet kurs næringsliv privatmarked sikkerhet tekniske undervisning;installation, security/telecom;;
992179996;BJELLAND ELEKTRO AS;26;;Salg, service og installasjon av elektriske anlegg.;boilerplate;;installation;;
991791876;BJØRBEKK ELEKTRO AS;9;;Konsulenttjenester og rådgivning innen elektro og alt som herved står i forbindelse, eventuelt gjennom deltagelse i andre selskaper.;specific;deltagelse eventuelt gjennom selskaper;;;
985440964;BJØRN TORES ELEKTRO AS;10;bta.no;Selskapet skal drive med nyinstallasjon, rehabilitering og industri installasjon innen elektro-installasjon, tele, data, lydsystemer, salg av el-artikler og konsulentvriksomhet.;specific;data el-artikler elektro-installasjon industri konsulentvriksomhet lydsystemer nyinstallasjon rehabilitering tele;installation, automation/industrial, security/telecom;;
954381234;BJØRNAR LIND AS;16;;Elektrisk installasjon, samt vedlikehold av elektrisk utstyr samt å drive handel med elektriske artikler. Videre skal selskapet ved andelstegning eller på annen måte kunne delta i annet foretagende med samme eller lignende formål.;specific;andelstegning artikler delta foretagende kunne måte utstyr videre;installation, trade/retail;;
925323276;BLU ELECTRO AS;217;;Leveranse av komplekse elektro og automasjonssystemer samt servicetjenester (utleie av personell) innen elektro og automasjon. Komplekse elektro og automasjonssystemer leveres hovedsakelig innenfor olje & gass, logistikk, infrastruktur og vann&avløp. Servicetjenester (utleie av fagpersonell) skjer hovedsakelig til olje & gass industrien.;specific;automasjon automasjonssystemer avløp fagpersonell gass industrien infrastruktur komplekse leveres logistikk olje personell servicetjenester skjer vann;automation/industrial;;
918024883;BLUETEC AS;41;;Elektrikertjenester.;generic;elektrikertjenester;;;
921336640;BLYSTAD ELEKTRO AS;7;;Alt innen lavspent og høyspent installasjonsarbeid, herunder prosjektering, installasjon og detaljsalg. Også øvrig detaljhandel av produkter og tjenester som naturlig faller sammen med dette. Herunder også å delta i andre selskaper med lignende virksomhet, kjøp og salg av aksjer, eller på annen måte gjøre seg interessert i andre foretagender. Rådgivende ingeniør- og konsulentvirksomhet og annet som naturlig faller sammen med dette.;specific;delta detaljhandel detaljsalg faller foretagender gjøre høyspent ingeniør- interessert lavspent måte prosjektering rådgivende seg selskaper øvrig;installation;;
915719546;BLÅHØ ELEKTRO AS;5;www.blåhøelektro.no;Elektrisk installasjonsarbeid samt installasjoner innen kjøl, frys og ventilasjon.;specific;frys kjøl ventilasjon;installation;;
991230807;BLÅSMO ELEKTRO AS;6;;Elektrisk installasjonsarbeid.;boilerplate;;installation;;
914366240;BMO ELEKTRO AS;154;;Elektrisk installasjon.;boilerplate;;installation;;
935031370;BODIN ELEKTRISKE AS;8;;Elektrikertjenester.;generic;elektrikertjenester;;;
915894259;BODØ ELEKTRISKE AS;7;www.boel.no;Elektroentreprenører, bygningshåndverkere.;generic;bygningshåndverkere elektroentreprenører;;;
996446972;BOLIGELEKTRIKEREN AS;104;www.elektris.no;Elektrotjenester og salg av elektromateriell til boliger og tilhørende produkter og tjenester.;specific;boliger elektromateriell elektrotjenester tilhørende;;;
987871040;BORG SVAKSTRØM AS;18;www.borgsvakstrom.no;Produksjon, montering og handelsvirksomhet, innen svakstrømsteknik, delta i andre selskaper med lignende virksomhet, samt kjøp og salg av aksjer eller på annen måte gjøre seg interessert i andre foretagender.;specific;delta foretagender gjøre handelsvirksomhet interessert montering måte seg selskaper svakstrømsteknik;security/telecom;;
927088878;BORGE ELEKTRO AS;6;;Elektro- og svakstrømsinstallasjon og alt som naturlig faller inn under dette.;specific;elektro- faller inn svakstrømsinstallasjon;security/telecom;;
951136662;BORGE INSTALLASJON AS;46;;Autrisert installatør;generic;autrisert installatør;;;
977539560;BORGESKOGEN ELEKTRO AS;9;;Elektrisk installasjon av enhver art og hva dermed står i forbindelse. Herunder deltagelse i andre selskaper og virksomheter som har naturlig tilknytning til dette.;specific;art enhver har;installation;;
927154676;BOTN ELEKTRO AS;20;;Drive elektrisk installasjonsarbeid, herunder det som står i naturlig tilknytning.;boilerplate;;installation;;
922250421;BOVG ELEKTRO AS;15;;Elektroinstallasjon, rådgivning og el-takst. Selskapet skal drive med kjøp og salg av varer, samt deltakelse i andre selskaper;specific;deltakelse el-takst selskaper varer;installation;;
933695069;BOVITECH AS;5;;Elektrikertjenester.;generic;elektrikertjenester;;;
895382752;BP ENERGI AS;6;www.bpenergi.no;Elektroarbeid.;generic;elektroarbeid;;;
925827215;BRA ELEKTRO AS;100;;Elektrisk installasjonsarbeid. Produksjon av elektriske fordelings- og kontrolltavler og panel. Bygging av anlegg for elektrisitet og telekommunikasjon. Produksjon av maskiner og utstyr. Produksjon av annet elektrisk utstyr.;specific;bygging elektrisitet fordelings- kontrolltavler maskiner panel teleko unikasjon utstyr;installation, security/telecom;;
922852138;BRACOM AS;38;;Rådgivning, vedlikehold og utbygging av infrastruktur mot telekommunikasjonsbransjen.;specific;infrastruktur teleko unikasjonsbransjen utbygging;security/telecom;;
923412964;BRANNTEK AS;8;www.branntek.no;Service og vedlikehold av brannalarm og alarmanlegg. Adgangskontroll og kameraovervåkning.;specific;adgangskontroll alarmanlegg brannalarm kameraovervåkning;security/telecom;;
917503788;BRASTAD-ELEKTRO AS;7;;Installasjonsvirksomhet innen elektro og annet teknisk utstyr, samt salg av artikler som her står i forbindelse, dessuten interessere seg i andre selskaper med økonomisk formål.;specific;artikler dessuten her installasjonsvirksomhet interessere seg selskaper teknisk utstyr økonomisk;installation;;
998489520;BRATSETH AS;34;www.bratseth.as;Tekniske installasjoner innen elektro, blikk og ventilasjonsarbeider. Salg av installasjonsmateriell innenfor elektro, blikk og ventilasjon.;specific;blikk installasjonsmateriell tekniske ventilasjon ventilasjonsarbeider;installation;;
994639919;BRATSETH ENERGY AS;88;www.bratseth.as;Elektroentreprenør og elektrokontrollør. Investering i relaterte virksomheter og eiendom. Utleie av personell.;generic;elektrokontrollør personell;;;
987989858;BRATTØY ELEKTRISKE AS;5;;Elektro innstalatør.;generic;innstalatør;;;
987582561;BRAVIDA NORGE AS;3384;www.bravida.no;Svakstrøm- og sterkstrøminstallasjonsvirksomhet, ventilasjon, VVS, prosjektering og dertil hørende virksomhet, herunder å eie og forvalte andeler i selskaper som driver virksomhet med vesentlig likeartet formål.;specific;dertil eie forvalte hørende likeartet prosjektering selskaper sterkstrøminstallasjonsvirksomhet svakstrøm- ventilasjon vesentlig vvs;security/telecom;;
922189838;BREVIK ELEKTRO AS;10;;Elektrisk installasjonsarbeid.;boilerplate;;installation;;
989532456;BRO-ELEKTRO AS;5;www.broelektro.no;Elektrisk installasjonsvirksomhet og det som naturlig hører inn under dette. I tillegg skal det være anledning til kjøp/salg av fast eiendom, aksjer og andre verdipapirer.;specific;anledning fast inn installasjonsvirksomhet tillegg verdipapirer være;installation;;
911814889;BRUMUNDDAL ELEKTRO AS;18;www.brelektro.no;Kjøp, salg og montering av elektriske produkter og tjenester. Utleie av maskiner og utstyr.;specific;maskiner montering utstyr;;;
986397582;BRYNE ELEKTRISKE AS;34;;Produksjon-, entreprenør-, håndverk og handelsvirksomhet.;specific;entreprenør- handelsvirksomhet håndverk produksjon-;;;
935900557;BRØDR HELGESENS EFTF AS;40;;Elektrisk installasjon, handel og det som dermed er forbundet, herunder delta i andre selskaper, samt eie og drive fast eiendom.;specific;delta eie fast forbundet selskaper;installation, trade/retail;;
986973397;BRØDRENE JOHNSEN ELEKTROSERVICE AS;11;www.trikkeren.no;Installasjon og reparasjon av elektriske komponenter og alt som er dertil nærliggende.;specific;dertil komponenter nærliggende reparasjon;installation;;
980429067;BRØDRENE KOLSTAD INSTALLASJON AS;16;;Elektrisk installasjon.;boilerplate;;installation;;
874384372;BRØDRENE MELBY AS;14;;Elektrisk installasjon, service på elektriske anlegg og all den forretningsvirksomhet som hører der til. Selskapet kan også delta med eier- interesser i andre selskaper.;specific;delta der eier- forretningsvirksomhet interesser selskaper;installation;;
998415535;BRØNNØYSUND ELEKTRISKE AS;22;www.br-el.no;Elektroinstallasjon.;boilerplate;;installation;;
919508876;BUSKERUD ELEKTRO AS;23;;Elektrisk installasjonsarbeid og prosjektering, og alt som står i naturlig sammenheng med dette.;generic;enheng prosjektering;installation;;
944978682;BUVIK ELEKTRO AS;54;;Virksomhet som elektroentreprenør og alt som har tilknytning til dette, samt investering i i andre selskaper.;generic;har selskaper;;;
928251985;BYE BERG ELEKTRO AS;18;www.byebergelektro.no;Elektromontørvirksomhet;generic;elektromontørvirksomhet;;;
987352418;BYGDE ELEKTRIKEREN AS;10;;Salg av elinstallasjonstjenester.;generic;elinstallasjonstjenester;;;
993449563;BYGG & BOLIGSIKRING AS;10;;Kjøp og salg av alarmutstyr, låser og beslag og andre lignende varer samt håndverkstjenester, herunder montasje av alarmer og låseutstyr og andre tjenester innenfor tømrer-, maler- og murerarbeid og lignende virksomhet. Selskapet vil også ta del i annen lignende virksomhet samt eie, leie, kjøp og salg av eiendom og verdipapirer.;specific;alarmer alarmutstyr beslag del eie håndverkstjenester leie låser låseutstyr maler- montasje murerarbeid tømrer- varer verdipapirer;security/telecom;;
960467302;BÆRUM EL TEK AS;6;;Drive elektrisk installasjon, handel, agentur og annen virksomhet som står i forbindelse med dette.;generic;agentur;installation, trade/retail;;
964164355;BÆRUM ELEKTRISKE AS;8;;Handel, produksjon og tjenesteyting.;boilerplate;;trade/retail;;
980395081;BÆRUM ELEKTROPARTNER AS;5;www.bepas.no;Elektrisk installasjon av sterkstrøm og svakstrømsanlegg. Salg av elektrisk materiell og utstyr, samt relaterte produkter. Konsulentoppdrag innen relaterte områder.;specific;konsulentoppdrag materiell områder sterkstrøm svakstrømsanlegg utstyr;installation, security/telecom, trade/retail;;
984971109;BØ INSTALLASJON AS;31;;Elektroinstallasjon og handel.;boilerplate;;installation, trade/retail;;
920528767;BØEN ELEKTRO AS;8;;Elektro installasjon. Kjøp for videresalg innenfor elektro. Drift og vedlikehold av eiendommer. Kjøp, salg og utleie av fast eiendom og fritidsbolig. Rehabilitering/oppussing av bygg og eiendom.;specific;bygg eiendo fast fritidsbolig oppussing rehabilitering videresalg;installation;;
980379191;BØIFOT ELEKTRO AS;25;;Kjøp og salg av aksjer og eierandeler, tjenesteyting og utleie av driftsmidler.;generic;driftsmidler eierandeler;;;
920208347;CABESA ELEKTRO AS;30;;Elektrisk installasjonsarbeid.;boilerplate;;installation;;
983902626;CAME NORGE OG ANDERSON ELEKTRO AS;8;www.anderson-elektro.no;Salg, service og vedlikehold av industriporter samt engrossalg av porter og annet elektronisk materiell.;specific;elektronisk engrossalg industriporter materiell porter;automation/industrial;;
943001375;CARLEIF ELEKTRO AS;18;;Å drive elektrisk installasjonsvirksomhet og salg og hva dermed står i forbindelse. Videre er det selskapets formål gjennom aksjetegning eller på annen måte delta i andre selskaper.;specific;aksjetegning delta gjennom installasjonsvirksomhet måte selskaper videre;installation;;
984082274;CARLSENS ELEKTRO INSTALLASJON AS;25;;Elektronisk installasjon, handelsvirksomhet og hva dermed forbundet virksomhet, samt deltakelse i annen økonomisk virksomhet gjennom aksje- og interesseinnskudd o.l.;specific;aksje- deltakelse elektronisk forbundet gjennom handelsvirksomhet interesseinnskudd økonomisk;installation;;
959069743;CAVERION NORGE AS;1831;www.caverion.no;Handel, industri, konsulentvirksomhet, vedlikeholdstjenester, å eie, drive eller være interessert i industrielle virksomheter, faste eiendommer elle byggeforetagender innen elektro, annen konsulentvirksomhet, VVS arbeider, Produksjon etc. mekanisk.;specific;arbeider byggeforetagender eie eiendo elle faste industri industrielle interessert mekanisk vedlikeholdstjenester vvs være;automation/industrial, trade/retail;;
912609413;CENTRUM ELEKTRISKE AS;34;www.centrumelektriske.no;Elektrisk installasjonsvirksomhet og dermed beslektet virksomhet, herunder deltagelse i andre selskaper og virksomheter med lignende virksomhet.;generic;beslektet installasjonsvirksomhet;installation;;
985550891;CITY ELEKTRO AS;8;;Elektrisk installasjon, tjenesteytende virksomhet relatert til dette.;generic;tjenesteytende;installation;;
928308219;CLAUSSEN ELEKTRO AS;5;claussenelektro.no;Installatør, elektrisk installasjonsarbeid.;generic;installatør;installation;;
830946152;COMFORT ELEKTRO AS;17;;Installasjons- og servicearbeide innen elektro- bransjen samt hva hermed står i forbindelse, her- under å kunne delta i andre selskaper med lignende virksomhet.;specific;bransjen delta elektro- her- installasjons- kunne selskaper servicearbeide;installation;;
930468592;COMMISSIONING SERVICES NORDICS AS;41;;Mekaniske og elektriske ingeniørtjenester for datasentre, samt det som står i naturlig forbindelse med dette.;specific;datasentre ingeniørtjenester mekaniske;;;
898507092;COMSAFE AS;5;www.comsafe.no;Elektrisk installasjon.;boilerplate;;installation;;
991923829;CONDUCTOR AS;48;;Installasjon og service av elektro og instrumentering for industri og anlegg og alt som står i forbindelse med dette.;generic;industri instrumentering;installation, automation/industrial;;
898010112;CONNECT ELECTRO AS;13;;Elektriske installasjoner, kjøp og salg av varer og tjenester, samt hva hermed naturlig følger, herunder deltagelse i andre selskaper.;generic;følger varer;installation;;
920240070;CONSEPTO ELEKTRO AS;10;;Elektroteknisk installasjonsarbeid, samt konsulentvirksomhet innen elektro.;generic;elektroteknisk;installation;;
920509681;CORETTO AS;9;www.coretto.no;Elektrisk installasjonsarbeid, elektriker, videresalg av elektriske produkter.;generic;videresalg;installation;;
935629748;CRAFTEL AS;5;;Elektrikertjenester.;generic;elektrikertjenester;;;
928180034;CRS ELEKTRO AS;31;;Elektrisk installasjonsarbeid.;boilerplate;;installation;;
911798441;CW ELEKTRO AS;7;;Elektriker- og installasjonsarbeider.;generic;elektriker- installasjonsarbeider;installation;;
891873352;DAL ELEKTRISKE AS;20;;Elektroentreprenørvirksomhet, handel- og konsulentvirksomhet samt enhver virksomhet som står i forbindelse med formålet for å trygge selskapets og aksjeeiernes interesser.;specific;aksjeeiernes elektroentreprenørvirksomhet enhver handel- interesser trygge;trade/retail;;
982891523;DANOR ELEKTRO AS;8;www.danorelektro.no;Elektriker innen Sterk- svakstrøm. I tilknytning til dette distribuere informasjon og varer, samt yte tjenester i naturlig sammenheng med dette.;specific;distribuere enheng informasjon sterk- svakstrøm varer yte;security/telecom;;
916110529;DATEK INSTALLASJON AS;140;;Være totalleverandør av tele- og dataledningsnett med tilhørende nettverkskomponenter, installasjon av elektrosterkstrømsanlegg som tilhører gruppe L, og salg og installasjon av telefonsystemer;specific;dataledningsnett elektrosterkstrømsanlegg gruppe nettverkskomponenter tele- telefonsystemer tilhørende tilhører totalleverandør være;installation, security/telecom;;
968366076;DATELCO AS;84;www.datelco.no/;Konsulent- og prosjekteringsvirksomhet, og installasjon og serviceoppdrag for forhandlere og brukere av data og telesystemer, og annen tjenesteytende næring og handel i tilknytning til dette virksomhetsområdet.;specific;brukere data forhandlere konsulent- næring prosjekteringsvirksomhet serviceoppdrag telesystemer tjenesteytende virksomhetsområdet;installation, security/telecom, trade/retail;;
929211081;DCI NORWAY AS;5;;Installasjon og reparasjon av elektrisk utstyr og datasenter.;specific;datasenter reparasjon utstyr;installation;;
989119621;DE ELEKTRO AS;64;;Elektrikervirksomhet samt kjøp og salg av varer og tjenester herunder. Selskapet skal også drive med investeringsvirksomhet av enhver art.;specific;art elektrikervirksomhet enhver investeringsvirksomhet varer;;;
925812714;DENKO AS;7;;Elektrikertjenester. Ingeniør- og prosjektledertjenester innen byggeprosjekter.;specific;byggeprosjekter elektrikertjenester ingeniør- prosjektledertjenester;;;
925383163;DF ELEKTRO AS;14;;Elektrisk installasjonsarbeid, samt andre tjenester og virksomhet som naturlig står i forbindelse med dette.;boilerplate;;installation;;
986958622;DIN ELEKTRIKER TOTEN AS;16;;Elektroinstallasjon samt annen virksomhet forbundet med dette.;generic;forbundet;installation;;
989342428;DIN ELEKTROPARTNER AS;16;www.dinep.no;Elektrisk installasjonsarbeid, samt eige og drive eiendom, samt alt som naturlig hører inn under dette.;generic;eige inn;installation;;
890424732;DIN-ELEKTRIKER AS;9;www.dinel.no;Elektro installasjon i boliger, industri, maritime installasjoner, konsulentvirksomhet, kjøp og salg av elektrisk materiell og utstyr og hva dermed står i forbindelse.;specific;boliger industri maritime materiell utstyr;installation, automation/industrial, trade/retail;;
912185621;DITMAR ENGE ELEKTRO AS;26;;Totalleverandør innenfor elektroinstallasjoner og dertil tilhørende virksomheter. Ervervelse av verdipapirer og fast eiendom.;specific;dertil ervervelse fast tilhørende totalleverandør verdipapirer;installation;;
919270179;DOWNSTREAM ELEKTRO AS;6;;Elektrofirma. Tjenester som elektro sterk- og svakstrøm.;specific;elektrofirma sterk- svakstrøm;security/telecom;;
924869526;DR.ELEKTRO AS;7;;Salg av tjenester og varer innen elektroinstallasjon, og annet som naturlig sammenfaller med dette, samt deltakelse i andre selskaper, investeringer og nærliggende virksomhet.;specific;deltakelse enfaller nærliggende selskaper varer;installation;;
922740771;DYPRO AS;6;;Selge tjenester og varer innen elektro og automasjon. Og annet som naturlig sammenfaller med dette. Samt deltakelse i andre selskaper, investeringer og nærliggende virksomhet.;specific;automasjon deltakelse enfaller nærliggende selskaper varer;automation/industrial;;
981072316;DYRUD ELEKTRO AS;23;;Elektroinstallasjon og -service innenfor sterk- og svakstrøm, alarm, telekommunikasjon, data samt detaljhandel innenfor samme områder.;specific;alarm data detaljhandel områder sterk- svakstrøm teleko unikasjon;installation, security/telecom;;
950669063;E HALVORSEN ELEKTRO AS;8;;Håndverksmessig virksomhet innen fagene sterkstrøm og svakstrøm samt salg av produkter som naturlig inngår i nevnte virksomhet, herunder å delta i andre selskaper med lignende virksomhet.;specific;fagene håndverksmessig inngår sterkstrøm svakstrøm;security/telecom;;
974476312;E HALVORSENS ELEKTRO AS;20;ehalvorsenelektro.no;Elektriske installasjoner, entrepriser, salg av varer og tjenester, samt hva hermed står i forbindelse, herunder å delta i andre selskaper med lignende virksomhet.;generic;entrepriser varer;installation;;
987166959;E-NOR INSTALLASJON AS;102;www.e-nor.no;Elektro- og tele installasjon, samt annen virksomhet som står i forbindelse med dette.;generic;elektro- tele;installation, security/telecom;;
987586400;E-TECH ELEKTRO INSTALLASJON AS;31;www.etech.as;Elektrisk innstallasjonsarbeid og alt som står i forbindelse hermed, heri inkludert deltagelse i andre selskap med samme formål.;specific;deltagelse heri inkludert innstallasjonsarbeid;;;
980177084;E-VERKET ELEKTROINSTALLASJON AS;12;;Elektrisk installasjonsvirksomhet, handel, investering i verdipapirer og fast eiendom og deltakelse i andre selskaper.;specific;deltakelse fast installasjonsvirksomhet selskaper verdipapirer;installation, trade/retail;;
916943482;EAH ELEKTRO AS;5;;Salg av elektromateriell og tjenester tilsluttet dette i forbindelse med oppsettelse og vedlikehold av bygg og næringslokaler, i tillegg til virksomhet og tjenester som naturlig faller inn under dette.;specific;bygg elektromateriell faller inn næringslokaler oppsettelse tillegg tilsluttet;;;
999033881;EBR ELEKTRO AS;24;;Elektrikertjenester.;generic;elektrikertjenester;;;
921989342;ECOSOL AS;15;;Elektrikertjenester.;generic;elektrikertjenester;;;
929512952;EDA ELEKTRO DATA OSLO AS;94;www.eda.no;Drive elektrisk installasjon, service-arbeider, kjøp- og salg av varer annen agenturvirksomhet. Herunder å delta i andre selskaper med lignende virksomhet.;specific;agenturvirksomhet kjøp- service-arbeider varer;installation;;
944957146;EDA ELEKTRO DATA ROMERIKE AS;137;www.eda.no;Installasjonsforretning vedrørende elektriske anlegg og hva dermed står i forbindelse.;generic;installasjonsforretning vedrørende;installation;;
911655705;EDVARDSEN ELEKTRO AS;20;;Alt innen lavspent og høyspent installasjonsarbeid, herunder prosjektering, installasjon og detaljsalg.;specific;detaljsalg høyspent lavspent prosjektering;installation;;
937488882;EEK ELEKTRO AS;6;;Elektrikertjenester.;generic;elektrikertjenester;;;
937347251;EELEKTRO AS;10;;Elektrikertjenester.;generic;elektrikertjenester;;;
996202402;EFFEKT ELEKTROENTREPRENØR AS;21;;Elektrisk installasjonsarbeid, m.v.;boilerplate;;installation;;
965310835;EGIL KNUDSEN AS;6;;Elektrisk installasjon, handel med elektriske produkter samt ved aksjetegning eller på annen måte å gjøre seg interessert i andre foretakender.;specific;aksjetegning foretakender gjøre interessert måte seg;installation, trade/retail;;
992780061;EID ELEKTRO AS;115;www.eidelektro.no;Drive prosjektering og produksjon av automasjons og elektrotavler. Drive elektriske installasjonar og handel med varer som naturleg sorterer under bransjen. Delta i andre selskap med liknande verksemd og eigedomsselskaper.;specific;automasjons bransjen delta eigedomsselskaper elektrotavler installasjonar liknande naturleg prosjektering sorterer varer verksemd;installation, automation/industrial, trade/retail;;
956510740;EIDSNES ELEKTRO AS;10;www.eidsnes-elektro.no;Elektrisk innstalasjonsvirksomhet. Handel med elektrisk materiell og artikler, samt være in- teressent i andre selskaper og foretak med øko- nomisk formål.;specific;artikler foretak in- innstalasjonsvirksomhet materiell nomisk selskaper teressent være øko-;trade/retail;;
974534223;EIKEFJORD ELEKTRO AS;21;;Elektroinstallasjon og detaljhandel av elektriske artikler, samt hva hermed står i forbindelse, herunder å delta i andre selskaper med lignende virksomhet.;generic;artikler detaljhandel;installation;;
979213832;EIKLID & EKDAHL ELEKTRO AS;25;;Elektroinstallasjon.;boilerplate;;installation;;
984594461;EITERNES EL-INSTALLASJON AS;5;;Elektriske installasjoner.;boilerplate;;installation;;
951863572;EK ELEKTRO AS;30;;Drive handel innen elektro installasjoner, samt hva hermed står i forbindelse, herunder å delta i andre selskaper.;boilerplate;;installation, trade/retail;;
897802112;EKEBERG ELEKTRO AS;10;www.eelektro.no;Elektroinstallasjon.;boilerplate;;installation;;
931340166;EKSAKT ELEKTRO AS;6;;Elektrikertjenester.;generic;elektrikertjenester;;;
919273208;EKTE ENTREPRENØR AS;15;;Elektrisk installasjonsarbeid.;boilerplate;;installation;;
916667124;EL & RØR SERVICE AS;13;;Elektroinstallasjon, rørleggertjenester og andre produkter/tjenester som naturlig hører sammen med dette, herunder å delta i andre lignende virksomheter, samt kjøp og salg av aksjer eller på annen måte gjøre seg interessert i andre foretak.;specific;delta foretak gjøre interessert måte rørleggertjenester seg;installation;;
914986303;EL 24 ENSIKO AS;145;;Alt innen elektroinstallasjon, samt alt som naturlig henger sammen med dette. Likeså investering i og deltagelse i tilsvarende selskaper og investering i fast eiendom.;specific;deltagelse fast henger likeså selskaper;installation;;
930368857;EL ALLIANSEN AS;23;;Elektroinstallasjon, salg av elektriske komponenter samt, foreta investeringer innen sammen bransje.;specific;bransje foreta komponenter;installation, trade/retail;;
924057483;EL BOSS AS;8;;Tjenester knyttet til elvirksomhet for lavspent installasjoner i bolig og næringsbygg.;specific;bolig elvirksomhet knyttet lavspent næringsbygg;installation;;
974378663;EL EFFEKT AS;30;www.el-effekt.no;Elektroinstallasjon og annen virksomhet som naturlig hører hertil, herunder deltagelse i andre selskaper, samt delta i andre aktiviteter relatert til eller viktige for hovedvirksomhets- området samt annen virksomhet som etter styrets mening kan være nødvendig eller ønskelig.;specific;aktiviteter delta etter hertil hovedvirksomhets- mening nødvendig området styrets viktige være ønskelig;installation;;
915885624;EL SERVICE AS;8;;Installasjonsarbeider og salg av installasjonsmateriell og utstyr.;specific;installasjonsarbeider installasjonsmateriell utstyr;installation;;
892961662;EL SERVICE GRENLAND AS;12;;Elektrisk installasjonsarbeid.;boilerplate;;installation;;
928737039;EL STRØM AS;10;;Selge tjenester og varer innen Elektro - og annet som naturlig sammenfaller med dette - samt deltakelse i andre selskaper, investeringer og nærliggende virksomhet.;specific;deltakelse enfaller nærliggende selskaper varer;;;
986568816;EL TJENESTER AS;6;;El innstallasjon og beslektet virksomhet, samt eie og delta i andre selskaper.;specific;beslektet delta eie innstallasjon selskaper;;;
934988000;EL VEST AS;5;;Elektrikertjenester.;generic;elektrikertjenester;;;
914589347;EL-CON AS;6;www.el-con.no;Elektrisk installasjonsarbeid, konsulentvirksomhet elektro.;boilerplate;;installation;;
928633241;EL-DESIGN AS;41;;Drive elektroinstallasjoner, rådgivning samt handel og annen beslektet virksomhet. Selskapet kan også kjøpe, selge og leie ut fast eiendom.;specific;beslektet fast kjøpe leie;installation, trade/retail;;
982056497;EL-EXPERTEN AS;48;www.el-experten.no;Markedsføre, prosjektere, installere og selge elektriske produkter i Norge. Drive undervisning/kurs. Kjøp og salg av aksjer.;specific;installere kurs markedsføre prosjektere undervisning;;;
931142550;EL-FAG AS;25;;Foreta elektriske installasjonsarbeider, selge elektriske artikler og ellers drive virksomhet som står i denne forbindelse.;specific;artikler denne ellers foreta installasjonsarbeider;installation;;
991479317;EL-FOCUS AS;8;www.elfocus.no;Elektro- og teletekniske installasjoner.;generic;elektro- teletekniske;installation, security/telecom;;
937325371;EL-GENIET AS;19;;Elektrikertjenester.;generic;elektrikertjenester;;;
928621251;EL-INSTALLASJON INNLANDET AS;26;;Elektroinstallasjon og annen virksomhet som naturlig hører til dette.;boilerplate;;installation;;
984096895;EL-INSTALLASJON TROMSØ AS;10;;Installatør, elektroinstallasjoner samt all beslektet virksomhet.;generic;beslektet installatør;installation;;
991738657;EL-IT INSTALLASJON AS;18;www.el-it-installasjon.no;Drive elektroinstallasjon, datasupport og undervisning innen elektrofaget.;specific;datasupport elektrofaget undervisning;installation;;
935700817;EL-KOMPANIET AS;6;;Elektrikertjenester.;generic;elektrikertjenester;;;
899551702;EL-KONSULT AS;38;;Håndverk innen elektrofag.;generic;elektrofag håndverk;;;
989664875;EL-KONTAKTEN AS;18;;Elektrisk installasjonsarbeid.;boilerplate;;installation;;
917036055;EL-PARTNER AS;21;;Elektriske installasjoner og handel.;boilerplate;;installation, trade/retail;;
999644635;EL-SERVICE DIN EL OG IT INSTALLATØR AS;12;el-service.biz;El installasjon og service i bolig, landbruk og industri. Enkel service jobber innen tele, antenne og data. Framleie av lager og kontor.;specific;antenne bolig data enkel framleie industri jobber kontor lager landbruk tele;installation, automation/industrial, security/telecom;;
981105788;EL-SERVICE EGERSUND AS;5;;Elektroentrepenør - installsjonsvirksomhet;generic;elektroentrepenør installsjonsvirksomhet;;;
953135531;EL-TEAM AS;30;;Utførelse av elektriske installasjoner, import og salg av tilhørende materiell, samt hva hermed står i forbindelse. Selskapet kan også delta i andre selskaper gjennom aksjeerverv, interessent- og kommandittinnskudd m.v, og videre drive med kjøp og salg av fast eiendom.;specific;aksjeerverv andittinnskudd delta gjennom interessent- materiell selskaper tilhørende utførelse videre;installation;;
983389317;EL-TEAM AS;91;www.elteam.no;Salg av elektriske artikler og i utføring av alle typer elektriske installasjoner.;generic;artikler utføring;installation, trade/retail;;
996373959;EL-TEAM RANA AS;8;;Elektroinstallasjon.;boilerplate;;installation;;
994949969;EL-TOTAL AS;27;;Elektroinstallasjon, el-takst og el-kontroller, salg av handelsvarer, rådgivning og deltagelse i andre selskaper.;specific;deltagelse el-kontroller el-takst handelsvarer selskaper;installation;;
917994676;EL-VIS ELEKTRO AS;9;;Elektroinstallasjonsarbeid og -service samt annet som naturlig faller inn under dette.;specific;elektroinstallasjonsarbeid faller inn;installation;;
836218442;EL1 ASKER AS;7;;Elektrikertjenester.;generic;elektrikertjenester;;;
980260739;ELCETA AS;6;;Entreprenørvirksomhet innen elektrobransjen, agentur og handelsvirksomhet. Deltagelse i andre selskaper.;specific;agentur deltagelse elektrobransjen entreprenørvirksomhet handelsvirksomhet selskaper;;;
990618836;ELCOM AS;62;;Markedsføring, utvikling, levering og implemtering av elektriske, elektromekaniske og andre elektrontekniske installasjoner og løsninger.;specific;elektromekaniske elektrontekniske implemtering levering;installation;;
934296990;ELCOM BERGEN AS;9;;Elektrikertjenester.;generic;elektrikertjenester;;;
933398404;ELCONNECT AS;16;elconnect.no;Elektrikertjenester.;generic;elektrikertjenester;;;
995145790;ELCONTACT AS;15;;Elektroinnstallasjon.;generic;elektroinnstallasjon;;;
924511109;ELECTRIX AS;36;;Kjøp og salg av varer og anleggstjenester innenfor energisektoren som elektrisitet og telekommunikasjon, samt utleie av utstyr innenfor energisektoren.;specific;anleggstjenester elektrisitet energisektoren teleko unikasjon utstyr varer;solar/energy, security/telecom;;
914790506;ELECTRO TEAM AS;15;;Elektroinstallasjon.;boilerplate;;installation;;
987902523;ELEKTOR INSTALLASJON AS;12;;Elektrisk installasjonsarbeide, handel og annen virksomhet som naturlig faller inn herunder.;specific;faller inn installasjonsarbeide;installation, trade/retail;;
917314721;ELEKTRIKER 1 ALTA AS;9;;EL-installasjon.;generic;el-installasjon;installation;;
919774541;ELEKTRIKER 1 BRØNNØYSUND AS;6;;Elektriker.;boilerplate;;;;
996086283;ELEKTRIKER 1 SANDNES AS;37;;Drive med elektriske installasjonsarbeid.;boilerplate;;installation;;
984665547;ELEKTRIKER 1 TRONDHEIM AS;30;;Elektroentreprenør, samt alt hva herved står i forbindelse, herunder å delta i andre selskaper med lignende formål.;boilerplate;;;;
986113339;ELEKTRIKER BEKKEVOLD AS;14;www.Bekkevold-AS.no;Elektriske innstallasjoner med tilhørende produkter og tjenester som naturlig hører sammen med dette.;generic;innstallasjoner tilhørende;;;
879899222;ELEKTRIKER GRUPPEN AS;88;www.elektrikergruppen.no;Elektrovirksomhet.;generic;elektrovirksomhet;;;
987898062;ELEKTRIKER ØST AS;16;www.elektrikerost.no;Elektroinstallasjon av alle typer elektriske anlegg.;boilerplate;;installation;;
917890633;ELEKTRIKER'N ASKER AS;6;www.elektrikernasker.no;Salg av varer og tjenester innenfor område elektrisk installasjonsarbeid og hva som derved står i forbindelse.;specific;derved område varer;installation;;
976576519;ELEKTRIKER'N MAJORSTUA AS;13;;Elektroentreprenørvirksomhet, handel med elektrisk ustyr, konsulentvirksomhet. Viktigste virksomhet omsetningsmessig vil være el. installasjon.;specific;elektroentreprenørvirksomhet omsetningsmessig ustyr viktigste være;installation, trade/retail;;
992886366;ELEKTRIKER'N SAUHERAD AS;12;;Næringsvirksomhet som elektrikker med lavspent.;specific;elektrikker lavspent næringsvirksomhet;;;
999056253;ELEKTRIKER1 ROMERIKE AS;14;;Selskapet skal prosjektere og utføre elektriske installasjoner, samt arbeider, vedlikehold og salg i tilknytning til dette.;specific;arbeider prosjektere utføre;installation;;
945667664;ELEKTRIKEREN AS;13;;Elektroinstallasjon innenfor gruppe L og H, samt salg av varer og tjenester som står i forbindelse med dette.;generic;gruppe varer;installation;;
913036360;ELEKTRIKEREN DRAMMEN AS;13;www.edra.no;Elektriske installasjoner.;boilerplate;;installation;;
962268161;ELEKTRIKEREN KONGSBERG AS;11;;Utføre elektrisk installasjon og dertil lignende tjenester.;generic;dertil utføre;installation;;
994263501;ELEKTRIKERN BODØ AS;11;www.elektrikernbodo.no;Elektrisk installasjonsarbeid: Bolig, bygg, industri, flyplass.;specific;bolig bygg flyplass industri;installation, automation/industrial;;
968958712;ELEKTRIKERN FRON AS;9;;Installasjonsvirksomhet samt alt som står i forbindelse med dette, herunder deltakelse i andre selskaper med lignende virksomhet.;generic;installasjonsvirksomhet;installation;;
919827661;ELEKTRIKERN KJELL SÆTERØY AS;5;;Elektroinstallasjon. Installasjon, vedlikehold og service på/av elektriske anlegg. Import, salg og montasje av elektromateriell, lys, varme samt andre produkter som naturlig hører inn under dette samt all annen virksomhet forbundet med dette, herunder deltagelse i andre selskaper.;specific;elektromateriell forbundet inn lys montasje varme;installation;;
985509514;ELEKTRIKERN MOSJØEN AS;28;www.elektrikern.net;Elektrisk montasje. Kjøp og salg av elektriske komponenter.;generic;komponenter montasje;trade/retail;;
975971554;ELEKTRIKERSERVICE AS;12;www.elektrikerservice.no;Elektrikertjenester.;generic;elektrikertjenester;;;
992360879;ELEKTRIKERSERVICE HALLINGDAL AS;28;www.elektrikerservice.com;Elektrisk installasjonsarbeid.;boilerplate;;installation;;
996405524;ELEKTRIKERSERVICE VERDAL AS;13;;Salg innen elektriske installasjoner og andre tekniske anlegg. Konsulenttjenester.;generic;tekniske;installation;;
978614760;ELEKTRIKERTJENESTEN AS;10;www.etjenesten.no;Installasjonsvirksomhet, ingeniør og rådgivende tjenester, kjøp, salg av varer og tjenester, samt annen virksomhet i forbindelse med dette.;specific;ingeniør installasjonsvirksomhet rådgivende varer;installation;;
985700230;ELEKTRIKERTJENESTEN HALDEN AS;17;www.elektrikertjenesten.no;Elektroinstallasjon, vaktmestertjenester samt konsulenttjenester innen for disse virksomhetsområder. Kjøp og salg av elektriske artikler.;specific;artikler disse vaktmestertjenester virksomhetsområder;installation, trade/retail;;
990738254;ELEKTRIKERTJENESTEN SARPSBORG-FREDRIKSTAD AS;18;www.elektrikertjenesten.no;Elektroinstallasjon, vaktmestertjenester og konsulenttjenester innenfor disse områdene herunder kjøp og salg av elektriske artikler.;specific;artikler disse områdene vaktmestertjenester;installation, trade/retail;;
970994149;ELEKTRISK AS;45;www.elektrisk.no;Elektrisk installasjon, eie eiendommer eller andeler i slike, foreta og delta i investeringer i næringsvirksomhet av enhver art, både ved ansvarlig deltagelse, aksjetegning, aksjekjøp eller på annen måte, samt alt hva dermed står i forbindelse. Elektrisk installasjon, eie eiendommer eller andeler i slike, foreta og delta i investeringer i næringsvirksomhet av enhver art, både ved ansvarlig deltagelse, aksjetegning, aksjekjøp eller på annen måte, samt alt hva dermed står i forbindelse.;specific;aksjekjøp aksjetegning ansvarlig art delta deltagelse eie eiendo enhver foreta måte næringsvirksomhet slike;installation;;
982800285;ELEKTRISK INSTALLASJON AS;7;;Drive elektrisk installasjon og hva dermed står i forbindelse i tillegg til drift av butikk med interiør og gaveartikler.;specific;butikk gaveartikler interiør tillegg;installation, trade/retail;;
812005022;ELEKTRO - PARTNER AS;5;;Elektriske installasjoner.;boilerplate;;installation;;
929791703;ELEKTRO - TEAM AS;16;www.elektro-team.as;Drive elektrisk installasjon, handel med elektriske produkter samt ved aksjetegning eller på annen måte å gjøre seg interessert i andre foretakender.;specific;aksjetegning foretakender gjøre interessert måte seg;installation, trade/retail;;
984668910;ELEKTRO 1 TØNSBERG AS;20;;Elektrisk installasjonsvirksomhet samt salg av produkter relatert til dette.;generic;installasjonsvirksomhet;installation;;
812076272;ELEKTRO 12:24 AS;22;;Vare- og tjenesteleverandør innen elektro.;generic;tjenesteleverandør vare-;;;
881489392;ELEKTRO 4 AS;141;;Elektrotekniske entrepriser av alle slag.;specific;elektrotekniske entrepriser slag;;;
947390287;ELEKTRO A SJØLYST AS;18;;Elektrisk installasjonsvirksomhet og handel, samt det som naturlig hører sammen med dette, herunder kjøp og salg av fast eiendom og finansielle eiendeler, samt deltagelse i andre selskaper.;specific;deltagelse eiendeler finansielle installasjonsvirksomhet selskaper;installation, trade/retail;;
925215996;ELEKTRO AS;27;;Handel, elektrisk installasjoner og hva dermed står i forbindelse.;boilerplate;;installation, trade/retail;;
953785250;ELEKTRO AS;21;www.elektro.no;Handel med elektriske artikler, samt installa- sjonsvirksomhet og hva som står i forbindelse hermed.;specific;artikler installa- sjonsvirksomhet;trade/retail;;
986446125;ELEKTRO BODØ AS;164;;Levering av elektrikertjenester herunder installasjon, montasje og reparasjon av elektriske anlegg, i tillegg til telekommunikasjon, automasjon og ventilasjon, samt hva som naturlig faller inn under dette.;specific;automasjon elektrikertjenester faller inn levering montasje reparasjon teleko tillegg unikasjon ventilasjon;installation, automation/industrial, security/telecom;;
974423774;ELEKTRO COMFORT AS;24;www.el-c.no;Elektroinstallasjon og -service samt salg av tilhørende produkter.;generic;tilhørende;installation;;
923090983;ELEKTRO FOSEN AS;15;;Elektroinstallasjon.;boilerplate;;installation;;
918583149;ELEKTRO HELGELAND AS;18;;Elektrisk installasjonsarbeid.;boilerplate;;installation;;
966101253;ELEKTRO INSTALLASJON AS;37;;Arbeid innen all elektrisk installering eller annen virksomhet som naturlig faller inn under dette, herunder å delta i andre selskaper med lignende virksomhet.;specific;arbeid faller inn installering;;;
916064667;ELEKTRO INSTALLATØREN AS;13;;Salg av elektrotjenester, salg og kjøp av elektriske artikler og el-montering.;specific;artikler el-montering elektrotjenester;;;
927532174;ELEKTRO KOMPIS AS;5;Elektrokompis.no;Elektriske installasjonsarbeid. Prosjektering av elektriske anlegg. Bygging og vedlikehold av andres elektriske anlegg. Kontroll av andres elektriske anlegg. Reparasjon av elektriske utstyr.;specific;andres bygging kontroll prosjektering reparasjon utstyr;installation;;
985241473;ELEKTRO LUNDE AS;5;;Sterk- og svakstrøminstallasjon, samt annen virksomhet i tilknytning til dette.;generic;sterk- svakstrøminstallasjon;security/telecom;;
967487341;ELEKTRO MILJØ AS;5;;Installasjon og reparasjon av elektroanlegg, handel med varer i tilknytning til elektrobransjen og konsulenttjenester innen samme, samt herunder å delta i andre selskaper med lignende virksomhet.;specific;elektroanlegg elektrobransjen reparasjon varer;installation, trade/retail;;
896287672;ELEKTRO MO AS;24;;Elektrikertjenester, installasjon, montasje og reparasjon av elektriske anlegg, samt investering i andre selskaper.;specific;elektrikertjenester montasje reparasjon selskaper;installation;;
985586284;ELEKTRO NETTVERK SERVICE AS;53;;Elektro service og montasje.;generic;montasje;;;
997998049;ELEKTRO NORD AS;11;;Handelsvirksomhet med salg og leveranse av løsninger som lysanlegg, varmeanlegg, brannmelderanlegg, styresystemer, sikringsfordelinger, data spredenett og lignende. Elektrisk installasjonsarbeid.;specific;brannmelderanlegg data handelsvirksomhet lysanlegg sikringsfordelinger spredenett styresystemer varmeanlegg;installation;;
920677150;ELEKTRO NORDEN AS;33;;Elektroinstallasjon.;boilerplate;;installation;;
827826332;ELEKTRO OFOTEN AS;20;;Elektriske installasjoner.;boilerplate;;installation;;
871235422;ELEKTRO PARTNER AS;13;www.elektropartner-bergen.no;Elektro installasjon, salg av elektro materiell og ellers annet som er tjenelig for selskapet. Handel med aksjer og verdipapirer, herunder lånefinansierte investeringer med verdipapirer og valuta.;specific;ellers lånefinansierte materiell tjenelig valuta verdipapirer;installation, trade/retail;;
976792718;ELEKTRO PARTNER AS;5;;Omsetning av varer og tjenester forbundet med elektriske installasjoner og det som naturlig sees i sammenheng med dette.;specific;enheng forbundet omsetning sees varer;installation;;
979715609;ELEKTRO SKAGERRAK AS;24;;Eie og delta i selskaper innenfor elektroentrepenørvirksomhet.;specific;delta eie elektroentrepenørvirksomhet selskaper;;;
890391222;ELEKTRO SMART AS;13;;Elektriske installasjoner. Kjøp og salg av elektrisk materiell. Kjøp/salg rehabilitering av eiendommer.;specific;eiendo materiell rehabilitering;installation, trade/retail;;
817158722;ELEKTRO SOLUTIONS AS;12;www.elektrosolutions.no;Elektrisk installasjonsarbeid.;boilerplate;;installation;;
980684989;ELEKTRO SØR AS;21;;Installasjon og beslektet virksomhet, handel, agentur-virksomhet og hva derunder henhører.;specific;agentur-virksomhet beslektet derunder henhører;installation, trade/retail;;
916806523;ELEKTRO TEAM AS;13;;Drive elektroinnstallasjons arbeider/ service og annet som naturlig faller inn under dette.;specific;arbeider elektroinnstallasjons faller inn;;;
914747678;ELEKTRO TEAM AS;15;;Elektroteknisk/elektronisk installasjonsvirksomhet og salg av andre produkter som naturlig faller sammen med dette, herunder å delta i andre selskaper ved kjøp og salg av aksjer eller på annen måte gjøre seg interessert i andre selskaper.;specific;elektronisk elektroteknisk faller gjøre installasjonsvirksomhet interessert måte seg selskaper;installation;;
976041267;ELEKTRO TEAM AS;9;;Elektroinstallasjon.;boilerplate;;installation;;
977051452;ELEKTRO TEAM AS;26;www.elektro-team.no;Elektroinstallasjon.;boilerplate;;installation;;
986709061;ELEKTRO TT AS;11;;Elektrisk intallasjon og salg av elektrisk materiell, samt hva herved står i forbindelse.;generic;intallasjon materiell;trade/retail;;
925440590;ELEKTRO VERDEN AS;7;;Tjenester innenfor elektrisk virksomhet, import og salg av elektrisk og elektronisk utstyr, byggetjenester, salg av papirvarer og leker og andre produkter/tjenester som naturlig hører sammen med dette, herunder å delta i andre selskap med lignende virksomhet, og kjøp og salg av aksjer eller på annen måte gjøre seg interessert i andre foretak.;specific;byggetjenester delta elektronisk foretak gjøre interessert leker måte papirvarer seg utstyr;trade/retail;;
930759422;ELEKTRO ØST INSTALLASJON AS;20;;Elektriske installasjonstjenester til private og næringsliv av enhver art.;specific;art enhver installasjonstjenester næringsliv;installation;;
982275156;ELEKTRO-FAGMANNEN AS;10;;Elektroinstalasjon og salg av tilhørende tjenester og produkter.;generic;elektroinstalasjon tilhørende;;;
923685464;ELEKTRO-KONTAKTEN AS;113;;Elektroinstallasjon, salg og service av elektriske komponenter.;generic;komponenter;installation;;
987110031;ELEKTRO-MONTASJE AS;19;elektro-montasje.no;Elektrisk installasjonsvirksomhet.;generic;installasjonsvirksomhet;installation;;
958955073;ELEKTRO-SIVERT INSTALLASJON AS;46;;Elektrisk installasjon, tjenesteytende virksomhet deltakelse i andre selskaper samt hva herved står i forbindelse.;specific;deltakelse selskaper tjenesteytende;installation;;
994940422;ELEKTRO-SPORT AS;11;;Elektroinstallasjon og salg av hvitevarer, brunevarer, sportsartikler, møbler og andre varer som naturlig faller sammen med dette, samt kjøp og salg av aksjer og eventuell deltakelse i andre selskaper.;specific;brunevarer deltakelse eventuell faller hvitevarer møbler selskaper sportsartikler varer;installation;;
999600476;ELEKTRO-TEKNIKK AS;11;www.elektro-teknikk.no;Autorisert installasjonsvirksomhet innen elektrofaget. Kontroll av elektriske anlegg. Konsulenttjenster og prosjektering.;specific;autorisert elektrofaget installasjonsvirksomhet konsulenttjenster kontroll prosjektering;installation;;
979287828;ELEKTRO-TERM AS;37;;Elektrisk installasjonsarbeide og termografering.;generic;installasjonsarbeide termografering;installation;;
911907593;ELEKTRO24 AS;7;;Elektrisk installasjonsarbeid samt det som naturlig står i forbindelse med dette.;boilerplate;;installation;;
936059732;ELEKTROELITEN AS;7;;Elektrikertjenester.;generic;elektrikertjenester;;;
943618178;ELEKTROENTREPRENØR GURIBY AS;23;;Elektrisk installasjon innen svak- og sterkstrøm, omsetning av elektriske artikler, investering og forvaltning av fast eiendom, aksjer og verdipa- pirer samt annen virksomhet med økonomisk formål.;specific;artikler fast forvaltning omsetning pirer sterkstrøm svak- verdipa- økonomisk;installation;;
830976612;ELEKTROENTREPRENØREN AS;16;;Elektrikertjenester.;generic;elektrikertjenester;;;
982587786;ELEKTROFAG JÆREN AS;84;;Handels- og installasjonsvirksomhet innen elektrobransjen.;specific;elektrobransjen handels- installasjonsvirksomhet;installation;;
997274253;ELEKTROFIL AS;6;www.elektrofil.as;Elektroinstallasjon og elektroteknisk rådgivning.;generic;elektroteknisk;installation;;
975363112;ELEKTROFORUM AS;19;www.elektroforumas.no/;Elektroinstallasjon;boilerplate;;installation;;
980145433;ELEKTROIDE AS;33;;Elektriske installasjoner med kjøp og salg av materiell, import og salg av elektriske artikler, kjøp, salg og utleie av eiendommer.;specific;artikler eiendo materiell;installation, trade/retail;;
990476535;ELEKTROINSTALLATØR GRANBERG OG NORDENGEN AS;24;gnas.no;El-installasjon, brann- og alarmanlegg, kraft, data- og teleinstallasjon og som står i forbindelse med dette.;specific;alarmanlegg brann- data- el-installasjon kraft teleinstallasjon;installation, security/telecom;;
992293233;ELEKTROINSTALLATØR TERJE JØRGENSEN AS;9;;Salg av varer og tjenester i tilknytning til elektrisk installasjonsarbeid, samt deltakelse i lignende virksomheter.;generic;deltakelse varer;installation;;
989916319;ELEKTROKOMPETANSE AS;7;;Elektrisk installasjonsarbeid, svak- og sterkstrøm, salg av tilknyttede produkter og materiell og andre produkter som naturlig faller sammen med dette.;specific;faller materiell sterkstrøm svak- tilknyttede;installation;;
990963495;ELEKTROKONSEPT AS;5;;Elektriske installasjoner.;boilerplate;;installation;;
986182497;ELEKTROKONTAKT AS;12;;Drive med tjenester, montering og raparasjon av elektronisk utstyr. I den forbindelse salg av tilhørende materiell. Kundegruppen er i hovedsak næringslivet og det offentlige.;specific;elektronisk hovedsak kundegruppen materiell montering næringslivet raparasjon tilhørende utstyr;;;
921554699;ELEKTROMESTEREN AS;18;;Drive elektrisk installasjonsarbeid, samt alt som står i sammenheng med dette, herunder deltakelse i annen virksomhet.;generic;deltakelse enheng;installation;;
933459942;ELEKTROMISJON AS;15;;Elektrikertjenester.;generic;elektrikertjenester;;;
998881854;ELEKTROMONTASJE AS;20;;Salg av varer og tenester relatert til elektromontasje.;specific;elektromontasje tenester varer;;;
999153933;ELEKTRONOR ANLEGG AS;6;;Elektrotjenester.;generic;elektrotjenester;;;
928794970;ELEKTRONOR SANDBLOST AS;22;;Elektrisk installasjon, service og handel, elektronisk konsulentvirksomhet og enhver virksomhet som står i forbindelse med dette. Selskapet kan engasjere seg i andre foretak med aksjetegning eller på annen måte.;specific;aksjetegning elektronisk engasjere enhver foretak måte seg;installation, trade/retail;;
971184337;ELEKTRONORD AS;5;;Drive som grossist og installatør innen elektro og beslektet virksomhet.;specific;beslektet grossist installatør;;;
915453457;ELEKTROPLUSS TELEMARK AS;37;www.elektroplusstelemark.no;Elektroentreprenørvirksomhet, prosjektering, installasjon, salg og service innenfor det elektro- og elektronikkrelaterte fagområdet samt ved aksjetegning eller på annen måte gjøre seg interessert i tilsvarende, tilliggende eller andre foretagender.;specific;aksjetegning elektro- elektroentreprenørvirksomhet elektronikkrelaterte fagområdet foretagender gjøre interessert måte prosjektering seg tilliggende;installation;;
996525805;ELEKTROPRO AS;9;;Elektrisk innstallasjonsarbeid og tilhørende tjenester.;generic;innstallasjonsarbeid tilhørende;;;
923479651;ELEKTROPULS AS;9;;Elektrisk installasjonsarbeid.;boilerplate;;installation;;
932790548;ELEKTROPUNKT AS;12;www.Elektropunkt.no;Elektrikertjenester.;generic;elektrikertjenester;;;
980466671;ELEKTROSALG OG INSTALLASJON AS;5;;Butikk med elektrisk utstyr og elektrisk installasjon.;generic;butikk utstyr;installation, trade/retail;;
976232550;ELEKTROSERVICE AS;11;;Salg og elektroinstallasjon.;boilerplate;;installation;;
980672522;ELEKTROSERVICE HALLINGDAL INSTALLASJON AS;60;;Aut. installasjon og handel innenfor elektrobransjen.;generic;aut elektrobransjen;installation, trade/retail;;
971140445;ELEKTROSERVICE KRISTIANSUND AS;34;www.elservice.no;Elektroinstallasjoner samt hva som måtte stå i forbindelse hermed.;generic;stå åtte;installation;;
956899478;ELEKTROSERVICE ØRSTA AS;11;www.elektroservice.no;Elektrisk installasjonsverksemd, handel og det som står i samband med dette, medrekna å ta del i andre selskap med liknande verksemd.;specific;del installasjonsverksemd liknande medrekna samband verksemd;installation, trade/retail;;
989913255;ELEKTROSMIA INSTALLASJON AS;12;;Drive med elektrisk installasjon for svak- og sterkstrøm, herunder alarmanlegg, tele og data, samt det som naturlig faller innenfor bransjen. Kjøp og salg av varer og tjenester. Kjøp, salg og utleie av fast eiendom, samt medvirke i lignende og andre selskaper.;specific;alarmanlegg bransjen data faller fast medvirke selskaper sterkstrøm svak- tele varer;installation, security/telecom;;
990916489;ELEKTROTEAM HEMSEDAL AS;11;www.ethas.no;Installasjonsvirksomhet. Herunder konkurransedyktig og bedriftsøkonomisk forsvarlig.;specific;bedriftsøkonomisk forsvarlig installasjonsvirksomhet konkurransedyktig;installation;;
983535836;ELEKTROTECH AS;15;;Elektrotekniske tjenester, installasjon, automasjon, tegning tele og data.;specific;automasjon data elektrotekniske tegning tele;installation, automation/industrial, security/telecom;;
981451775;ELEKTROTEMA AGDER AS;9;;Drive forretning med, herunder installasjon av elektromateriell, samt hva hermed står i forbindelse, herunder å delta i andre selskaper med liknende.;specific;elektromateriell forretning liknende;installation;;
917696853;ELEKTROTJENESTEN AS;34;;Elektrisk instalasjonsarbeid, kjøp og salg av elektriske artikler og annet som naturlig faller sammen med dette. Det blir også noe kjøp og salg av aksjer.;specific;artikler blir faller instalasjonsarbeid noe;trade/retail;;
985871094;ELEKTROTJENESTER AS;15;www.elektrotjenester.no;Teknisk installasjon Import og salg av tekniske produkter Konsulenttjenester innenfor elektroinstallasjon;generic;teknisk tekniske;installation;;
977571502;ELEKTROXPERTEN AS;112;www.elektroxperten.no;Innkjøp,prosjektkoordinering,kompetanseutvikling,markedsføring,handel mv. av elektriske artikler og installasjoner m.v.;specific;artikler innkjøp kompetanseutvikling prosjektkoordinering;installation, trade/retail;;
926678930;ELENERGI AS;5;;Handel med varer og tjenester innen elektrobransjen.;generic;elektrobransjen varer;trade/retail;;
935269431;ELFI ENTREPRENØR AS;15;;Elektrikertjenester.;generic;elektrikertjenester;;;
997077342;ELIASSEN INSTALLASJON AS;6;;Elektrisk installasjonsforretning og det som naturlig hører inn under virksomheten, samt kunne delta innen annen handel og industri.;specific;delta industri inn installasjonsforretning kunne;installation, automation/industrial, trade/retail;;
926410466;ELICOM ELEKTRO AS;7;;Prosjektering og montering av elektroinstallasjoner. Salg av elektromateriell, samt alt som står i forbindelse med dette. Selskapet kan også investere i andre selskaper og prosjekter.;specific;elektromateriell investere montering prosjektering selskaper;installation;;
896899562;ELINST OPPDAL AS;13;;Produksjon og salg, montering og el-installasjon av enhver art, arbeidsutleie samt deltakelse i andre selskaper.;specific;arbeidsutleie art deltakelse el-installasjon enhver montering selskaper;installation;;
919788143;ELISENBERG ELEKTRO AS;16;;Elektroentrepenør med kjøp og salg av elektriske artikler og tjenester, og andre produkter som naturlig faller sammen med dette, herunder å delta i andre selskaper med lignende virksomhet, kjøp og salg av aksjer, eller på annen måte gjøre seg interessert i andre foretagender.;specific;artikler elektroentrepenør faller foretagender gjøre interessert måte seg;trade/retail;;
820662342;ELITE & TELESYSTEMER AS;12;;Innstallasjon av it og telecom.;generic;innstallasjon telecom;security/telecom;;
923734910;ELKOMFORT AS;9;;Fremstilling/ salg av EI-installasjon og konsulenttjeneste på EL-installasjon og andre tjenester som naturlig faller sammen med dette, herunder å delta selskaper med lignende virksomhet, kjøp og salg av aksjer, eller på annen måte gjøre seg interessert i andre foretagender.;specific;delta ei-installasjon el-installasjon faller foretagender fremstilling gjøre interessert konsulenttjeneste måte seg selskaper;installation;;
929438663;ELKONTAKT I KARLSTAD AS;6;;Installasjon og vedlikehold av alle svak- og sterkstrømsprodukter som firmaet til enhver tid har godkjenning til å forhandle, samt all montasjevirksomhet som firma kan tilby.;specific;enhver firma firmaet forhandle godkjenning har montasjevirksomhet sterkstrømsprodukter svak- tid tilby;installation;;
933042219;ELLON AS;8;;Elektrikertjenester. Ingeniør- og prosjektledertjenester innen byggeprosjekter. Utvikling av byggeprosjekter for salg eller utleie, totalentreprenør. Ingeniør- og prosjektledertjenester innen byggeprosjekter.;specific;byggeprosjekter elektrikertjenester ingeniør- prosjektledertjenester totalentreprenør;;;
897400952;ELMAN AS;89;;Elektrotjenster.;generic;elektrotjenster;;;
918869220;ELMAN NAMDAL AS;14;;Selskapet skal drive med elektriske installasjoner til privat og bedriftsmarkedet.;generic;bedriftsmarkedet privat;installation;;
994459929;ELMAN STEINKJER AS;48;www.elman.no;Instalasjon og salg av elektriske anlegg.;generic;instalasjon;trade/retail;;
916877056;ELMAN STJØRDAL AS;31;;Elektrotjenester. Elektrisk installasjonsarbeid.;generic;elektrotjenester;installation;;
980872041;ELMANN AS;15;;Elektrisk installasjonsarbeid.;boilerplate;;installation;;
920282547;ELMATEK AS;5;www.elmatek.no;Elektrikertjenester. Industridesign, produktdesign og annen teknisk design. Installasjon av kuldeanlegg og varmepumper.;specific;design elektrikertjenester industridesign kuldeanlegg produktdesign teknisk varmepumper;installation, solar/energy, automation/industrial;;
933502945;ELMEC AS;47;;Elektro installasjoner. Mekanisk installasjoner.;generic;mekanisk;installation;;
923116672;ELMIDT AS;19;;Leveranse av elektro- og teletekniske installasjoner, samt varer, rekvisita og konsulenttjenester knyttet til dette. Selskapet kan videre delta i andre selskaper.;specific;delta elektro- knyttet rekvisita selskaper teletekniske varer videre;installation, security/telecom;;
983080316;ELMO TEKNIKK AS;99;www.elmo.no;Tekniske entrepriser som elektroinstallasjon, telekommunikasjon, svakstrømsinstallasjon, alarmsystemer og ventilasjon, samt hva dermed står i forbindelse.;specific;alarmsystemer entrepriser svakstrømsinstallasjon tekniske teleko unikasjon ventilasjon;installation, security/telecom;;
930153923;ELPARTNER AS;13;;Salg og installasjon av elektrisk materiell, og alt hva naturlig står i forbindelse.;generic;materiell;installation;;
933175502;ELPOL AS;7;;Elektrikertjenester.;generic;elektrikertjenester;;;
916753616;ELPROS AS;14;www.elpros.no;Utførende innen elektro- og teleinstallasjon, samt annen virksomhet som står i forbindelse med dette, blant annet prosjektering og rådgivning.;specific;elektro- prosjektering teleinstallasjon utførende;security/telecom;;
894887222;ELPUNKT AS;24;;Elektrisk installasjonsarbeid.;boilerplate;;installation;;
913066308;ELREG-ELEKTRO AS;15;;Elektrisk installasjonsvirksomhet samt salg av produkter relatert til dette, og hva dermed står i forbindelse.;generic;installasjonsvirksomhet;installation;;
931453378;ELSELL NORD AS;12;;Elektrikertjenester. Ingeniør- og prosjektledertjenester innen byggeprosjekter.;specific;byggeprosjekter elektrikertjenester ingeniør- prosjektledertjenester;;;
926578618;ELSJEKK AS;5;;Elektrisk installasjonsarbeid.;boilerplate;;installation;;
980332551;ELTEAM AS;112;;El-installasjon, handel samt ved aksjetegning eller på annen måte å delta i andre selskaper.;specific;aksjetegning delta el-installasjon måte selskaper;installation, trade/retail;;
995822504;ELTEKNIKK AS;15;www.elteknikk.no;Elektroinstallasjoner for privatpersoner og næringslivet, herunder handel med varer i denne forbindelse.;specific;denne næringslivet privatpersoner varer;installation, trade/retail;;
912599582;ELTEKNIKK TRONDHEIM AS;46;;Elektroinstallasjoner med dertil tilhørende virksomhet.;generic;dertil tilhørende;installation;;
811600792;ELTERA AS;115;www.eltera.no;Forestå elektroinstallasjoner av enhver art samt påta seg reparasjoner og service av slike, såvel som å drive handel og agenturvirksomhet.;specific;agenturvirksomhet art enhver forestå påta reparasjoner seg slike såvel;installation, trade/retail;;
925924431;ELTERA ELVERUM AS;21;www.eltera.no;Forestå elektroinstallasjoner av enhver art, samt påta seg reparasjon og service av slike.;specific;art enhver forestå påta reparasjon seg slike;installation;;
915427235;ELTERA GJØVIK AS;28;www.eltera.no;Forestå elektroinstallasjoner av enhver art samt påta seg reparasjon og service av slike, såvel som å drive handel og agenturvirksomhet og annen virksomhet som herved står i forbindelse, herunder å delta i andre selskaper.;specific;agenturvirksomhet art enhver forestå påta reparasjon seg slike såvel;installation, trade/retail;;
926930311;ELTERA GRUPPEN NORGE AS;13;;Investering i aksjer og andre eierandeler i andre selskaper og foretak, samt all annen virksomhet som hermed står i forbindelse.;specific;eierandeler foretak selskaper;;;
988293547;ELTERA LILLEHAMMER AS;27;www.eltera.no;Å drive virksomhet med elektrotekniske installasjoner, herunder handelsvirksomhet og tjenesteyting, samt det som har naturlig tilknytning til dette, herunder å delta i andre selskaper med lignende virksomhet, import og eksport samt å eie fast eiendom.;specific;eie elektrotekniske fast handelsvirksomhet har;installation;;
987647515;ELTERA PLASSEN AS;9;;Elektroinstallasjoner og hva som herved står i forbindelse.;boilerplate;;installation;;
912124614;ELTERA RINGSAKER AS;37;www.eltera.no;Elektroinstallasjoner av enhver art, service og reparasjon av slike.;specific;art enhver reparasjon slike;installation;;
918672567;ELTERA SKAGERRAK AS;46;www.eltera.no;Forestå elektroinstallasjoner av enhver art samt påta seg reparasjon og service av slike, såvel som å drive handel og agenturvirksomhet og annen virksomhet som herved står i forbindelse, herunder å delta i andre selskaper.;specific;agenturvirksomhet art enhver forestå påta reparasjon seg slike såvel;installation, trade/retail;;
998269652;ELTRIC AS;12;;Elektrisk installasjonsarbeid eller lignende.;boilerplate;;installation;;
997656032;ELTRO INSTALLASJON AS;34;;Elektroinstallasjon, investering i andre virksomheter.;boilerplate;;installation;;
933646564;ELTRON AS;26;www.eltron.no;Drive elektrisk installasjonsarbeid og handel som naturlig står i sammenheng med dette.;generic;enheng;installation, trade/retail;;
976550552;ELUMNI ELEKTRO AS;22;;Elentreprenør/elektrisk installasjonsvirksomhet.;generic;elentreprenør installasjonsvirksomhet;installation;;
920641245;ELVERUM ELEKTRO AS;6;;Salg, service og installasjon innen elektrobransjen.;generic;elektrobransjen;installation;;
814084272;ELVIS ELEKTRO AS;11;;Elektroentreprenørvirksomhet. Kjøp og salg av elektroprodukter og andre tjenester som naturlig hører med. Eie og delta i andre selskaper;specific;delta eie elektroentreprenørvirksomhet elektroprodukter selskaper;;;
963942281;EM SYSTEMER AS;57;www.emsystemer.no;Utvikle, markedsføre, installere elektriske styringssystemer/automatikksystemer, samt yte service for samme, installasjons-, handels- og service virksomhet av elektrisk og elektroniske anlegg, samt deltagelse i andre selskaper/virksom- heter med det samme eller tilsvarende formål, og det som naturlig står i forbindelse.;specific;automatikksystemer deltagelse elektroniske handels- heter installasjons- installere markedsføre selskaper styringssystemer virksom- yte;installation, automation/industrial;;
919460350;EMIL OLSEN ELEKTRO AS;7;;Elektro, elektriske installasjoner.;boilerplate;;installation;;
921966660;EMONT AS;20;;Elektrisk installasjonsarbeid.;boilerplate;;installation;;
980066789;ENERGI TEKNIKK AS;25;www.energi-teknikk.no;Elektrisk installasjonsarbeid for småkraftverk, samt salg og service.;generic;småkraftverk;installation;;
998580250;ENERGIMESTEREN AS;9;;Fremstilling/salg av elektrotekniske systemer, eletrotekniske produkter og andre produkter som naturlig faller sammen med dette, herunder å delta i andre selskaper med lignende virksomhet, kjøp og salg av aksjer, eller på annen måte gjøre seg interessert i andre foretagender.;specific;elektrotekniske eletrotekniske faller foretagender fremstilling gjøre interessert måte seg systemer;;;
916519338;ENERGIPARTNER AS;97;energipartner.no;Ingeniør- og prosjektledertjenester innen byggeprosjekter. Elektrikertjenester. Installasjon av kuldeanlegg og varmepumper. Blikkenslagertjenester (ventilasjon, kanaler).;specific;blikkenslagertjenester byggeprosjekter elektrikertjenester ingeniør- kanaler kuldeanlegg prosjektledertjenester varmepumper ventilasjon;installation, solar/energy;;
918616462;ENERGO AS;5;;Elektriske innstallasjoner og diverse arbeid i forbindelese med dette. Inustri- automatisasjon. Reparasjon av elektriske produkter. Kulde/ varmeteknikk. Alt innen elektrisk- ingenier. Eksport og import av elektriske produkter.;specific;arbeid automatisasjon elektrisk- forbindelese ingenier innstallasjoner inustri- kulde reparasjon varmeteknikk;;;
930991376;ENERLISTA AS;9;;Tjenester innen telekommunikasjon, installasjon av teleutstyr, sam virksomhet som står i forbindelse med dette.;specific;sam teleko teleutstyr unikasjon;installation, security/telecom;;
978656633;ENGERDAL ELEKTRO AS;9;www.engerdal-elektro.no;Salg og installasjon av elektrisk materiell for bruk i boliger, industri og landbruk, samt annen virksomhet som naturlig hører sammen med dette, herunder investering i andre selskaper.;specific;boliger bruk industri landbruk materiell selskaper;installation, automation/industrial;;
924547561;ENVIRO ELEKTRO AS;14;;El-installasjoner.;generic;el-installasjoner;installation;;
881940612;ENØK TOTAL ELEKTRO AS;22;;Elektrisk installasjon, levering av tele-datatjenester, handel, erverv og drift av eiendommer samt alt hva dermed står i forbindelse, herunder gjennom aksjetegning eller på annen måte å delta i andre selskaper eller foretak.;specific;aksjetegning delta eiendo erverv foretak gjennom levering måte selskaper tele-datatjenester;installation, security/telecom, trade/retail;;
923816410;ERNST EISMANN AS;20;;Drive virksomhet innen elektroinstallasjon og hva herved er naturlig forbundet.;generic;forbundet;installation;;
979127669;ERV TEKNIKK EVJE AS;18;;Sterkstrøm og svakstrøminstallasjoner.;generic;sterkstrøm svakstrøminstallasjoner;security/telecom;;
936902928;ERV TEKNIKK MANDAL AS;5;;Elektrikertjenester. Rørleggertjenester. Installasjon av kuldeanlegg og varmepumper.;specific;elektrikertjenester kuldeanlegg rørleggertjenester varmepumper;installation, solar/energy;;
991305602;ERV TEKNIKK TJØRVES AS;14;;Rør- elektro installasjoner mot private marked, og industrimarkedet. Prosjekter service innen elektro og rør mot industrimarkedet.;specific;industrimarkedet marked rør rør-;installation, automation/industrial;;
989746278;ES ELEKTRO AS;19;www.eselektro.no;Elektriske installasjoner.;boilerplate;;installation;;
995612062;ESPEGARD ELEKTRO AS;7;www.espegard-elektro.no;Salg av varer og tjenester innen elektrobransjen, herunder å delta i annen virksomhet.;specific;delta elektrobransjen varer;;;
989208543;ESPESETH EL-INSTALLASJON AS;7;www.espeseth.no;Drive elektrisk installasjon, samt ved aksjetegning eller på annen måte gjøre seg interessert i andre foretagender.;specific;aksjetegning foretagender gjøre interessert måte seg;installation;;
935151651;ESS ELEKTRO AS;6;;Elektrikertjenester.;generic;elektrikertjenester;;;
943785260;ESS-INSTALLASJON AS;20;;Opplegg og vedlikehold av svakstrømanlegg til data og virksomhet som derved står i forbindelse.;specific;data derved opplegg svakstrømanlegg;security/telecom;;
933580288;EVO TEKNIKK AS;6;;Elektrikertjenester. Rørleggertjenester. Tømrer, oppføring og vedlikehold av bygninger.;specific;bygninger elektrikertjenester oppføring rørleggertjenester tømrer;;;
931704168;EVOLUTION (ELECTRONIC SECURITY SYSTEMS) NORWAY AS;8;;Levere, installere og vedlikeholde elektroniske sikkerhetssystemer hos selskapets kunder.;specific;elektroniske hos installere sikkerhetssystemer vedlikeholde;security/telecom;;
978662463;EVTEK AS;38;www.evtek.no;Elektrikertjenester. Rørleggertjenester.;generic;elektrikertjenester rørleggertjenester;;;
946540447;Expolight A/S;7;www.expolight.no;Å drive handel og tjenesteyting samt hva som står i forbindelse med dette, herunder å delta i sel- skaper med lignende virksomhet.;specific;delta sel- skaper;trade/retail;;
937198337;FAG-ELEKTRIKEREN AS;40;;Elektrikertjenester.;generic;elektrikertjenester;;;
982735106;FAGELEKTRO AS;13;;Handel og elektrisk installasjonsvirksomhet samt hva som står i forbindelse med dette. Selskapet kan også delta med eierandeler i andre selskap.;specific;delta eierandeler installasjonsvirksomhet;installation, trade/retail;;
988462233;FAGERBORG INSTALLASJON AS;9;;Elektrisk installasjonsarbeid.;boilerplate;;installation;;
977075270;FALLRØ ELEKTRO AS;12;;Elektriske installasjoner.;boilerplate;;installation;;
985402698;FANA ELEKTRIKEREN AS;9;;Elektrisk installasjon, prosjektering og utførelse, samt det som dertil står i forbindelse.;specific;dertil prosjektering utførelse;installation;;
986193340;FAUGSTAD ELEKTRO AS;29;;Elektriske installasjoner og beslektede anlegg for næringslivet og det private marked.;specific;beslektede marked næringslivet;installation;;
959556016;FAUSKE ELEKTRO AS;18;fauskeelektro.no;Installasjons- og handelsvirksomhet innenfor elektrobransjen, samt hva son hermed står i forbindelse. Selskapet skal kunne eie aksjer i andre selskaper.;specific;eie elektrobransjen handelsvirksomhet installasjons- kunne selskaper son;installation;;
914810264;FEDØY ELEKTRO SERVICE AS;11;www.fedoy.no;Elektrisk installasjonsarbeid, herunder salg av elektrisk utstyr og salg og montering av klimaanlegg/varmepumper.;specific;klimaanlegg montering utstyr varmepumper;installation, solar/energy, trade/retail;;
920328180;FELTEK AS;20;www.feltek.no;Salg av elektrisk utstyr, elektroinstallasjon, service og det som derved står i forbindelse.;generic;derved utstyr;installation, trade/retail;;
936435963;FERDA CARAVAN SERVICE AS;8;;Investering i aksjer og verdipapirer.;generic;verdipapirer;;;
885284752;FERSTAD ELEKTRO AS;39;;Elektrikervirksomhet.;generic;elektrikervirksomhet;;;
936581668;FES AS;10;;Elektrikertjenester.;generic;elektrikertjenester;;;
959507481;FETSUND ELEKTRO AS;11;www.fetsundelektro.no;Drive elinstallasjon og handel, samt enhver virksomhet som står i forbindelse med formålet.;generic;elinstallasjon enhver;trade/retail;;
990423849;FEVIK ELEKTRO AS;9;;Elektroinstallasjon.;boilerplate;;installation;;
922404321;FIBER LINE AS;24;;Installere og vedlikeholde offentlige og private elektroniske kommunikasjonsnett bygget med fiberoptisk kabel, koaksialeller parkabel, radio eller annen teknologi samt deltagelse i andre selskaper.;specific;bygget deltagelse elektroniske fiberoptisk installere kabel koaksialeller parkabel radio selskaper teknologi unikasjonsnett vedlikeholde;;;
921735073;FIBERDRIFT AS;45;;Installasjon av tele- og datakommunikasjonsløsninger samt beslektet virksomhet, og investeringer i eiendom, verdipapirer og andre virksomheter.;specific;beslektet datako tele- unikasjonsløsninger verdipapirer;installation, security/telecom;;
921749473;FIBERPROFF AS;33;;Elektrisk installasjonsarbeid.;boilerplate;;installation;;
937354428;FIFO ELEKTRO DATA AS;13;;Elektroentreprenør.;boilerplate;;;;
976550544;FINN HAUGEN ELEKTROENTREPRENØR AS;12;;Tjenesteyting innen elektroentreprenørfaget.;generic;elektroentreprenørfaget;;;
975945316;FINNØY ELEKTRO AS;12;;Elektroinstallasjon.;boilerplate;;installation;;
980402738;FIRDA ELEKTRO AS;8;;Elektriske installasjoner, elektrisk forretning og alt som naturleg høyrer inn under dette, samt å eige aksjar eller andelar i andre selskap med verksemd innafor same område.;specific;aksjar andelar eige forretning høyrer inn innafor naturleg område same verksemd;installation;;
924045507;FIRE AND SECURITY SYSTEMS AS;9;www.securitysystems.no;Elektrikertjenester.;generic;elektrikertjenester;;;
971227435;FIVE ELEKTRO AS;31;;Elektroinstalasjon samt beslektede aktivitet, herunder deltagelse i selskap med samme eller beslektet formål.;specific;aktivitet beslektede beslektet deltagelse elektroinstalasjon;;;
939351191;FJELDSETH AS;142;www.fjeldseth.no;Produksjon, installasjon og markedsføring, samt deltagelse i andre selskaper med forretnings- virksomhet som formål.;specific;deltagelse forretnings- selskaper;installation;;
913495349;FJELL ELEKTRIKEREN AS;26;;Bygg og anlegg: Standard elektrikerarbeid;generic;bygg standard;;;
925877506;FJELL ELEKTRIKEREN VALDRES AS;6;;Elektrikerarbeid og andre produkter og tjenester som naturlig hører til dette.;boilerplate;;;;
930010332;FJELL ELEKTRO AS;6;;Elektrisk installasjonsarbeid.;boilerplate;;installation;;
958346433;FLEKKEFJORD ELEKTRO AS;63;;Levere elektriske installasjoner for bolig, bygg, næring, industri og olje & gass og det som naturlig hører sammen med dette. Dette innebærer sterk og svakstrømtjenester, alarm og overvåkingsanlegg. I tillegg til egne prosjekter leverer også bedriften personell for utleie til aktører innen olje & gass sektoren.;specific;aktører alarm bedriften bolig bygg egne gass industri innebærer leverer næring olje overvåkingsanlegg personell sektoren sterk svakstrømtjenester tillegg;installation, automation/industrial, security/telecom;;
931424807;FLEKKERØY ELEKTRO AS;14;;Elektrikertjenester.;generic;elektrikertjenester;;;
998617901;FLEXCOM AS;35;www.flexcom.no;Installasjon og service innen svakstrøm og telecom.;generic;svakstrøm telecom;installation, security/telecom;;
931362216;FLEXIBEL AS;5;;Elektrikertjenester.;generic;elektrikertjenester;;;
927732785;FLISA ELEKTRO AS;5;;Utføre tjenester innen elektrovirksomhet, Kjøp og salg av elektromateriell, til kunde ved utførelse av jobb. Kan bli noe løssalg fra selskapets kontor, men ikke i stor grad.;specific;bli elektromateriell elektrovirksomhet grad ikke jobb kontor løssalg men noe stor utføre utførelse;;;
822902812;FLM ELEKTRO AS;86;;Elektroinstallasjon i lavspentanlegg. Bygging og vedlikehold av elektriske anlegg i bolig og bygg. Utføre reparasjoner i lavspentanlegg i bolig og bygg. Kjøp og salg av elektrisk utstyr.;specific;bolig bygg bygging lavspentanlegg reparasjoner utføre utstyr;installation, trade/retail;;
985410763;FLOSTA ELEKTRO AS;5;;Elektriske installasjoner ol./elektrobransje.;generic;elektrobransje;installation;;
934535545;FLOVILD ELEKTRO AS;19;;Elektrikertjenester.;generic;elektrikertjenester;;;
927992256;FLOW ELEKTRO SØR-VEST AS;10;;Elektrotjenester og totaltekniske entrepriser til private og offentlige kunder.;specific;elektrotjenester entrepriser totaltekniske;;;
831952482;FLYT ELEKTRO AS;6;;Elektrisk installasjon og service.;boilerplate;;installation;;
987650184;FOKUS ELEKTRO AS;95;;Ordinær elektroinstallasjon, utleie av personell og handel med elektromateriell samt virksomhet med tilknytning til dette, herunder deltagelse i andre virksomheter med liknende virksomhet.;specific;deltagelse elektromateriell liknende ordinær personell;installation, trade/retail;;
926356089;FOLKE BYGG & EIENDOM AS;5;;Elektro.;boilerplate;;;;
985239002;FOLKETS ELEKTRO AS;10;;Elektrisk installasjonsvirksomhet, handel og agentur, kjøp, salg, utleie og drift av fast eiendom, samt all virksomhet som står i forbindelse herved, herunder å delta i andre selskaper med lignende virksomhet. Selskapet vil også kunne drive med kjøp og salg av aksjer eller på annen måte gjøre seg interessert i andre foretagender.;specific;agentur fast foretagender gjøre installasjonsvirksomhet interessert kunne måte seg;installation, trade/retail;;
948480468;FOLLDAL ELEKTRO AS;16;www.folldalelektro.no;Ådrive elektrisk installasjon og service og alt som har sammenheng hermed, herunder deltakelse i andre selskaper.;specific;enheng har ådrive;installation;;
996552802;FONNA ELEKTRO AS;27;;Elektro installasjon og prosjektering av elektriske anlegg.;generic;prosjektering;installation;;
993095508;FORENEDE MONTØRER AS;89;;Handel med elektriske artikler og annet som står i naturlig tilknytning til dette, elektriske installasjoner og reparasjoner, samt deltakelse i andre selskaper med lignende formål.;specific;artikler deltakelse reparasjoner selskaper;installation, trade/retail;;
980323501;FOSENKRAFT ELEKTRO AS;29;;Elektroentreprenørvirksomhet.;generic;elektroentreprenørvirksomhet;;;
985565619;FOSS ELEKTRO AS;8;;Elektroentreprenør, elektromontasje svakstrøm/sterkstrøm, salg av elektrisk utstyr og artikler og alt som står i naturlig forbindelse med dette. Utleie, salg og import og verditransaksjoner.;specific;artikler elektromontasje sterkstrøm svakstrøm utstyr verditransaksjoner;security/telecom, trade/retail;;
932980843;FOSSEKALLEN ELEKTRO AS;19;www.fossekallen.no;Elektrikertjenester.;generic;elektrikertjenester;;;
919386509;FOSSER EL. INSTALLASJON AS;7;;"Elektrisk installasjonsarbeid; herunder prosjektering, utførelse og vedlikehold av elektriske anlegg og annet som naturlig faller sammen med dette.";specific;faller prosjektering utførelse;installation;;
929445465;FRAMTID ELEKTRO AS;5;;Selge tjenester og varer innen Elektriker tjenester og annet som naturlig sammenfaller med dette. Samt deltakelse i andre selskaper, investeringer og nærliggende virksomhet.;specific;deltakelse enfaller nærliggende selskaper varer;;;
919967765;FREMSTAD & ROKSETH AS;15;;Elektrisk installasjon, handel med elektriske artikler og dermed beslektede virksomheter.;generic;artikler beslektede;installation, trade/retail;;
926906690;FRISK ELTEKNIKK AS;5;;Installasjoner av smarthus, sikkerhetssystemer, brannalarmanlegg, HIFI-anlegg.;specific;brannalarmanlegg hifi-anlegg sikkerhetssystemer smarthus;installation, security/telecom;;
917442932;FRONT ELEKTRO AS;7;;Leveranse av elektrikse installasjoner, prosjektering av elektriske installasjoner og rådgivende tjenester.;specific;elektrikse prosjektering rådgivende;installation;;
917359520;FRØVIK ELEKTRO AS;10;;Elektrisk installasjon, konsulenttjenester og salg av elektriske artikler engros og detalj.;specific;artikler detalj engros;installation, trade/retail;;
968989847;FRØYLAND ELEKTRO AS;10;;Elektroentreprenørvirksomhet, og annen produksjons handels- og tjenesteytende virksomhet, samt hva hermed står i forbindelse, herunder å delta i andre foretagender som driver tilsvarende virksomhet.;specific;delta elektroentreprenørvirksomhet foretagender handels- produksjons tjenesteytende;;;
994812599;FS MULTISERVICE AS;5;;Salg, service og installasjon av elektronikk, utførende arbeid i renhold og byggfag virksomhet.;specific;arbeid byggfag elektronikk renhold utførende;installation;;
915932002;FUNTEK AS;9;www.funtek.no;Planlegging og utførelse av elektriske annlegg. Flyfoto- og sensordatainnhenting fra droner.;specific;annlegg droner flyfoto- planlegging sensordatainnhenting utførelse;;;
930916935;FUSA ELEKTRO AS;12;;Elektrikertjenester.;generic;elektrikertjenester;;;
925620998;FUSER ELEKTRO AS;5;;Elektrisk installasjonsarbeid;boilerplate;;installation;;
932260883;FÆRDER ELEKTRO AS;8;;Elektrikertjenester.;generic;elektrikertjenester;;;
933539075;FÆRAAS ELEKTRO AS;8;faraaselektro.no;Elektrikertjenester.;generic;elektrikertjenester;;;
921067186;FÅVANG ELEKTRO AS;16;;Utførelse av oppdrag innen elektrisk installasjon i bygg og anlegg med tilhørende omsetning av varer og tjenester samt annen type virksomhet som naturlig hører sammen med dette, herunder investering og deltakelse i andre foretak.;specific;bygg deltakelse foretak omsetning oppdrag tilhørende utførelse varer;installation;;
917505500;G STRØM ELEKTRO AS;5;;Elektrisk installasjonsarbeid.;boilerplate;;installation;;
925879843;G4 EL AS;16;;Elektrisk installasjonsarbeid, samt naturlig tilhørende virksomhet.;generic;tilhørende;installation;;
970923136;GABRIEL ELEKTRO AS;31;;Elektrisk installasjonsvirksomhet, samt annen virksomhet som naturlig faller inn under dette.;specific;faller inn installasjonsvirksomhet;installation;;
942143710;GAGAMA ELEKTRO AS;52;;Drive salg av elektriske artikler og elektriske installasjoner. Selskapet kan også delta i andre selskap med lignende aktivitet.;specific;aktivitet artikler delta;installation, trade/retail;;
814308952;GAMLEBYEN ELEKTRISKE AS;8;;Elektroinstallasjon, handel med elektrovarer og kjøp og salg av fast eiendom.;generic;elektrovarer;installation, trade/retail;;
991277943;GARDERMOEN ELEKTRO AS;97;;Elektroentrepenørvirksomhet.;generic;elektroentrepenørvirksomhet;;;
982165482;GAULA ELEKTRO AS;13;;Elektroinstallasjon.;boilerplate;;installation;;
915414354;GAUSDAL ELEKTRO AS;8;;Bygg og anlegg: Elektriske installasjonsarbeider.;generic;bygg installasjonsarbeider;installation;;
933225771;GDE NORGE AS;36;;Entreprenør- og installasjonsvirksomhet.;generic;entreprenør- installasjonsvirksomhet;installation;;
929247884;GE INSTALLASJON AS;12;;Salg, montering og service av brannanlegg, alarm montering og alt arbeid innen service og telemontering.;specific;alar arbeid brannanlegg montering ontering telemontering;security/telecom;;
937227558;GECOM AS;20;;Næringsvirksomhet innen elektrisk installasjon og annen beslektet næringsvirksomhet.;generic;beslektet næringsvirksomhet;installation;;
988094722;GENIAL ELEKTRO AS;13;;Elektroarbeid.;generic;elektroarbeid;;;
974496585;GERHARDSEN ELEKTRO AS;14;;Elektroentreprenørvirksomhet samt kjøp og salg av elektroprodukter.;generic;elektroentreprenørvirksomhet elektroprodukter;;;
995725843;GLOMMA ELEKTRO AS;17;;Elektroentreprenørvirksomhet, byggautomasjon og salg av materiell som naturlig faller sammen med dette.;specific;byggautomasjon elektroentreprenørvirksomhet faller materiell;;;
926121820;GMC POWER & AUTOMATION AS;51;www.gmc.no;Utvikling, oppføring og vedlikehold av elektroinstallasjoner og automasjon.;generic;automasjon oppføring;installation, automation/industrial;;
971230126;GNISTEN INSTALLASJON AS;15;www.gnisten.no;Installasjon av elektriske artikler, handel og annen virksomhet som naturlig hører inn under det samme.;generic;artikler inn;installation, trade/retail;;
989984063;GP ELEKTRO AS;7;www.gp-elektro.no;Installasjon, prosjektledelse, materialsalg og rådgiving innen elektro.;generic;materialsalg prosjektledelse;installation;;
898562972;GRAN BYGG & ELEKTRO AS;9;;Kjøp og salg av biler samt reparasjonsarbeid. Kjøp og salg av ved. Skogsarbeid. Utleie av maskiner og anleggstjenester. Byggtjenester. Elektriske installasjoner. Kjøp/salg og utleie av fast eiendom.;specific;anleggstjenester biler byggtjenester fast maskiner reparasjonsarbeid skogsarbeid;installation;;
962158803;GRAN ELEKTRO AS;8;;Utføre elektroinstallasjoner, og forøvrig virksomhet som står i forbindelse med dette, herunder kjøp av aksjer eller andeler i firma innen samme bransje.;specific;bransje firma forøvrig utføre;installation;;
897688182;GRANITOR ELECTRO AS;491;www.pt-el.no;Utføre elektro- og automasjonstjenester. Produksjon av elektriske fordelings- og kontrolltavler og paneler.;specific;automasjonstjenester elektro- fordelings- kontrolltavler paneler utføre;automation/industrial;;
914238765;GRANITOR SYSTEMS AS;31;;Utføre tjenester innen elektro og automasjon samt at som naturlig hører sammen med dette.;generic;automasjon utføre;automation/industrial;;
960915917;GRANRUD ELEKTRISKE AS;9;;Elektrisk installasjon og service samt handel og hva hermed står i forbindelse.;boilerplate;;installation, trade/retail;;
999581900;GREIDA AS;6;;Installasjon og salg av husholdningsapparater.;generic;husholdningsapparater;installation;;
946186368;GRENLAND ELEKTRO AS;7;;Drive som autorisert elektroinstallatør innenfor områdene sterkstrøm og svakstrøm. Selskapet skal ha egen installasjonsforetning.;specific;autorisert egen elektroinstallatør installasjonsforetning områdene sterkstrøm svakstrøm;installation, security/telecom;;
826979682;GRENLAND INSTALLASJON AS;5;;Salg, installasjon og vedlikehold av fiber og teknisk utstyr som naturlig hører sammen med dette, herunder å delta i andre selskaper med lignende virksomhet, og kjøp og salg av aksjer eller på annen måte gjøre seg interessert i andre foretak.;specific;fiber foretak gjøre interessert måte seg teknisk utstyr;installation, security/telecom;;
925827495;GRENLAND MARITIME ELEKTRO AS;8;www.gmel.no;Leveranse av elektriske tjenester i form av konsulenttjenester, produksjonstjenester, dokumentasjonstjenester og vedlikeholdstjenester til skip og maritime fartøy.;specific;dokumentasjonstjenester fartøy form maritime produksjonstjenester skip vedlikeholdstjenester;;;
979605625;GRONG ELEKTRO AS;8;www.grong-elektro.no;Elektroinstallasjon med egne ansatte.;generic;ansatte egne;installation;;
927494647;GRØNN STRØM AS;12;;Elektrisk installasjonsarbeid og salg av elektronisk utstyr og materiell.;specific;elektronisk materiell utstyr;installation;;
914459044;GRØNVOLD SHE AS;7;;Entreprenør og servicevirksomhet innen telerelaterte installasjoner og anlegg.;generic;servicevirksomhet telerelaterte;installation, security/telecom;;
995445611;GS ELEKTRO GJØVIK AS;7;;Bygge- og installasjonsvirksomhet.;generic;bygge- installasjonsvirksomhet;installation;;
923756493;GT ELEKTRO AS;12;www.gtel.no;Elektrisk installasjon og handel, samt alt hva hermed står i forbindelse.;boilerplate;;installation, trade/retail;;
912054454;GTD SECURITY AS;6;;Salg, nymontasje og vedlikehold av sikkerhetsanlegg (AIA, AAK og ITV).;specific;aak aia itv nymontasje sikkerhetsanlegg;security/telecom;;
879296242;GULBRANDSEN & OLIMB AS;33;;Elektro installasjon og alt som står i forbindelse med dette.;boilerplate;;installation;;
964279861;GUNDERSEN ELEKTRO AS;9;;Installasjon og service innenfor elektro, og det som naturlig hører inn under virksomheten.;generic;inn;installation;;
831277432;H AUTOMASJON AS;5;www.hautomasjon.no;Elektrikertjenester. Ingeniør- og prosjektledertjenester innen byggeprosjekter. Konsulenttjenester innen IT. Programmering.;specific;byggeprosjekter elektrikertjenester ering ingeniør- progra prosjektledertjenester;;;
957683150;H BLIX AS;36;;Elektriske installasjoner, samt kjøp og salg av elektrisk utstyr, samt annen virksomhet som naturlig hører inn under foranstående, herunder helt eller delvis å eie eller delta i andre selskaper.;specific;delta delvis eie foranstående helt inn selskaper utstyr;installation, trade/retail;;
945419849;H K SØRENSEN AS;16;;Levere og montere elektriske installasjoner og hva derved står i forbindelse, herunder å delta i andre selskap med lignende virksomhet.;specific;delta derved montere;installation;;
977040256;H-I ELEKTRO AS;12;;Installasjon av elektrisk utstyr, handel med varer og salg av tjenester, samt deltagelse i andre selskap.;specific;deltagelse utstyr varer;installation, trade/retail;;
926523740;H/S ELEKTRO AS;21;;Elektroinstallasjoner og alt som er forbundet med dette, samt deltagelse i andre selskaper.;specific;deltagelse forbundet selskaper;installation;;
933185656;H2 ELEKTRO AS;16;;Elektrisk installasjonsarbeid.;boilerplate;;installation;;
912079449;HADDING ELEKTRO AS;15;www.haddingelektro.no;Elektroinstallasjon.;boilerplate;;installation;;
992896981;HADELAND ELEKTRO AS;24;www.hadelandelektro.no;Alle typer elektroinstallasjoner og takseringsvirksomhet.;generic;takseringsvirksomhet;installation;;
958061838;HAFA ELEKTRO AS;26;;Elektroentreprenørvirksomhet med dertil hørende aktiviteter.;specific;aktiviteter dertil elektroentreprenørvirksomhet hørende;;;
934466152;HAFS ELEKTRO & RØR AS;44;www.hafs-elektro.no;Utleie av fast eiendom og løsøre.;generic;fast løsøre;;;
995595249;HAGA ELEKTRO AS;7;;Elektrisk installasjon, samt hva hermed står i forbindelse. Selskapet kan delta i andre selskaper med lignende virksomheter.;generic;delta selskaper;installation;;
999544398;HAGA INSTALLASJON AS;13;;Elektrisk installasjonsarbeid og alt hva som inngår under dette. Rørleggerarbeid, installasjon og service.;generic;inngår rørleggerarbeid;installation;;
986766537;HAGEN OG LINSTAD AS;13;;Salg av elektroinstallasjoner innen sterk- og svakstrøm, eie, leie og utleiedrift av fast eiendom og det som står i forbindelse med dette.;specific;eie fast leie sterk- svakstrøm utleiedrift;installation, security/telecom;;
965558268;HAKO ELEKTRO AS;50;www.hako-elektro.no;Elektrisk installasjonsvirksomhet. Handel og annen økonomisk virksomhet, samt det som herved er forbundet.;specific;forbundet installasjonsvirksomhet økonomisk;installation, trade/retail;;
911905418;HALTUFF ELEKTRO AS;5;;Elektroinstallasjon og salg av utstyr og materiell i forbindelse med dette.;generic;materiell utstyr;installation;;
989945793;HALVORSEN ELEKTRISKE AS;8;;Elektrisk installasjonsarbeid og butikkhandel med elektriske artikler.;generic;artikler butikkhandel;installation, trade/retail;;
911683709;HAMAR ELEKTRO AS;7;;Elektroinstallasjon.;boilerplate;;installation;;
999301789;HANCOM AS;102;www.bktas.no;Grave- og anleggstjenester og installasjon av infrastruktur for bredbånd, fiber og kabeltv, samt kjøp og salg av varer og tjenester i forbindelse med dette.;specific;anleggstjenester bredbånd fiber grave- infrastruktur kabeltv varer;installation, security/telecom;;
965299424;HANESETH BERGEN INSTALLASJON AS;18;www.bergeninstallasjon.no;Drive virksomhet i elektroinstallasjonsbransjen og tilgrensende områder, samt administrasjon og konsulentvirksomhet, og deltagelse i andre selskaper.;specific;administrasjon deltagelse elektroinstallasjonsbransjen områder selskaper tilgrensende;installation;;
912326098;HANESETH BODØ AS;105;bodo.haneseth.no;Handel og produksjon innen elektrisk installasjon og elektrisk forretning, og beslektede bransjer. Samt aksjetegning eller på annen måte gjøre seg interessert i foretagender innen og utenfor bransjen.;specific;aksjetegning beslektede bransjen bransjer foretagender forretning gjøre interessert måte seg utenfor;installation, trade/retail;;
986982329;HANESETH EL-INSTALLASJON AS;10;;Elektrisk installasjon, kjøp og salg av elektrisk materiell, kurs- og konsulentvirksomhet, deltakelse i andre selskap med lignende formål.;specific;deltakelse kurs- materiell;installation, trade/retail;;
965823891;HANESETH ELEKTRO NARVIK AS;27;www.haneseth.no;Handel og produksjon innen elektrisk installasjon og elektrisk forretning, og beslektede bransjer. Samt aksjetegning eller på annen måte gjøre seg interessert i foretagender innen og utenfor bransjen.;specific;aksjetegning beslektede bransjen bransjer foretagender forretning gjøre interessert måte seg utenfor;installation, trade/retail;;
986273298;HANESETH ELSERVICE AS;25;;Elektrisk installasjon for næringslivskunder og privatkunder.;generic;næringslivskunder privatkunder;installation;;
988352594;HANESETH GRUPPEN AS;17;;Kjøp og salg av aksjer og andeler i andre selskap.;boilerplate;;;;
961144663;HANESETH HARSTAD AS;27;www.pgelektro.no;Elektriske installasjoner. Handel, produksjon, salgsvirksomhet, konsulentbistand, samt deltagelse i andre virksomheter av enhver art, evt. også ved aksjeinnskudd i disse.;specific;aksjeinnskudd art deltagelse disse enhver evt konsulentbistand salgsvirksomhet;installation, trade/retail;;
914320453;HANESETH KIRKENES AS;24;;Drive handel og produksjon innen elektrisk installasjon og elektrisk forretning, og beslektede bransjer.;specific;beslektede bransjer forretning;installation, trade/retail;;
820029402;HANESETH LOFOTEN AS;16;;Elektrisk installasjonsarbeid.;boilerplate;;installation;;
995733676;HANESETH NORD-SALTEN AS;16;www.haneseth.no;Salg av installasjonstjenester og salg av elektriske artikler.;generic;artikler installasjonstjenester;installation, trade/retail;;
928159191;HANESETH REAL ELEKTRO AS;15;;Elektriker innen sterk og- svakstrøm. I tilknytning til dette distribuere informasjon og varer, samt yte tjenester i naturlig sammenheng med dette.;specific;distribuere enheng informasjon og- sterk svakstrøm varer yte;security/telecom;;
923317848;HANESETH SENJA AS;12;;Drive elektrisk installasjon, salg av elektriske artikler og annen virksomhet med økonomisk formål- eventuelt også ved aksjetegning, eller på annen måte å gjøre seg interessert i annen slik virk- somhet.;specific;aksjetegning artikler eventuelt formål- gjøre interessert måte seg somhet virk- økonomisk;installation, trade/retail;;
925769711;HANESETH SIMCON ELEKTRO AS;24;www.haneseth.no;Elektrotekniske installasjoner, konsulenttjenester, RIE, ITB.;specific;elektrotekniske itb rie;installation;;
915243398;HANESETH SÆTHER ELEKTRISKE AS;15;;Elektriske installasjoner og alt hva herved står i forbindelse.;boilerplate;;installation;;
944914846;HANESETH TROMSØ AS;44;www.spider.no;Engineering, produksjon, salg og tjenesteyting innen industriell elektronikk, prosesstyring og automasjon, samt elektroentreprenørvirksomhet, samt hva herved står i forbindelse, herunder delta i andre selskaper.;specific;automasjon delta elektroentreprenørvirksomhet elektronikk engineering industriell prosesstyring selskaper;automation/industrial;;
927026732;HANESETH VARANGER AS;10;;Elektrotekniske installasjoner, prosjektering, eller ha eierandeler i selskaper som utfører tekniske entrepriser innen rørtekniske, konstruksjonstekniske, ventilasjonstekniske og automasjonstekniske prosjekt/anlegg, samt aksjetegning eller på annen måte gjøre seg interessert i andre foretak innen bransjen.;specific;aksjetegning automasjonstekniske bransjen eierandeler elektrotekniske entrepriser foretak gjøre interessert konstruksjonstekniske måte prosjektering rørtekniske seg selskaper tekniske utfører ventilasjonstekniske;installation, automation/industrial;;
964330468;HANOR AS;6;www.alarmbutikken.no;Salg og installasjon av alarmprodukter til bolig, bil, båt og hytter.;specific;alarmprodukter bil bolig båt hytter;installation, security/telecom;;
926629360;HANSEN-ELEKTRO AS;13;www.hansen-elektro.no;Elektriske installasjoner med tilhørende produkter og tjenester som naturlig hører sammen med dette.;generic;tilhørende;installation;;
948501341;HARALDSEID ELEKTRISKE AS;14;;Elektroinstallasjonsvirksomhet, handel, produksjon og annen tjenesteytende virksomhet, samt hva her- med står i forbindelse, herunder å delta i andre foretagender som driver tilsvarende virksomhet.;specific;delta elektroinstallasjonsvirksomhet foretagender her- tjenesteytende;installation, trade/retail;;
975969991;HARESTAD ELEKTRISKE AS;31;www.harestad.no;Drive elektroentreprenørvirksomhet, samt delta i andre virksomheter.;generic;delta elektroentreprenørvirksomhet;;;
950179597;HARSTAD ELEKTRO AS;73;;Å drive elektriske installasjoner og handel.;boilerplate;;installation, trade/retail;;
929055713;HARU ELEKTRO AS;6;;Elektrisk og teknisk installasjon, rehabilitering av el-anlegg og energioptimalisering, samt salg og service innen elektrobransjen og alt som naturlig hører inn under slik virksomhet.;specific;el-anlegg elektrobransjen energioptimalisering inn rehabilitering teknisk;installation, solar/energy;;
977232430;HATTELAND ELEKTRISKE AS;19;;Installasjon/service innen elektro-faget. Elektriker.;generic;elektro-faget;installation;;
943914559;HAUGE ELEKTRO AS;61;;Elektrisk og teknisk installasjon, samt handel og alt hva herved står i forbindelse, herunder ved aksjetegning, aksjekjøp, deltagelse eller på annen måte å gjøre seg interessert i enhver virksomhet av lignende karakter.;specific;aksjekjøp aksjetegning deltagelse enhver gjøre interessert karakter måte seg teknisk;installation, trade/retail;;
923393498;HAUGEN ELEKTRO AS;13;;Elektriske sterk- og svakstrøminstallasjoner, instrumentering, automasjon, tele og datainstallasjoner og salg av elektriske artikler og komponenter og andre produkter/tjenester som naturlig hører til dette, herunder å delta i andre selskap med lignende virksomhet.;specific;artikler automasjon datainstallasjoner delta instrumentering komponenter sterk- svakstrøminstallasjoner tele;automation/industrial, security/telecom, trade/retail;;
994724673;HAUGEN INSTALLASJON AS;6;;Drive med alle former for elektrisk installasjonsarbeid og mindre snekkeringsarbeider/bygningsmessig rehabiliteringsarbeid.;specific;bygningsmessig former mindre rehabiliteringsarbeid snekkeringsarbeider;installation;;
979848919;HAUGESUND AUTOMASJON AS;5;;Innstallasjon og service av elektriske styringsanlegg.;generic;innstallasjon styringsanlegg;automation/industrial;;
912492575;HAUGESUND ELEKTRISKE FORRETNING AS;8;www.haugel.no;Elektrisk innstallasjonsvirksomhet og handel og hva dermed står i forbindelse.;generic;innstallasjonsvirksomhet;trade/retail;;
874392022;HAUGSNES ELEKTRO AS;17;;Salg og montasje av elektrisk utstyr, samt hva som naturlig hører til.;generic;montasje utstyr;;;
998853710;HAV ELEKTRO AS;26;www.havelektro.no;Elektrisk installasjon.;boilerplate;;installation;;
914842018;HEISKOMPANIET AS;41;www.heiskompaniet.no;Elektroentreprenør og heisarbeider.;generic;heisarbeider;;;
986389180;HELGEVOLD AS;332;www.helgevold.com;Salg av elektronikk relaterte produkter og tilhørende service og installasjonsvirksomhet.;specific;elektronikk installasjonsvirksomhet tilhørende;installation;;
986751718;HELLAND ELEKTRO AS;32;;Produksjon av elektrotavler og styringsanlegg til fiskeflåten og industrianlegg, elektrisk installasjon, handel og reparasjonsarbeid på elektriske artiklar. Delta i andre selskap med liknande føremål, og alt som har tilknytnad til slik verksemd.;specific;artiklar delta elektrotavler fiskeflåten føremål har industrianlegg liknande reparasjonsarbeid styringsanlegg tilknytnad verksemd;installation, automation/industrial, trade/retail;;
990365164;HELSET ELEKTRO AS;10;www.helsetelektro.no;Installasjonsvirksomhet, eiendomsutvikling, annen handelsvirksomhet, samt deltakelse i andre selskaper ved aksjekjøp, lån eller på annen måte.;specific;aksjekjøp deltakelse eiendomsutvikling handelsvirksomhet installasjonsvirksomhet lån måte selskaper;installation;;
930824208;HEMNES EL-INSTALLASJON AS;8;;Kjøp og salg av elmateriell, samt installasjon av elektriske anlegg.;generic;elmateriell;installation;;
993428388;HENDEN ELEKTRO AS;15;;Å drive planlegging, installasjon, reperasjon og service på elektriske anlegg. Videre sal av elektrisk utstyr og ellers virksemd som står i samband med elektrisk installasjon.;specific;ellers planlegging reperasjon sal samband utstyr videre virksemd;installation;;
957096018;HERØYA ELEKTRO AS;5;;Elektroinstallasjon, konsulentvirksomhet og handel samt hva hermed står i forbindelse, herunder å delta i andre selskaper med lignende virksomhet.;boilerplate;;installation, trade/retail;;
996331393;HG ELEKTRO AS;37;;Prosjektering el-anlegg, elektroinstallasjon, sterk og svakstrøm på land, industri og offentlige bygg og anlegg og det som naturlig hører til.;specific;bygg el-anlegg industri land prosjektering sterk svakstrøm;installation, automation/industrial, security/telecom;;
919253185;HGN ELEKTRO AS;87;;Elektrisk installasjonsarbeid.;boilerplate;;installation;;
871057702;HISØY ELEKTRO AS;12;;Elektro installasjonsvirksomhet og handel.;generic;installasjonsvirksomhet;installation, trade/retail;;
926801449;HITT ELEKTRO AS;13;;Elektrisk installasjonsvirksomhet, salg av varer og tjenester samt tjenester som naturlig tilhører dette. Selskapet skal også ha mulighet for kjøp og salg av aksjer og verdipapirer.;specific;installasjonsvirksomhet mulighet tilhører varer verdipapirer;installation;;
995874172;HJARTDAL ELEKTRO AS;10;;Installasjonsvirksomhet, samt å drive annen virksomhet relatert til dette.;generic;installasjonsvirksomhet;installation;;
986717447;HM ENERGI AS;19;www.hmenergi.no;Elektroinstallasjon og installasjon av kraftverk.;generic;kraftverk;installation;;
995595184;HM GROUP AS;23;;Elektriske installasjoner, mekanisk arbeid, ingeniørtjenester, prosjektering og design innenfor landbasert og offshoreindustri, engroshandel med maskiner og utstyr til industri, kjøp, salg og utleie av eiendommer, investering i aksjer, andeler og andre finans- og realobjekter, samt dertil hørende virksomhet, herunder deltakelse i andre virksomheter.;specific;arbeid deltakelse dertil design eiendo engroshandel finans- hørende industri ingeniørtjenester landbasert maskiner mekanisk offshoreindustri prosjektering realobjekter utstyr;installation, automation/industrial;;
917268789;HMN ELEKTRO AS;6;;Salg av varer og tjenester innenfor område elektrisk installasjonsarbeid og hva som hermed står i forbindelse.;generic;område varer;installation;;
952054511;HOLEN INSTALLASJON AS;45;www.holen-installasjon.no;Elektrisk entreprenørvirsomhet med det som hører naturlig til.;generic;entreprenørvirsomhet;;;
966727683;HOLM ELEKTRO AS;32;;Elektrisk installasjon, kjøp og salg, samt det som naturlig står i forbindelse hermed, herunder deltagelse i andre foretak med lignende virksomhet.;boilerplate;;installation;;
932303094;HOLMEDAL ELEKTRISKE AS;11;;Elektrikertjenester.;generic;elektrikertjenester;;;
988152269;HOLTH ELEKTRO AS;9;;Elektrisk instalasjon og alt hva her hører til.;generic;her instalasjon;;;
890007082;HORTEN ELEKTRISKE AS;14;;Elektriske installasjoner og svakstrøm.;generic;svakstrøm;installation, security/telecom;;
921969104;HORTEN ELEKTRO SERVICE AS;25;;Installasjonsvirksomhet, handel, undervisning, investeringer i andre selskap og hva dermed står i forbindelse.;generic;installasjonsvirksomhet undervisning;installation, trade/retail;;
913170008;HOVLAND TELECOM & SIKKERHET AS;12;;Installasjonsarbeid, konsulentvirksomhet og ressurshåndtering innen elektro/svakstrøm. Kjøp/salg og utleie av fast eiendom samt deltagelse i andre selskaper og det som naturlig henger sammen med dette.;specific;deltagelse fast henger ressurshåndtering selskaper svakstrøm;installation, security/telecom;;
926858335;HRS ELEKTRO AS;26;;Arbeid på tredjeparts elektriske anlegg.;generic;arbeid tredjeparts;;;
935314178;HSL AS;16;;Elektrikertjenester.;generic;elektrikertjenester;;;
938235767;HTL ELECTRIC GROUP AS;33;;Elektrisk installasjonsvirksomhet, konsulent- bistand og rådgivningsvirksomhet i den forbind- else, handel med elektriske artikler samt alt som står i forbindelse med dette, herunder deltagelse i andre selskaper med lignende virksomhet.;specific;artikler else forbind- installasjonsvirksomhet konsulent- rådgivningsvirksomhet;installation, trade/retail;;
952017063;HUGO BECK INSTALLASJON AS;9;;Å drive elektrisk installasjon og hva som dermed står i forbindelse.;boilerplate;;installation;;
939389040;HUMLEN & MOLVÆR ELEKTRO AS;21;;Virksomhet som elektroinnstallatør, handel samt virksomhet som henger sammen med dette. Selskapet kan engasjere seg økonomisk i annen virksomhet.;specific;elektroinnstallatør engasjere henger seg økonomisk;trade/retail;;
961833132;HURUM ELEKTRO AS;13;;Handel og installasjon innen elektrobransjen.;generic;elektrobransjen;installation, trade/retail;;
914471184;HUS ELEKTRO AS;9;;Kjøp og salg av verdipapirer, deltakelse i andre selskap og det som naturlig henger sammen med dette. Samt elektrisk installasjonsarbeid. Samt kjøp, salg, utleie og anna forvaltning av eiendom.;specific;anna deltakelse forvaltning henger verdipapirer;installation;;
928127087;HVEEM ELEKTRO AS;47;;Montering og vedlikehold av elektriske installasjoner for både private og bedrifter. Selskapet skal også drive omsetning av varer og utstyr som faller innenfor fagområdet, samt kunne investere og delta i andre selskaper.;specific;delta fagområdet faller investere kunne montering omsetning selskaper utstyr varer;installation;;
847531932;HYWER AS;46;www.hywer.no;Elektrisk installasjonsarbeid, annen spesialisert bygge- og anleggsvirksomhet, byggteknisk konsulentvirksomhet.;specific;anleggsvirksomhet bygge- byggteknisk spesialisert;installation;;
989067435;HÆRÅS ELEKTRO AS;8;;Drive elektrisk installasjonsfirma, kjøp og salg, samt hva her tilhører.;specific;her installasjonsfirma tilhører;installation;;
967836257;HØVA ELEKTRO AS;10;;Installasjon og reparasjon av elektroanlegg, handel med varer i tilknytning til elektrobransjen og konsulenttjenester innen samme, samt herunder å delta i andre selskaper med lignende virksomhet.;specific;elektroanlegg elektrobransjen reparasjon varer;installation, trade/retail;;
920520146;HAALAND AS;258;;Investering i aksjer samt investeringer av enhver art ellers.;specific;art ellers enhver;;;
981648196;IBR INNSTALLASJON OG BYGGSERVICE AS;32;www.ibrinstallasjon.no;Utføring av tjenester særlig innen handveksnæringen. Herunder også delta i andre selskaper og aktiviteter med lignende virksomhet, samt utleie av eiendom.;specific;aktiviteter delta handveksnæringen selskaper særlig utføring;;;
980887995;IELEKTRO AS;77;;Salg av installasjonstjenester innen elektrofaget.;generic;elektrofaget installasjonstjenester;installation;;
987218452;IKT-ELEKTRO AS;16;;Elektrisk installasjon.;boilerplate;;installation;;
995022826;ILI ELEKTRO SERVICE AS;12;;Elektroinnstallasjoner i bygg.;generic;bygg elektroinnstallasjoner;;;
834981882;INCASE SYSTEMS AS;7;;Selskapets hovedvirksomhet er installasjon av kabelbasert telekommunikasjon. I tillegg har selskapet virksomhet med installasjon, drift og vedlikehold av teletekniske systemer. Utover dette er selskapets virksomhet investering i eiendom og verdipapirer og Import og salg av varer.;specific;har hovedvirksomhet kabelbasert systemer teleko teletekniske tillegg unikasjon utover varer verdipapirer;installation, security/telecom;;
886086962;INDRE ØSTFOLD ELEKTRO AS;14;;Elektrisk installasjonsarbeid, elektrokonsulentvirksomhet og virksomhet som har sammenheng med dette samt deltakelse i andre selskaper med tilsvarende eller beslektet formål. Videre erverv, utvikling, drift og salg av fast eiendom.;specific;beslektet deltakelse elektrokonsulentvirksomhet enheng erverv fast har selskaper videre;installation;;
963978197;ING F WICKSTRØM AS;36;;Elektroinstallasjon samt virksomhet innen nærliggende områder.;generic;nærliggende områder;installation;;
950739126;ING MORTEN FURE AS ELEKTROENTREPRENØREN;15;;Drive elektroinstallasjon og handel.;boilerplate;;installation, trade/retail;;
812013742;INGENIØR HANS BECKER AS;34;;Handel og instalasjonsvirksomhet.;generic;instalasjonsvirksomhet;trade/retail;;
961773490;INGENIØR IVAR PETTERSEN AS;238;;Drive elektroteknisk entreprenørvirksomhet, handel og hva dermed står i forbindelse, samt deltakelse i andre selskaper ved aksjetegning og på annen måte.;specific;aksjetegning deltakelse elektroteknisk entreprenørvirksomhet måte selskaper;trade/retail;;
916758391;INGENIØR TIDEMAND AS;12;;Arbeid med elektriske installasjoner og salg av elektriske artikler;generic;arbeid artikler;installation, trade/retail;;
913316290;INKO TEAM AS;5;;Installasjon av AV-utstyret, oppussingstjenester, byggearbeid og handel ab elektriske varer.;specific;av-utstyret byggearbeid oppussingstjenester varer;installation, trade/retail;;
830477152;INNLANDET ALARMTJENESTE AS;28;;Salg og installering av alarm og sikkerhetstjenester levert av Verisure.;specific;alarm installering levert sikkerhetstjenester verisure;security/telecom;;
924367385;INNLANDET ELEKTROTAVLER AS;14;;Tavleverksted. leverandør av elektrotavler til den profesjonelle elektro bransjen. og alt som hører til.;specific;bransjen elektrotavler leverandør profesjonelle tavleverksted;;;
929261690;INNLANDET FIBER AS;5;;Montere og legge fiberkabler på utbyggingsprosjekter, samt vedlikeholdt av eksisterende fiberanlegg.;specific;eksisterende fiberanlegg fiberkabler legge montere utbyggingsprosjekter vedlikeholdt;;;
915729010;INSELO NORGE AS;12;;Å drive virksomhet innenfor installasjon og reparasjon av husholdningsartikler og alt som står i forbindelse med de forannevnte virksomheter.;specific;forannevnte husholdningsartikler reparasjon;installation;;
959954666;INSTALLASJONSSERVICE AS;25;;Elektriker- og installasjonsvirksomhet og virksom- het som naturlig står i forbindelse med dette, herunder ved aksjetegning eller på annen måte gjøre seg interessert i andre foretagender.;specific;aksjetegning elektriker- foretagender gjøre het installasjonsvirksomhet interessert måte seg virksom-;installation;;
919811714;INSTALLATØR PER ØVERLAND AS;9;;Elektrisk installasjonsvirksomhet og hva dermed står i forbindelse.;generic;installasjonsvirksomhet;installation;;
987252235;INSTALLATØR R HANSEN AS;8;www.installator.no;Elektrisk installasjonsfirma, samt utleie av bolig og næringseiendommer.;specific;bolig installasjonsfirma næringseiendo;installation;;
875971832;INSTALLATØR STIG LIND AS;6;;Drive handel, installasjon, og reparasjon av elektriske artikler, utstyr og anlegg, samt delta i annen næringsvirksomhet, herunder deltakelse i andre selskaper.;specific;artikler delta næringsvirksomhet reparasjon utstyr;installation, trade/retail;;
997571614;INSTALLATØR WITZØ AS;7;;Næringsvirksomhet innenfor elektriske installasjoner og aktiviteter som hører naturlig til.;generic;aktiviteter næringsvirksomhet;installation;;
912590666;INSTALLATØREN FREDRIKSTAD AS;121;;EL-installasjon, herunder prosjektering, installasjon og salg av løsninger og produkter.;generic;el-installasjon prosjektering;installation;;
985885443;INSTALLATØREN OSLO AS;128;www.installatoren.as;EL-installasjon, herunder prosjektering, installasjon og salg av løsninger og produkter.;generic;el-installasjon prosjektering;installation;;
997781694;INSTALLATØRENE AS;6;;Registrert elektroinstallatør.;generic;elektroinstallatør registrert;;;
859028012;INTO ELEKTRO AS;13;intoelektro.no;Installasjonsforretning samt detaljhandel med elektriske artikler.;specific;artikler detaljhandel installasjonsforretning;installation;;
886680112;INTRATECH AS;16;www.intra-tech.no;Konsulenttjenester innenfor automatisering, data og alarm. Import, salg og service av elektronikk.;specific;alarm automatisering data elektronikk;automation/industrial, security/telecom;;
930610666;IP ELEKTRO AS;13;;Elektriske installasjoner.;boilerplate;;installation;;
916796498;IRBY ELEKTRO AS;78;;Drive innen elektrobransjen og det som hører inn under denne type virksomhet. Konsulenttjenester, samt kjøp og salg av elektromateriell.;specific;denne elektrobransjen elektromateriell inn;;;
962070612;ISELEKTRO AS;23;;Drive installasjon, servise og rådgivende virksom- het innen elektrofaget, salg av materiell og ut- styr innen samme, hva som dermed står i forbindelse med dette.;specific;elektrofaget het materiell rådgivende servise styr ut- virksom-;installation;;
931596039;ISHAVSBYEN ELEKTRO AS;18;;Elektrikertjenester.;generic;elektrikertjenester;;;
927810336;IT ELEKTRO AS;9;;Elektrisk installasjon.;boilerplate;;installation;;
923124837;ITEL AS;40;;Elektroarbeider. Installasjon innen fiberoptikk.;generic;elektroarbeider fiberoptikk;installation;;
977060834;JA-TO ELEKTRO AS;12;;Alt innen elektriske installasjoner og andre produkter/tjenester som naturlig hører sammen med dette, herunder å delta i andre selskaper med lignende virksomhet, og kjøp og salg av aksjer eller på en annen måte gjøre seg interessert i andre foretak. I tillegg til virksomhet som omfatter sikkerhetsrelatert arbeid tilknyttet jernbane.;specific;arbeid foretak gjøre interessert jernbane måte omfatter seg sikkerhetsrelatert tillegg;installation, security/telecom;;
982699185;JAN OG JO ELEKTRO AS;8;www.jjelektro.no;Elektromontør. Kjøp og salg samt montasje av elektriske produker til anlegg og private boliger.;specific;boliger elektromontør montasje produker;;;
997374142;JANSEN ELEKTRO AS;16;;Omsetning av elektriske artikler og installasjonsvirksomhet og det som hermed står i forbindelse.;specific;artikler installasjonsvirksomhet omsetning;installation;;
960853687;JATEC AS;36;;Drive elektro-innstallasjonsvirksomhet og handel, samt hva hermed står i forbindelse.;generic;elektro-innstallasjonsvirksomhet;trade/retail;;
992714824;JB ELECTRO AS;10;www.jbelectro.no;Utleie og salg av service, montørtjenester, ingeniørtjenester, løsninger, utstyr og prosjekter innen elektro, instrument , tele, automasjon og kontrollsystemer.;specific;automasjon ingeniørtjenester instrument kontrollsystemer montørtjenester tele utstyr;automation/industrial, security/telecom;;
999027903;JB ELEKTRO AS;26;www.jbelektro.no;Kjøp og salg av varer og tjenester innenfor elektroinstallasjon og alt som naturlig forbindes med dette.;generic;forbindes varer;installation;;
859890652;JENS DAHL AS;14;;Installasjonsforretning og handel med elektriske artikler og hva som står i forbindelse med dette, herunder å delta i andre selskaper med lignende virksomhet.;generic;artikler installasjonsforretning;installation, trade/retail;;
950233486;JENSEN ELEKTRISKE AS;12;;Elektroinstallatør og salg av elektriske artikler, samt hva som hermed står i forbindelse, herunder å delta i andre selskaper med likeartet formål. Dessuten eie og drive utleie av fast eiendom.;specific;artikler dessuten eie elektroinstallatør fast likeartet;trade/retail;;
997578597;JERNBRO INDUSTRIAL SERVICES AS;75;;Produktutvikling, installasjon, service, konsulenttjenester, handel og beslektet virksomhet innen olje- og gass, prosess og annen industri og innenfor elektro og mekaniske disipliner. Selskapet kan også eie aksjer i konsernselskaper.;specific;beslektet disipliner eie gass industri konsernselskaper mekaniske olje- produktutvikling prosess;installation, automation/industrial, trade/retail;;
943481172;JEVNAKER ELEKTRISKE FORRETNING AS;7;;Handel og elektro installasjoner og hva som dermed står i forbindelse, samt å delta i andre selskaper og enhver annen virksomhet som følger hermed.;specific;delta enhver følger selskaper;installation, trade/retail;;
992090006;JM HANSEN MIDT AS;229;;Selskapet driver installasjonsvirksomhet, elektroentreprise og vvs-tjenester.;specific;elektroentreprise installasjonsvirksomhet vvs-tjenester;installation;;
995306433;JM HANSEN NORD AS;180;jmhansen.no;Selskapets virksomhet er innenfor elektrisk installasjon og det som naturlig hører under dette.;boilerplate;;installation;;
982561965;JOHANSEN ELEKTRO AS;6;www.johansen-elektro.com;Elektroteknisk konsulent og installasjons- og entreprenørforretning samt annen næring som står i sammenheng med dette.;specific;elektroteknisk enheng entreprenørforretning installasjons- næring;installation;;
919481218;JOKSTAD ELEKTRO AS;12;;Elektrisk installasjonsarbeid og andre produkter/tjenester som naturlig hører sammen med dette, herunder å delta i andre selskap med lignende virksomhet, og kjøp og salg av aksjer eller på annen måte gjøre seg interessert i andre foretak.;specific;delta foretak gjøre interessert måte seg;installation;;
927410206;JONBEKK ELEKTRO AS;8;;Elektro-installasjon og andre produkter/tjenester som naturlig hører til dette.;generic;elektro-installasjon;installation;;
989368737;JORDET  ELEKTRO AS;15;;Elektrisk installasjonsarbeid, samt derved forbunden virksomhet, herunder å drive handel og å delta i annen virksomhet.;specific;delta derved forbunden;installation, trade/retail;;
968165852;JOSTAD ELEKTRISKE AS;8;;Elektroinstallasjon samt virksomhet forbundet med dette. Selskapet kan drive kjøp og salg og ut- leie av fast eiendom.;specific;fast forbundet leie ut-;installation;;
971002700;JOSVANGER ELEKTRO AS;20;;Elektroinsatllasjon og reparasjon. Sterkstraum, svakstraum. Tele, data, alarm.;specific;alarm data elektroinsatllasjon reparasjon sterkstraum svakstraum tele;security/telecom;;
993129038;JSI INSTALLASJON AS;9;;Drive med salg og installasjon av produkter og tjenester innenfor elektrovirksomhet med tilhørende aktiviteter. Selskapet kan også delta i andre selskap innenfor samme aktivitetsområde/bransje.;specific;aktiviteter aktivitetsområde bransje delta elektrovirksomhet tilhørende;installation;;
916872860;JØLLE & KRISTENSEN AS;13;www.jkel.no;Elektrisk installasjonsarbeid i bygninger;generic;bygninger;installation;;
932911728;K-ELEKTRO AS;7;Kelektro.no;Elektrikertjenester.;generic;elektrikertjenester;;;
980373258;K. EIDEM ELEKTRO AS;21;www.eidemelektro.no;Elektrotekniske installasjoner, næringsvirksomhet i tilknytning til dette, samt deltagelse i selskap med lignene formål.;specific;deltagelse elektrotekniske lignene næringsvirksomhet;installation;;
912110117;K2 ELEKTRO AS;35;www.k2elektro.no;Elektriske installasjoner, EKOM installasjoner, byggetjenester, utleie av verktøy og maskiner, samt alt annet som naturlig hører inn under dette.;specific;byggetjenester ekom inn maskiner verktøy;installation;;
916908792;KAIKAN AS;6;;Partner i franchise-konsept, som selger og installerer alarmer til private husholdninger og næringvirksomheter, samt utfører servicer og vedlikehold på eksisterende kunders alarmanlegg.;specific;alarmanlegg alarmer eksisterende franchise-konsept husholdninger installerer kunders næringvirksomheter partner selger servicer utfører;security/telecom;;
981393082;KAMPEN INSTALLASJON AS;15;www.kampeninstallasjon.no;Elektroinstallasjon i Oslo og omland (Gruppe L). Utleie, kjøp og salg av hybler, leiligheter og campingvogner m.v. og deltagelse i andre selskaper samt annen relatert virksomhet.;specific;campingvogner deltagelse gruppe hybler leiligheter omland oslo selskaper;installation;;
935833248;KARMØY ELEKTRO AS;9;;Elektrikertjenester.;generic;elektrikertjenester;;;
924062525;KASOMO ELEKTRO AS;6;;Tilby rør-, elektro- og ventilasjonstjenester til private og offentlige kunder, samt det som naturlig står i forbindelse med dette.;specific;elektro- rør- tilby ventilasjonstjenester;;;
933585069;KB EL AS;6;;Elektrikertjenester.;generic;elektrikertjenester;;;
948625563;KB ELEKTRO AS;20;;Handel, entreprenør- og installasjonsvirksomhet og hva herved står i forbindelse, herunder ved aksje- tegning eller på annen måte gjøre seg interessert i andre foretagender.;specific;aksje- entreprenør- foretagender gjøre installasjonsvirksomhet interessert måte seg tegning;installation, trade/retail;;
913285948;KE AUTOMASJON AS;25;;Elektro, installasjonstjenester med videre.;generic;installasjonstjenester videre;installation;;
929409019;KEM MONTASJE AS;7;;Handverkertjenester til byggtekniske, elektrotekniske, VVS-tekniske installasjoner og andre produkter/tjenester som naturlig hører til dette, herunder å delta i andre selskap med lignende virksomhet.;specific;byggtekniske delta elektrotekniske handverkertjenester vvs-tekniske;installation;;
991882979;KG ELEKTRO AS;14;;Drive med arbeid relatert til elektroinstallasjoner.;generic;arbeid;installation;;
989974173;KINDBERG & KRISTIANSEN ELEKTRISKE AS;8;;Arbeider innen elektroinstallasjon.;generic;arbeider;installation;;
930462241;KINN ELEKTRO AS;11;;Reparasjon og installasjon av elektriske anlegg og salg av elektromateriell.;generic;elektromateriell reparasjon;installation;;
835477622;KINSARVIK ELEKTRO AS;6;;Elektrikertjenester.;generic;elektrikertjenester;;;
934624858;KISTEVIG AS;5;;Elektrikertjenester. Ingeniør- og prosjektledertjenester innen byggeprosjekter.;specific;byggeprosjekter elektrikertjenester ingeniør- prosjektledertjenester;;;
989057871;KJELDAL ELEKTRO AS;10;www.kjeldalelektro.no;Alt innen elektrikerarbeider, nyanlegg og reparasjoner, service- og konsulenttjenester, varehandel samt deltakelse i andre selskaper samt hva herved står i forbindelse.;specific;deltakelse elektrikerarbeider nyanlegg reparasjoner selskaper service- varehandel;;;
966228024;KJELL HANSEN ELEKTRO AS;45;;Elektrisk installasjonsvirksomhet, herunder kjøp og salg og hva dermed står i forbindelse.;generic;installasjonsvirksomhet;installation;;
971167491;KJELSÅS ELEKTRO AS;8;;Drive installasjonsvirksomhet, vedlikeholds- arbeider, handel og hva dermed står i forbindelse.;specific;arbeider installasjonsvirksomhet vedlikeholds-;installation, trade/retail;;
922213895;KL ELEKTRO AS;9;;Elektrotekniske installasjonsarbeider og service samt annet som naturlig faller inn under dette.;specific;elektrotekniske faller inn installasjonsarbeider;installation;;
934331389;KM ELEKTRO ALTA;5;;Elektrikertjenester.;generic;elektrikertjenester;;;
998551331;KM ELEKTRO AS;5;;Salg av elektrikertjenester og -varer.;generic;elektrikertjenester varer;;;
986532188;KNURO AS;9;;Handel, utvikling, reparasjon, vedlikehold, kjøp, salg av maskiner og utstyr samt annen virksomhet som naturlig faller inn under dette ved aksjekjøp eller på annen måte.;specific;aksjekjøp faller inn maskiner måte reparasjon utstyr;trade/retail;;
955467035;KNUT HOVET INSTALLASJONAR AS;16;;Drive med elektrisk installasjon, sal av elekt- riske artiklar og anna som fell naturleg saman med dette. Likeeins kjøp, sal, leige og utleige av lokal.;specific;anna artiklar elekt- fell leige likeeins lokal naturleg riske sal saman utleige;installation;;
863786592;KNUT KNUTSEN AS;26;;Elektrisk installasjon, handel og utleie av fast eiendom.;generic;fast;installation, trade/retail;;
941578861;KOLBJØRN OLSEN AS;18;;Elektrisk installasjonsvirksomhet, salg av elektriske komponenter og hva dermed står i forbindelse, samt skal det kunne delta i andre selskaper med økonomisk formål.;specific;delta installasjonsvirksomhet komponenter kunne selskaper økonomisk;installation, trade/retail;;
923272852;KOLBOTN ELEKTRO AS;7;;Elektrisk installasjon og salg av elektriske produkter og annen relatert virksomhet. Elektromontør. Kjøp og salg samt montasje av elektriske produkter til anlegg og private boliger.;specific;boliger elektromontør montasje;installation, trade/retail;;
934312465;KOMPLETT ELEKTRO AS;12;;Elektrikertjenester.;generic;elektrikertjenester;;;
894631872;KOMPLETT ELEKTRO INSTALLASJON AS;38;www.komplettelektroinstallasjon.no;Elektrisk installasjonsarbeid.;boilerplate;;installation;;
982752515;KONTAKT EL-INSTALLASJON AS;33;;El-teknisk installasjon.;generic;el-teknisk;installation;;
930784184;KONTROLL OG SIKKERHET AS;5;;Tjenester knyttet til sikkerhetsanlegg. Rådgiving, salg, installasjon og service på sikkerhetsanlegg og tekniske anlegg.;specific;knyttet sikkerhetsanlegg tekniske;installation, security/telecom;;
936903363;KOSTR POWERED BY DEAS AS;5;;Elektrikertjenester.;generic;elektrikertjenester;;;
922754721;KOTERAS ELEKTROCOM AS;5;;Elektriske installasjoner, salg og beslektet virksomhet.;generic;beslektet;installation;;
929200241;KR AUTOMASJON AS;7;;Automasjon og -utstyr. Elektrisk installasjonsarbeid. Rådgivende ingeniører - Automasjon. Reparasjon og vedlikehold. Fiskeoppdrett og -utstyr.;specific;automasjon fiskeoppdrett ingeniører reparasjon rådgivende utstyr;installation, automation/industrial;;
936687857;KR INSTALLASJON AS;10;;Elektrikertjenester.;generic;elektrikertjenester;;;
980114872;KRAFTLAGET RISE ELEKTRO 1 AS;42;riseelektro.no;Elektroinstallasjon, kjøp og salg av materiell og tilhørende varer.;specific;materiell tilhørende varer;installation;;
966284420;KRAGERØ ELEKTRISKE AS;28;;Handel og installasjon i elektrobransjen og alt hva dermed er forbundet.;generic;elektrobransjen forbundet;installation, trade/retail;;
999239463;KRAGERØ INSTALLASJON AS;12;www.kragerøinstallasjon.no;Installasjons- konsulent-, og handelsvirksomhet, høyspent installasjoner innenfor industri og nettselskaper, installasjon av utstyr til automatisering og prosesstyring, data/telekommunikasjon, og ENØK. Selskapet skal kunne drive annen beslektet virksomhet som kan gi økonomisk lønnsomhet. Selskapet skal legge til rette for og ivareta et godt arbeidsmiljø med mulighet for ansatte til personlig og faglig utvikling.;specific;ansatte arbeidsmiljø automatisering beslektet data enøk faglig godt handelsvirksomhet høyspent industri installasjons- ivareta konsulent- kunne legge lønnsomhet mulighet nettselskaper personlig prosesstyring rette teleko unikasjon utstyr økonomisk;installation, automation/industrial, security/telecom;;
992073616;KREATEL AS;64;;Elektroinstallasjon, levering og montering av annet teknisk utstyr. Konsulentvirksomhet.;specific;levering montering teknisk utstyr;installation;;
980489590;KRISTIANSAND ELEKTRO AS;12;www.ke-as.no;Salg og installasjon av elektrisk utstyr.;generic;utstyr;installation;;
916972571;KRISTIANSAND ENGINEERING AS;7;;Salg av konsulenttjenester innen elektro og automasjon. Selskapet vil også kunne gjøre investeringer innen samme bransje, samt generelle investeringer i aksjer og eiendom.;specific;automasjon bransje generelle gjøre kunne;automation/industrial;;
963717857;KRISTIANSEN AUTOMASJON AS;5;www.ks-automasjon.no;Tilby privat- og offentlig sektor elektrotjenester og hva hermed står i forbindelse, herunder ved aksjetegning eller på annen måte gjøre seg interessert i andre foretagender.;specific;aksjetegning elektrotjenester foretagender gjøre interessert måte offentlig privat- seg sektor tilby;;;
897365162;KRISTIANSUND ELEKTRO AS;5;www.kristiansundelektro.no;Bygg og anlegg: Elektrisk installasjonsarbeid;generic;bygg;installation;;
941163343;KRØDEREN ELEKTRO AS;226;;Handel, elektrisk installasjonsvirksomhet, konsu- lentvirksomhet, eie aksjer/andeler i andre sel- skaper, samt hva hermed står i forbindelse.;specific;eie installasjonsvirksomhet konsu- lentvirksomhet sel- skaper;installation, trade/retail;;
932146568;Kvassheim Elektro AS;18;www.kvassheim-elektro.no;Drive handel med og installasjon av elektrisk materiell og utstyr, konsulentvirksomhet, og hva hermed står i forbindelse.;generic;materiell utstyr;installation, trade/retail;;
913656628;KVASSHEIMS ELEKTRISKE FORRETNING AS;17;;Drift av elektrisk installasjonsforretning og handel, samt hva hermed måtte stå i forbindelse, herunder også deltagelse i foretagender med tilnærmet samme formål herunder også deltagelse gjennom aksjeverv.;specific;aksjeverv deltagelse foretagender gjennom installasjonsforretning måtte stå tilnærmet;installation, trade/retail;;
986581626;KVIKK INSTALLASJON AS;15;;Elektroinstallasjon og handel i denne forbindelse.;generic;denne;installation, trade/retail;;
947070622;KVINNHERAD ELEKTRO A/S;50;;Handel, produksjon, innstallasjon, entreprenør- virksomhet og det som står i forbindelse.;generic;entreprenør- innstallasjon;trade/retail;;
976605446;KVÅL EL-INSTALLASJON AS;22;;Salg av elektriske artikler og tjenester.;generic;artikler;trade/retail;;
820933362;KYST ELEKTRO AS;15;;Elektrisk installasjonsarbeid.;boilerplate;;installation;;
916977972;KYSTKRAFT ELEKTRO AS;5;;Konsulenttjenester og håndverkstjenester, innen elektro, automasjon, bygg og anlegg;specific;automasjon bygg håndverkstjenester;automation/industrial;;
990689660;KÅBULAND OG STOKKELAND ELEKTRO AS;5;;Elektroinstallasjoner.;boilerplate;;installation;;
927732777;KÅRE HAGEN & CO AS;5;;Elektrisk installasjon, konsulentvirksomhet, prosjektering og drift av fast eiendom, samt deltakelse i annen næringsvirksomhet, herunder som aksjonær eller kommandittist.;specific;aksjonær andittist deltakelse fast næringsvirksomhet prosjektering;installation;;
933713601;LAKSEVÅG ELEKTRO AS;16;;Utføre elektriske installasjonsarbeider av alle typer samt annen virksomhet som står i forbindelse med slike arbeider.;specific;arbeider installasjonsarbeider slike utføre;installation;;
980377385;LANDRO ELEKTRO AS;9;;Elektro Instalasjon og dertil hørende virksomhet.;specific;dertil hørende instalasjon;;;
937296878;LANGSET ENERGY SOLUTIONS AS;8;;Elektrikertjenester.;generic;elektrikertjenester;;;
964715378;LAUGSTOL AS;135;www.laugstol.no;Konsulent-, installasjons- og handelsvirksomhet, installasjon av utstyr til automatisering og prosesstyring samt deltakelse i virksomhet i til- knytning til disse områder.;specific;automatisering deltakelse disse handelsvirksomhet installasjons- knytning konsulent- områder prosesstyring til- utstyr;installation, automation/industrial;;
928722619;LAUGSTOL ENERGISERVICE AS;11;;Levere systemer og automasjonsløsninger til offentlige og private bygg, samt løsninger til industrien. Selskapet kan også inneha aksje- og eierposter som står naturlig i forbindelse med dette;specific;aksje- automasjonsløsninger bygg eierposter industrien inneha systemer;automation/industrial;;
879484952;LAUKAS ELEKTRISKE AS;59;;Tjenester innen elektrisk installasjonsarbeid og rørleggerarbeid.;generic;rørleggerarbeid;installation;;
934785207;LAUKAS ELEKTRISKE PROSJEKT AS;21;;Elektrikertjenester.;generic;elektrikertjenester;;;
992522526;LAVANGEN ELEKTRO AS;12;;Installasjoner i boliger og service/vedlikehold av elektriske installasjoner. Salg og montering av luft til luft varmepumper og montering/service av antenne og parabolanlegg.;specific;antenne boliger luft montering parabolanlegg varmepumper;installation, solar/energy;;
968545337;LEFDAL INSTALLASJON AS;141;;Elektrisk installasjon, handel og agentur samt diverse annen virksomhet i forbindelse med dette.;generic;agentur;installation, trade/retail;;
991437363;LEIRVIK ELEKTRO AS;7;;Salg av varer og tjenester innen elektrisk installasjonsarbeid;generic;varer;installation;;
919513845;LEITHE & CHRISTIANSEN AS;48;www.lc.no;Installasjon og servicevirksomhet, samt å delta i andre selskaper.;specific;delta selskaper servicevirksomhet;installation;;
984681755;LEITHE ELEKTRO AS;19;;Elektroinstallasjon, sterkstrøm og svakstrøm, samt deltakelse i andre selskaper med tilsvarende formål.;specific;deltakelse selskaper sterkstrøm svakstrøm;installation, security/telecom;;
982159903;LERVOLD SIKKERHET AS;19;;Installasjon og alarmmontasje.;generic;alar ontasje;installation, security/telecom;;
893552162;LESJA DOVRE ELEKTRO AS;14;;Selskapets virksomhet er å drive elektroinstallasjon samt salg av varer og tjenester innenfor denne sektoren, herunder deltakelse i andre selskaper.;specific;denne sektoren varer;installation;;
998678498;LEVEL POWER & AUTOMATION AS;41;www.levelgroup.no;Leveranse av produkter og tjenester innen elektro og automasjon for følgende markeder: Landbasert industri, maritim industri og offshore industri.;specific;automasjon følgende industri landbasert maritim markeder offshore;automation/industrial;;
925750581;LH ELEKTRO AS;8;;Elektroinstallasjon;boilerplate;;installation;;
918675329;LI 1 ELEKTRO AS;5;;Elektrisk installasjonsarbeid.;boilerplate;;installation;;
813038692;LIEN ELEKTRO AS;11;www.lienelektro.no;Elektriske installasjoner.;boilerplate;;installation;;
911948680;LILLEHAMMER ELEKTRO AS;35;eet.as/lillehammer;Elektrisk installasjonsarbeid.;boilerplate;;installation;;
988989223;LILLESAND ELEKTRO AS;12;;Elektroinstallasjon, kjøp og salg av elektriske artikler, og alt hva her naturlig hører sammen.;generic;artikler her;installation, trade/retail;;
994411446;LILLESTRØM ELEKTRO AS;9;www.lillestromelektro.no;Elektroinstallasjon.;boilerplate;;installation;;
996946509;LINDESNES ELEKTRO AS;8;www.lindesneselektro.no;Utføre elektroinstallasjon for industri- og privatbygg og anlegg, samt beslektet virksomhet, herunder salg av relatert utstyr og investeringer i dertil knyttet virksomhet.;specific;beslektet dertil industri- knyttet privatbygg utføre utstyr;installation, automation/industrial;;
992893273;LINJEPROFF AS;131;;Telelinjearbeid: Stolpeoppsetting/oppretting/utskifting/sanering. Bardunmontering. Kabelmontering. Skjøting. Etablering av skjøteboks. Kundeinstallasjon.;specific;bardunmontering etablering kabelmontering kundeinstallasjon oppretting sanering skjøteboks skjøting stolpeoppsetting telelinjearbeid utskifting;security/telecom;;
993138975;LOCKIT AS;23;www.lockit.no;Salg, service, montasje og bearbeiding av varer og tjenester m.m. i låsesmedbransjen.;specific;bearbeiding låsesmedbransjen montasje varer;;;
925191086;LOFOTEN ELEKTRO AS;91;;Drift av elektrisk installasjonsforretning, omset- ning av elektrisk materiell og hva dermed står i forbindelse.;specific;installasjonsforretning materiell ning omset-;installation;;
886347782;LOFOTKRAFT AS;14;;Erver av eierandeler i ulike typer virksomhet tilknyttet produksjon, kjøp, salg og overføring av elektrisk energi, og annet som naturlig står i forbindelse med dette.;specific;eierandeler energi erver overføring;solar/energy;;
978632378;LOS ELEKTRO AS;374;;Handel og elektrisk installasjon.;boilerplate;;installation, trade/retail;;
912487733;LOS ELEKTRO STORD AS;23;;Elektroentreprenørvirksomhet, herunder elektroinstallasjoner på skip, bygg og anlegg, samt salg av produkter som naturlig faller sammen med dette, herunder også utleie av arbeidskraft til andre selskaper med lignende virksomhet, samt delta i andre foretak som driver tilsvarende virksomhet.;specific;arbeidskraft bygg delta elektroentreprenørvirksomhet faller foretak selskaper skip;installation;;
935443415;LOS GRUPPEN AS;14;www.los-gruppen.no;Fagforretning i elektrobransjen, samt installasjon.;generic;elektrobransjen fagforretning;installation;;
920295983;LOS POWER SOLUTIONS AS;71;;Prosjektering, rådgivning, installasjon og produksjon av elektriske anlegg. Utvikling, produksjon og salg av elektrisk og mekanisk utstyr.;specific;mekanisk prosjektering utstyr;installation, trade/retail;;
976267036;LOS ØLVE ELEKTRO AS;10;;Elektroinstallasjon og salg av diverse varer og tjenester.;generic;varer;installation;;
998852978;LOTE ELEKTRO AS;7;;Drive handelsvirksomhet innen elektriske artikler, samt drive installasjonsvirksomhet og alt som står i forbindelse med dette.;specific;artikler handelsvirksomhet installasjonsvirksomhet;installation;;
981992598;LRE ELEKTRO AS;8;;Elektrisk installasjonsforretning.;generic;installasjonsforretning;installation;;
929549554;LUND ELEKTRO AS;8;;Drift av elektrofirma.;generic;elektrofirma;;;
916547137;LUX ELEKTRO AS;6;www.lux-elektro.no;Elektrikervirksomhet, installasjon av elektriske anlegg samt salg av relatert materiell og varer.;specific;elektrikervirksomhet materiell varer;installation;;
992824115;LYN ELEKTRO AS;52;www.lynelektro.no;Elektrisk installasjonsarbeid herunder bygging av anlegg for elektrisitet og telekommunikasjon og hva som naturlig hører under dette.;specific;bygging elektrisitet teleko unikasjon;installation, security/telecom;;
958553625;LYNGDAL EL-INSTALASJON AS;12;;Elektroinstallasjoner, handel og alt hva dermed står i forbindelse, derunder gjennom aksjetegning eller på annen måte å delta i andre selskaper eller foretak.;specific;aksjetegning delta derunder foretak gjennom måte selskaper;installation, trade/retail;;
986496610;LYNGEN ELEKTRISKE AS;10;;Innstallasjon og salg av elektromateriell, og tjenester knyttet til dette.;specific;elektromateriell innstallasjon knyttet;;;
983825486;LYS OG KRAFT INSTALLASJON AS;6;;Elektrisk installasjon samt hva hermed står i forbindelse.;boilerplate;;installation;;
977356067;LYS OG VARME AS;59;;Selskapets virksomhet er handel, investering i andre selskaper, kjøp og salg av fast eiendom, salg av konsulenttjenester, annen rådgivning, kjøp og salg av verdipapirer og dertil tilhørende virksomhet.;specific;dertil selskaper tilhørende verdipapirer;trade/retail;;
920060188;LYSAKER ELEKTRISKE AS;10;;Elektriske installasjoner, salg av elektriske artikler, konsulentvirksomhet innen den elektriske bransjen, samt hva hermed står i forbindelse.;generic;artikler bransjen;installation, trade/retail;;
928092062;LYSE AGON AS;6;;Drive virksomhet innenfor bygging, drift og vedlikehold av anlegg for utendørs belysning i privat sektor.;specific;belysning bygging privat sektor utendørs;;;
923119159;LYSE LUX AS;38;www.lysekonsern.no;Drive virksomhet innenfor bygging, drift og vedlikehold av anlegg for utendørs belysning.;specific;belysning bygging utendørs;;;
994734474;LYSGLIMT ELEKTRO AS;24;;Elektriker installasjon og alt hva hermed står i forbindelse.;boilerplate;;installation;;
986047042;LYSMESTER`N AS;23;;Elektroinstallasjon og handel med elektro- og kommunikasjonsutstyr.;generic;elektro- unikasjonsutstyr;installation, trade/retail;;
977283124;LYSMESTEREN HAUGESUND AS;5;;Salg, installasjon og service av lyskilder.;generic;lyskilder;installation;;
975360296;LYSPUNKTET AS;11;;Salg av varer og tjenester innen elektro.;generic;varer;;;
916491840;LYST ELEKTRO AS;5;;Elektriske installasjoner, sterk strøm, samt hva som naturlig følger herunder.;specific;følger sterk strøm;installation;;
995971135;LYSTEKNIKK ELEKTROENTREPRENØR AS;163;;Elektrisk installasjon og servise knyttet til dette. Handel med elekrtiske artikler samt konsulenttjenester.;specific;artikler elekrtiske knyttet servise;installation, trade/retail;;
919780142;LØFLO INSTALLASJON AS;8;;Elektroinstallatør.;generic;elektroinstallatør;;;
887515492;LØVLIE AS;20;;Elektrisk installatør med dertil hørende salg.;specific;dertil hørende installatør;;;
989145444;LÅS & SIKRING AS;12;www.laasogsikring.no;Salg og installasjon av lås og sikkerhetssystemer.;generic;lås sikkerhetssystemer;installation, security/telecom;;
998540860;M CARLSEN & SØNN AS;25;mcarlsen.no;El installasjon.;boilerplate;;installation;;
994231146;M. CARLSEN & SØNN JEVNAKER AS;21;;Prosjektering av elektriske anlegg. Bygging og vedlikehold av elektriske anlegg, samt tele og datanettverk. Selskapet skal kunne delta i andre selskaper, samt eie og drive fast eiendom.;specific;bygging datanettverk delta eie fast kunne prosjektering selskaper tele;security/telecom;;
915518214;M.STENSRUD AS;6;;El-installasjoner, godstransport på veg, snøbrøyting og utleie.;specific;el-installasjoner godstransport snøbrøyting veg;installation;;
925148504;M4 ELEKTRO AS;9;;Utføre elektroinstallasjoner for offentlige-, nærings- og privatkunder. Oppdragstypene er service og vedlikehold samt nybygg.;specific;nybygg nærings- offentlige- oppdragstypene privatkunder utføre;installation;;
989146025;MADLAND ELEKTRO AS;12;;"Industri/næringsvirksomhet/privatmarked; elektrisk installasjonsvirksomhet, herunder salg av elektrisk utstyr tilknyttet dette. Eiendomsinvesteringer; oppføring av bygg, kjøp og salg av eiendommer. Kjøp og salg av aksjer og verdipapirer i norske og utelandske selskaper. Konsulentvirksomhet; rådgivning ifm. elektriske anlegg herunder automasjonssystemer. Kursvirksomhet tilknyttet dette.";specific;automasjonssystemer bygg eiendo eiendomsinvesteringer ifm industri installasjonsvirksomhet kursvirksomhet norske næringsvirksomhet oppføring privatmarked selskaper utelandske utstyr verdipapirer;installation, automation/industrial, trade/retail;;
997391063;MADSEN ELEKTRO AS;19;;Elektroentreprenør gruppe L.;generic;gruppe;;;
992383801;MARBRE ELEKTRO AS;9;;Elektroinstallasjon.;boilerplate;;installation;;
927716836;MARITIM ELEKTROSERVICE AS;9;;Elektroinstallasjoner, elektronikk, automatikk og tilgrensende områder med hovedfokus på maritim og oppdrett. Selskapet kan også engasjere seg i øvrig virksomhet, der hvor dette anses å kunne styrke kjernevirksomheten.;specific;anses automatikk der elektronikk engasjere hovedfokus kjernevirksomheten kunne maritim områder oppdrett seg styrke tilgrensende øvrig;installation;;
919508833;MARITIME ENERGY SERVICE AS;31;;Prosjektering og utførelse av elektroinstallasjoner, hovedsakelig innenfor maritime miljøer.;specific;maritime miljøer prosjektering utførelse;installation;;
921210108;MARKAN EL AS;11;www.markanel.no;Elektroinstallasjoner i boliger og næringsbygg og annet som naturlig faller sammen med dette.;specific;boliger faller næringsbygg;installation;;
921618832;MARKER EL-INSTALLASJON AS;13;;Elektriske installasjonsarbeider og salg av elektrisk utstyr.;generic;installasjonsarbeider utstyr;installation, trade/retail;;
990341354;MARTIN PRESTEGÅRD AS;42;;Drive elektronisk installasjon og handel innen samme bransje, samt hva som for øvrig står i naturlig forbindelse hermed. Selskapet har anledning til å delta og samarbeide i og med andre selskaper.;specific;anledning bransje delta elektronisk har samarbeide selskaper øvrig;installation, trade/retail;;
917474117;MARTOM AS;5;;Utøvelse av elektroentreprenørvirksomhet. Import og salg. Samt hva herunder står i forbindelse med, herunder å delta i selskaper med lignende virksomhet.;specific;delta elektroentreprenørvirksomhet selskaper utøvelse;;;
927217899;MATCH ENTREPRENØR AS;47;;Entreprenørskap innen disse områdene, samt utleie av arbeidskraft.;specific;arbeidskraft disse entreprenørskap områdene;;;
931334980;MATHISEN ELEKTRO AS;17;;Handel, installasjonsvirksomhet og verkstedvirksomhet.;generic;installasjonsvirksomhet verkstedvirksomhet;installation, trade/retail;;
923238425;MB ELEKTRO AS;8;;Selge tjenester og varer innen elektrisk installasjonsvirksomhet og hva dermed står i forbindelse, samt installasjon, kjøp og salg av elektrisk utstyr og materiell. Og annet som naturlig sammenfaller med dette - samt deltakelse i andre selskaper, investeringer og nærliggende virksomhet. Bemanning;specific;bemanning deltakelse enfaller installasjonsvirksomhet materiell nærliggende selskaper utstyr varer;installation, trade/retail;;
991873392;MELEKTRO KLAVESTAD INSTALLASJON AS;11;minel.no;Elektrisk installasjonsarbeid.;boilerplate;;installation;;
930015962;MELHUS ELEKTRO AS;8;;Elektrikertjenester.;generic;elektrikertjenester;;;
919652624;MELLATRONIKK AS;19;;Tele-, radio- og fiberinstallasjoner, maritime installasjoner og utvikling av elektroniske produkter for kunder.;specific;elektroniske fiberinstallasjoner maritime radio- tele-;installation, security/telecom;;
884538742;MELSTED ELEKTRO AS;5;;Elektrisk installasjonsarbeid.;boilerplate;;installation;;
923930892;MELTEK AS;6;;Elektroarbeider innenfor lavspent. Forvaltning av eiendom.;specific;elektroarbeider forvaltning lavspent;;;
980233510;MELØY ELEKTRO AS;21;;Forretningsvirksomhet innenfor området elektro og tekniske entrepriser.;specific;entrepriser forretningsvirksomhet området tekniske;;;
985853673;MEMO ELEKTRO AS;50;;Omsetning av tjenester og varer innen elektrobransjen. Samarbeide med og deltakelse i andre selskaper innen samme bransje.;specific;bransje deltakelse elektrobransjen omsetning samarbeide selskaper varer;;;
998191246;MEMO ELSERVICE AS;9;www.memoelservice.no;Elektroinstallasjon, virksomhet direkte i tilknytning til dette samt deltakelse i andre selskaper.;specific;deltakelse direkte selskaper;installation;;
917886172;MERELEKTRO AS;41;;Markedsføring, installasjon, service og vedlikehold av elektroanlegg, samt det som naturlig står i forbindelse med dette, herunder å delta i andre selskaper med lignende virksomhet, kjøp og salg av aksjer.;generic;elektroanlegg;installation;;
914266920;MESSEHALLEN ELEKTRISKE AS;22;www.messehallen.no;Installasjonsvirksomhet og salg av elektrikse artikler m v samt overtagelse av aksjer i andre selskaper.;specific;artikler elektrikse installasjonsvirksomhet overtagelse selskaper;installation;;
987027568;MG ELEKTRO AS;31;;Elektro innstallasjon, handel og tjenester innenfor elektro.;generic;innstallasjon;trade/retail;;
957919766;MIDSUND ELEKTRO AS;10;www.midsundelektro.no;Elektroinstallasjon og hva som står i forbindelse med det.;boilerplate;;installation;;
990727465;MIDT ELEKTRO AS;17;;Elektrisk instalasjonsarbeid og virksomhet forbundet med dette.;generic;forbundet instalasjonsarbeid;;;
920502601;MIDT TELEMARK ELEKTRO AS;11;;Drift og vedlikehold av andres elektriske anlegg, konsulenttjenester innen elektro og bemanning.;generic;andres bemanning;;;
897845202;MIDTNORSK BRANNSIKRING AS;7;;Montering, salg, kontroll, service av brannslokningssystemer, montasje og vedlikehold, også innenfor elektroniske løsninger.;specific;brannslokningssystemer elektroniske kontroll montasje montering;;;
851450912;MIFO AS;82;;Å drive installasjonsforretning samt alt som står i forbindelse med dette, herunder deltakelse i andre selskaper med lignende virksomhet.;generic;installasjonsforretning;installation;;
979961820;MIFO HUSTADVIKA AS;7;;Elektroinstallasjon og handel med elektromateriell.;generic;elektromateriell;installation, trade/retail;;
987206640;MIFO MIDSUND AS;9;;Elektroentreprenør.;boilerplate;;;;
968808524;MIFO RAUMA AS;10;;Installasjonsvirksomhet og alt som står i forbindelse med dette, herunder deltakelse i andre selskaper med tilgrensede formål.;generic;installasjonsvirksomhet tilgrensede;installation;;
927062283;MIKALSEN INSTALLASJON AS;11;www.mikalseninst.no;Å drive med elektroinstallasjon og alt som naturlig hører inn under dette. Selskapet kan delta i andre selskaper.;specific;delta inn selskaper;installation;;
960850661;MILJØ ELEKTRO AS;37;;Elektroinstallasjon samt hva hermed står i for- bindelse, herunder delta i andre selskaper med lignende virksomhet.;specific;bindelse delta for- selskaper;installation;;
992514914;MINEL AINSTALL AS;8;minel.no;Elektrisk installasjonsarbeid;boilerplate;;installation;;
979977123;MINEL AS;7;minel.no;;missing;;;;
980433994;MINEL DRØBAK ELEKTRISKE AS;25;;Elektrisk installasjonsarbeid.;boilerplate;;installation;;
990239673;MINEL ELMONTASJE AS;38;minel.no;Elektroinstallasjon, handel.;boilerplate;;installation, trade/retail;;
980349683;MINEL ELMONTASJE ELVERUM AS;40;minel.no;Elektrisk installasjonsarbeid.;boilerplate;;installation;;
986354026;MINEL GJØVIK AS;49;minel.no;Elektrisk installasjonsarbeid.;boilerplate;;installation;;
887486972;MINEL GUDBRANDSDAL AS;46;minel.no;Elektrisk installasjonsarbeid.;boilerplate;;installation;;
994853694;MINEL KREATIV ELEKTRO SKI AS;37;minel.no;Kjøp, salg og tjenester innen elektrisk installasjon.;boilerplate;;installation;;
944701613;MINEL LAND ELEKTRISKE AS;46;minel.no;Elektrisk installasjonsarbeid.;boilerplate;;installation;;
930358789;MINEL SKOGVANG INSTALLASJON AS;34;minel.no;Elektrisk installasjonsarbeid.;boilerplate;;installation;;
920161103;MIRAS ELEKTRO AS;19;;Elektroinstallasjon;boilerplate;;installation;;
926454412;MIØSEN ELEKTRO AS;5;;Elektrisk installasjon og annet som naturlig sammenfaller med dette.;generic;enfaller;installation;;
932943239;MK ELEKTRO AS;6;;Elektrikertjenester.;generic;elektrikertjenester;;;
923660194;MODAHL ELEKTRISKE AS;10;;Elektrisk installasjon og konsulentvirksomhet innen elektrisk installasjon.;boilerplate;;installation;;
923156631;MOER INSTALLASJON AS;28;www.moer.no;Elektrisk virksomhet, produksjon, handel og hva dermed står i forbindelse.;boilerplate;;trade/retail;;
935399114;MOER SANDEFJORD AS;11;www.moer.no;Elektrisk installasjoner, salg av elektrisk materiell og utstyr og hva dermed står i for- bindelse, herunder deltagelse i lignende foretagende.;specific;bindelse deltagelse for- foretagende materiell utstyr;installation, trade/retail;;
979679645;MOI ELEKTRO AS;9;;Elektrisk installasjon, salg av elektriske artikler og annet som står i naturlig forbindelse med dette, herunder deltakelse i andre selskaper med liknende virksomhet.;generic;artikler liknende;installation, trade/retail;;
820197232;MONITEK AS;7;monitek.no;Installasjon og service innen svakstrøm, telekom, datautstyr og programvare. Samt salg av utstyr og konsulenttjenester knyttet til dette.;specific;datautstyr knyttet programvare svakstrøm telekom utstyr;installation, security/telecom;;
914392489;MONSEN ELEKTRO AS;36;;Elektrisk forretning med innstallasjonsvirksomhet og handel.;generic;forretning innstallasjonsvirksomhet;trade/retail;;
990897255;MONTERINGSSERVICE AS;7;;Installasjon av svakstrømtekniske løsninger som konferanse, digital signage, overvåking, parabol/antenne og salg av tilhørende utstyr. Butikkhandel med audio- og videoutstyr.;specific;antenne audio- butikkhandel digital konferanse overvåking parabol signage svakstrømtekniske tilhørende utstyr videoutstyr;installation, security/telecom, trade/retail;;
980398145;MORATEL ELEKTRO AS;5;WWW.moratel.no;Virksomhet i forbindelse med alt av elektrisk installasjoner, kjøp og salg av installasjonsutstyr og hva dermed står i forbindelse.;generic;installasjonsutstyr;installation;;
943267596;MOSS ELEKTRO AS;80;;Elektro-entreprentørvirksomhet, industriautomasjon og servicevirksomhet, samt det som står i forbind- else med dette- herunder å delta i andre selskaper med lignende formål.;specific;dette- elektro-entreprentørvirksomhet else forbind- industriautomasjon servicevirksomhet;automation/industrial;;
912162281;MOSS ELEKTROINSTALLASJON AS;5;;Salg av elektrisk installasjonsarbeid samt det som naturlig står i forbindelse med dette.;boilerplate;;installation, trade/retail;;
990904715;MOSTER ELEKTRO AS;21;www.mosterelektro.no;Elektriske installasjonarbeider: Ingeniørtjenester og konsulentvirksomhet innen elektro (lavspenningsinstallasjoner). Kjøp og salg av varer/materiell og elektroinstallatør tjenester.;specific;elektroinstallatør ingeniørtjenester installasjonarbeider lavspenningsinstallasjoner materiell varer;installation;;
937062362;MSL LABOUR AS;12;;Installering av alarm- og sikkerhetssystemer, samt naturlig tilhørende virksomhet.;specific;alarm- installering sikkerhetssystemer tilhørende;security/telecom;;
932603691;MULL-ELEKTRO AS;10;;Elektrisk installasjonsarbeid. Kjøp og salg av varer og tjenester innenfor elektroinstallasjon.;generic;varer;installation;;
933581527;MULTI ELEKTRO AS;5;;Elektrikertjenester.;generic;elektrikertjenester;;;
925224960;MURIBØ AS;15;;Elektrisk installasjonsarbeid, bygningsenterprise og alt som hører naturlig til dette.;generic;bygningsenterprise;installation;;
933922448;MV ELEKTROTAVLER AS;6;;Elektrisk installasjonsmateriell - produksjon.;generic;installasjonsmateriell;installation;;
980386562;MYDLANDS ELEKTRISKE AS;6;;Elektrisk installasjonsarbeid. Handel med elektrisk materiell og utstyr.;generic;materiell utstyr;installation, trade/retail;;
918381112;MYHRE EL AS;19;;Elektriske installasjoner samt hva hermed står i forbindelse, herunder å delta i andre prosjekter og selskaper med lignende virksomhet, eller annen virksomhet med økonomisk formål.;specific;delta selskaper økonomisk;installation;;
860648342;MYHRE ELEKTRO AS;21;www.myhre-elektro.no;Elektroinstallatørvirksomhet og salg av elektriske artikler, samt alt i forbindelse hermed, herunder å delta i andre selskaper med lignende virksomhet.;generic;artikler elektroinstallatørvirksomhet;trade/retail;;
992657588;MYKJÅLAND OG LINDAL ELEKTRISKE AS;11;www.ml-elektriske.no;Installasjonsvirksomhet, samt delta i annen virksomhet med samme formål. Kjøp, salg og utleie av fast eiendom.;specific;delta fast installasjonsvirksomhet;installation;;
935451426;MYRE ELEKTRO TEKNIKK AS;19;;Handel, installasjonsvisksomhet og hva hermed står i forbindelse, herunder også å delta i andre sel- skaper med lignende virksomhet.;specific;delta installasjonsvisksomhet sel- skaper;installation, trade/retail;;
916047185;MYSEN ISOLASJONSSERVICE AS;5;;Alt innen byggevirksomhet, el-, ventilasjon og isolasjonsarbeider og alt som naturlig følger av dette.;specific;byggevirksomhet el- følger isolasjonsarbeider ventilasjon;;;
985160775;MØLSTER INSTALLASJON AS;16;;Elektrisk installasjon samt anna som har naturleg tilknytning til dette.;specific;anna har naturleg;installation;;
991965742;MØRE ELEKTROSERVICE AS;11;www.moreelektroservice.no;Å drive installasjon og service av skips og industri elektro, samt salg av varer og tjenester i tilknytning av dette.;specific;industri skips varer;installation, automation/industrial;;
994510789;NAMDAL ELEKTRO AS;12;;Salg av elektroinstallasjonstjenester, salg av varer og rekvisita knyttet til elektroinstallasjoner.;specific;elektroinstallasjonstjenester knyttet rekvisita varer;installation;;
983080499;NANSEN ELEKTRO AS;8;www.nansenelektro.no/;Elektrisk installasjon og service.;boilerplate;;installation;;
920408133;NARVIK EL AS;21;;Utføre elektrisk arbeid.;generic;arbeid utføre;;;
981911776;NAUTIK ELEKTRONIKK AS;6;;Salg og service innenfor elektronikk-bransjen og maritimt utstyr, samt hva hermed står i forbindelse.;specific;elektronikk-bransjen maritimt utstyr;;;
923160388;NBN FLORØ AS;43;www.nbnelektro.no;Drive elektrisk installasjons- og servicevirksom- het for industri, bygg og anlegg.;specific;bygg het industri installasjons- servicevirksom-;installation, automation/industrial;;
916522800;NBN NAUSTDAL AS;5;;Elektroinstallasjoner i boliger og næringsbygg;generic;boliger næringsbygg;installation;;
956889057;NEAS ELEKTRO AS;78;;Produksjon og omsetning av elektrisk utstyr med tilbehør, installasjonsvirksomhet, og hva dermed står i forbindelse, samt på annen måte å gjøre seg interessert i forretningsvirksomhet.;specific;forretningsvirksomhet gjøre installasjonsvirksomhet interessert måte omsetning seg tilbehør utstyr;installation;;
979394179;NEDIG AS;92;;Konsulenttjenester innen elektrobransjen. Prosjektering, tegning, konstruksjon vedr. bygg, skip og offshore.;specific;bygg elektrobransjen konstruksjon offshore prosjektering skip tegning vedr;;;
926641743;NESBERGET AS;18;;Prosjektering og utføring av el anlegg og energiberegninger samt import og salg av datamaskiner og AV-utstyr. Videre skal selskapet kjøpe og selge, samt eie og drifte fast eiendom og delta i andre selskaper, kjøpe og selge verdipapirer og hva som naturlig står i forbindelse med dette.;specific;av-utstyr datamaskiner delta eie energiberegninger fast kjøpe prosjektering selskaper utføring verdipapirer videre;solar/energy;;
974478285;NETCO AS;55;;Utvikling, produksjon og montering av strukturerte kablingssystemer samt den forretningsvirksomhet som naturlig hører til dertil. Selskapet kan også delta med eierinteresser i beslektede selskaper.;specific;beslektede delta dertil eierinteresser forretningsvirksomhet kablingssystemer montering selskaper strukturerte;;;
912070352;NETCONNECT NORGE AS;21;Netconas.no;Montering, installasjon og reparasjon av bredbånd, kabel-tv og telefoni. Konsulent innen telecom. Deltagelse i andre selskaper, samt hva herved står i forbindelse.;specific;bredbånd deltagelse kabel-tv montering reparasjon selskaper telecom telefoni;installation, security/telecom;;
935129737;NETLINQ AS;9;;Elektrikertjenester.;generic;elektrikertjenester;;;
933499057;NEVY ELEKTRO;7;;Elektrikertjenester.;generic;elektrikertjenester;;;
997332814;NEWCONNECTION AS;31;;Elektrisk installasjonsarbeid.;boilerplate;;installation;;
933328481;NIKOLAISEN ELEKTRO AS;6;;Elektrikertjenester.;generic;elektrikertjenester;;;
931687336;NILS KLOSTER AS;26;;Handel samt annet som som naturlig står i for- bindelse hermed, herunder gjennom aksjetegning eller på annen måte å gjøre seg interessert i andre selskap eller foretakende.;specific;aksjetegning bindelse for- foretakende gjennom gjøre interessert måte seg;trade/retail;;
956338948;NILSEN ELEKTRO AS;26;;Forestå elektroinstallasjoner av enhver art samt påta seg reparasjon og service av slike, såvel som å drive handel og agenturvirksomhet og annen virk- somhet som herved står i forbindelse, herunder å delta i andre selskaper.;specific;agenturvirksomhet art enhver forestå påta reparasjon seg slike somhet såvel virk-;installation, trade/retail;;
999628478;NILSEN ELEKTRO INSTALLASJON AS;14;;Salg av elektrikertjenester og hva som naturlig hører inn under dette.;generic;elektrikertjenester inn;;;
913951069;NIMLAS NORWAY AS;25;;Kjøpe, eie, drifte og utvikle selskaper innen elektrobransjen i en konsernmodell, investere i andre selskaper med formål å ivareta den enkelte aksjonærs investeringer og ellers aktiviteter som faller naturlig inn under dette.;specific;aksjonærs aktiviteter eie elektrobransjen ellers enkelte faller inn investere ivareta kjøpe konsernmodell selskaper;;;
989042335;NLI ELEKTROSYSTEMER AS;121;;Industri- og handelsvirksomhet, herunder elektro og automasjonsentreprenør og hva dermed står i forbindelse, samt å delta som aksjonær eller på annen måte i andre selskap med økonomisk formål.;specific;aksjonær automasjonsentreprenør delta handelsvirksomhet industri- måte økonomisk;automation/industrial;;
993482676;NOME ELEKTRO AS;5;www.nome-elektro.no/;Salg og installasjon innen elektro, tele og data, samt annen virksomhet i tilknytning til dette.;generic;data tele;installation, security/telecom;;
968958356;NOPEK ELEKTRO AS;28;;Installasjon av elektrisk utstyr, handel og salg av tjenester og deltakelse i andre selskaper.;specific;deltakelse selskaper utstyr;installation, trade/retail;;
916607113;NOR ELEKTRO AUTOMASJON AS;34;www.nor-ea.no;Kjøp og salg samt utførende innen elektro og automasjonstjenester og annet hva dermed står i forbindelse.;generic;automasjonstjenester utførende;automation/industrial;;
990574855;NOR-EL AS;38;nor-el.no;El.installasjoner, tekniske installasjoner i bygg og salg av tilhørende materiell og utstyr samt rådgivning.;specific;bygg materiell tekniske tilhørende utstyr;installation;;
936792626;NORD-ØSTERDAL ELEKTROSERVICE AS;19;www.noes.no;Elektrisk installasjon, samt hva hermed står i forbindelse, herunder salg av apparater, lys- og varmeutstyr.;specific;apparater lys- varmeutstyr;installation;;
931561537;NORDENGEN AS;38;;Å drive elektrisk installasjon og handel i denne forbindelse.;generic;denne;installation, trade/retail;;
924861533;NORDFJORD ELCOM AS;6;www.nelcom.no;Elektrisk installasjonsarbeid.;boilerplate;;installation;;
947335219;NORDHORDLAND ELEKTRO AS;16;;Elektroinstallasjon, kjøp og salg av elektriske artikler/utstyr eller annen handelsvirksomhet/ produksjon i tilknytning til elektrobransjen samt deltagelse i andre selskaper.;specific;artikler deltagelse elektrobransjen handelsvirksomhet selskaper utstyr;installation, trade/retail;;
935588367;NORDISK ELEKTRO AS;6;;Elektrikertjenester.;generic;elektrikertjenester;;;
926725777;NORDLAND LÅS & SIKKERHET AS;14;www.nls.no;Salg av varer og tjenester knyttet til låser og sikkerhet knyttet hovedsakelig til bygg. Salget foregår fra to utsalgssted, Mo i Rana og Bodø.;specific;bodø bygg foregår knyttet låser rana salget sikkerhet utsalgssted varer;security/telecom;;
990661693;NORDLYS ELEKTRO AS;26;;Elektrisk installasjon i bolig og industrivirksomhet.;generic;bolig industrivirksomhet;installation, automation/industrial;;
928349993;NORDRE AKER ELEKTRISKE AS;8;;Prosjektering, rådgivning, utførelse, endring eller vedlikehold av elektriske anlegg og ekomnett. Virksomheten foretar også salg av elektrisk og mekanisk utstyr. Virksomheten kan også utøve investering i eiendom og verdipapirer.;specific;ekomnett endring foretar mekanisk prosjektering utførelse utstyr utøve verdipapirer;trade/retail;;
931752014;NORDRE FOLLO ELEKTRISKE AS;7;;Være elektroinstallatør og drive salg av produkter/tjenester som naturlig hører sammen med dette.;generic;elektroinstallatør være;;;
994268457;NORDRUM ELEKTRO A/S;8;;Elektrisk montasje og instalasjoner i bygg og anlegg, samt salg av tilknyttende varer og tjenester.;specific;bygg instalasjoner montasje tilknyttende varer;;;
830081232;NORDTEL AS;5;;Installasjon og vedlikehold av fiber samt alt som faller herunder.;generic;faller fiber;installation, security/telecom;;
936505589;NORDVEST SIKKERHET AS;7;;Næringskoden er 43.120 Elektrisk installasjonsarbeid.;generic;næringskoden;installation;;
994952676;NOREL AS;6;;Brede håndverkstjenester: elektriske installasjoner og vedlikehold.;generic;brede håndverkstjenester;installation;;
947630261;NORELCO AS ELEKTRO ENTREPRENØR;17;www.norelco.no;Entreprenørvirksomhet innenfor elektrisk installasjon, omsetning av elektrisk materiell og apparater samt deltagelse i andre virksomheter og selskaper.;specific;apparater deltagelse entreprenørvirksomhet materiell omsetning selskaper;installation;;
985690960;NORELCO ELEKTRO AS;41;www.norelcoas.no;Installasjon, service og handel i tilknytning til elektro og telecom.;generic;telecom;installation, security/telecom, trade/retail;;
987767855;NORGES ELEKTRO AS;20;www.norgeselektro.no;Prosjektere og utføre elektroinstallasjoner, elektrisk installasjonsarbeid, samt drivbe handel. Videre vil selskapet foreta strategiske investeringer i andre selskaper og investeringsobjekter.;specific;drivbe foreta investeringsobjekter prosjektere selskaper strategiske utføre videre;installation, trade/retail;;
981187474;NORHEIMSUND ELEKTRO AS;14;;Elektroinstalleringsarbeid og salg av elektriske artikler, samt alt annet som har naturlig sammenheng med dette, herunder deltakelse i andre selskaper med lignende virksomhet.;specific;artikler elektroinstalleringsarbeid enheng har;trade/retail;;
923605320;NORITECH AS;18;;Installasjon av elektroniske kommunikasjonsmidler, reparasjon av lavstrømsprodukter.;specific;elektroniske lavstrømsprodukter reparasjon unikasjonsmidler;installation;;
979746628;NORMATIC AS;83;;Entreprenør innen elektro, automatisering og driftskontroll.;generic;automatisering driftskontroll;automation/industrial;;
920595359;NORSK BRANNVERN AS;47;;Salg av brannteknisk utstyr, brannsikring av nærings- og boligeiendommer, samt arrangere kurs i brannsikkerhet og brannforebyggende tiltak for privatpersoner, bedrifter og boligsameier.;specific;arrangere boligeiendo boligsameier brannforebyggende brannsikkerhet brannsikring brannteknisk kurs nærings- privatpersoner tiltak utstyr;;;
956109426;NORSK EL-ENTREPRENØR AS;13;;Elektrisk installasjonsvirksomhet, handel, samt hva dermed står i forbindelse. Selskapet kan også delta i annen virksomhet ved aksjetegning eller på annen måte.;specific;aksjetegning delta installasjonsvirksomhet måte;installation, trade/retail;;
935716705;NORSK ENERGIMONTASJE AS;6;;Elektrikertjenester.;generic;elektrikertjenester;;;
988434973;NORSK FIBEROPTIKK DRAMMEN AS;18;;Salg og installasjon av tele- og datakommunikasjon;specific;datako tele- unikasjon;installation, security/telecom;;
997362470;NORSK OMRÅDESIKRING AS;36;;Salg, montering og service av alarmer og tv overvåkningsutstyr, samt annet sikkerhetsrelatert utstyr og det som da naturlig faller inn under dette. I tillegg til deltakelse i andre selskaper.;specific;alarmer deltakelse faller inn montering overvåkningsutstyr selskaper sikkerhetsrelatert tillegg utstyr;security/telecom;;
922528837;NORSK SOL AS;11;www.norsksol.no;Import, salg og installasjon av solcelleanlegg.;generic;solcelleanlegg;installation, solar/energy;;
932041529;NORSK SOLKRAFT AS;9;norsksolkraft.no;Elektrisk installasjonsarbeid.;boilerplate;;installation;;
977076153;NORTEK ELEKTRO AS;20;www.nortek-elektro.no;Elektroentreprenør.;boilerplate;;;;
815144902;NORTH INSTALLASJON AS;52;www.northinstallasjon.no;Utførelse av elektriske installasjoner innenfor alle områder som faller inn under elektrofaget, herunder entrepriser, serviceoppdrag, konsulenttjenester, samt virksomhet som står i naturlig sammenheng med dette. Selskapet kan også eie aksjer eller andeler i andre selskaper.;specific;eie elektrofaget enheng entrepriser faller inn områder selskaper serviceoppdrag utførelse;installation;;
933004511;NOS ELEKTRO AS;29;;Elektrikertjenester.;generic;elektrikertjenester;;;
989957910;NOVA ELEKTRO AS;7;;Elektrovirksomhet, samt å investere i fast eiendom og utvikle fast eiendom samt hva hermed står i forbindelse, herunder å delta i andre selskaper med lignende virksomhet.;specific;elektrovirksomhet fast investere;;;
929475003;NOVI SECURITY SYSTEMS AS;9;;Salg, installasjon og service av elektroniske sikkerhetssystemer som alarm, adgangskontroll, kameraovervåkning og andre svakstrømsprodukter.;specific;adgangskontroll alarm elektroniske kameraovervåkning sikkerhetssystemer svakstrømsprodukter;installation, security/telecom;;
930425370;NUMEDAL INSTALLASJON AS;19;;Elektrisk installasjonsvirksomhet, samt hva hermed står i forbindelse, herunder også handel med elektriske artikler m.v.;generic;artikler installasjonsvirksomhet;installation, trade/retail;;
986673768;NYMOE ELEKTRO AS;9;;Salg og service av elektrisk anlegg og materiell.;generic;materiell;;;
957724787;NYVOLD INSTALLASJON AS;41;;Elektrisk installasjonsarbeid, reparasjon og salg av elektrisk materiell.;generic;materiell reparasjon;installation, trade/retail;;
984799063;NÆRBØ RØR OG ELEKTRO AS;75;;Rørlegging og elektroinstallasjoner.;generic;rørlegging;installation;;
959743754;NÆSS INSTALLASJON AS;7;;Vedlikehold og installasjon av elektriske anlegg, salg, samt deltagelse i andre virksomheter og hva som hermed står i forbindelse.;generic;deltagelse;installation;;
982822742;NØTTERØY ELEKTRISKE AS;21;;Elektrisk installasjon med dertil hørende handel.;generic;dertil hørende;installation, trade/retail;;
965089594;O SOLBERG THOMSEN EFTF AUTORISERT INSTALLATØR AS;18;;Elektrisk installasjonsvirksomhet, herunder kjøp og salg og hva dermed står i forbindelse.;generic;installasjonsvirksomhet;installation;;
998541298;O. STABELL ELEKTRISKE AS;14;;Elektrisk installasjonsarbeid samt kjøp og salg av aksjer og investering i andre selskap.;boilerplate;;installation;;
931515829;O.Løkken A/S;20;;Drive elektrisk installasjonsvirksomhet og handel.;generic;installasjonsvirksomhet;installation, trade/retail;;
992874201;OBOS NETT AS;30;www.opennet.no;Utbygging av fiberoptiske bredbåndsnett og tilsvarende beslektet virksomhet.;specific;beslektet bredbåndsnett fiberoptiske utbygging;;;
931246844;ODAL ELEKTRO AS;16;;Elektrikertjenester.;generic;elektrikertjenester;;;
976018192;ODD HAGERUD AS;23;;Elektrisk installatør.;generic;installatør;;;
925545244;ODDE ELEKTRONETT AS;5;;Svakstrømsarbeid, nettverks- og fiberarbeid samt annet som naturlig faller sammen med dette.;specific;faller fiberarbeid nettverks- svakstrømsarbeid;security/telecom;;
975891895;ODDVAR THOEN AS;7;;Elektroinstallasjon.;boilerplate;;installation;;
922957398;ODIN BRANNTEKNIKK AS;12;www.odinbrannteknikk.no;Salg, service og installasjon av brannslokkeutstyr, eget verksted. Salg, service og installasjon av brannalarmanlegg. Salg, service og installasjon av ledesystemer. Utførelse av brannvernledelse med nettbasert dokumentasjon.;specific;brannalarmanlegg brannslokkeutstyr brannvernledelse dokumentasjon eget ledesystemer nettbasert utførelse verksted;installation;;
914966086;ODIN ELEKTRO AS;6;;Elektroinstallasjon.;boilerplate;;installation;;
932726114;OFFSHORE MARINE TECHNOLOGY AS;39;;Elektrikertjenester.;generic;elektrikertjenester;;;
943936889;OGNA INSTALLASJON AS;16;www.ognainstallasjon.no;Drive installasjon, produksjon og handel samt hva hermed står i forbindelse, herunder å delta i andre selskap med lignende virksomhet.;generic;delta;installation, trade/retail;;
912385787;OLAF HANSENS EFTF AS;17;;Handel og elektrisk installasjon.;boilerplate;;installation, trade/retail;;
956428920;OMEGA INSTALLASJON AS;7;;Elektrisk installasjonsvirksomhet samt handel og tjenesteyting innen dette og tilgrensende områder.;specific;installasjonsvirksomhet områder tilgrensende;installation, trade/retail;;
998438756;ON ENERGI AS;86;www.onenergi.no;Leveranse av elektriske instalasjonstjenester og energirelaterte entrepenørtjenester til private, bedrifter, kraftsektoren og annen industri i Norge. Virksomheten kan også drives i samarbeid med, eller ved deltakelse i andre foretak med tilsvarende eller lignende formål. Selskapet skal drives på forretningsmessig basis med vekt på langsiktig verdiskapning.;specific;basis deltakelse drives energirelaterte entrepenørtjenester foretak forretningsmessig industri instalasjonstjenester kraftsektoren langsiktig samarbeid vekt verdiskapning;solar/energy, automation/industrial;;
920259448;ONAR ELEKTRO OG RØR AS;5;;Elektro- og rørleggerverksemd.;generic;elektro- rørleggerverksemd;;;
996872017;ONECO AS;13;;Holdingselskap. Eie og utvikle selskaper, herunder å kjøpe og selge aksjer og andeler i andre selskaper.;specific;eie holdingselskap kjøpe selskaper;;;
996669173;ONECO ELEKTRO AS;624;;Eierskap i selskaper med virksomhet innen elektrisk installasjonsarbeid.;generic;eierskap selskaper;installation;;
997768337;ONECO INFRA AS;156;www.oneco.no;Totalleveranser av elektriske anlegg for bygg, samferdsel, anlegg, offshore, skip og industri, og aktiviteter som naturlig faller inn under dette.;specific;aktiviteter bygg faller industri inn offshore samferdsel skip totalleveranser;automation/industrial;;
926116584;ONECO KOMPETANSESENTER AS;17;;Hovedkontortjenester.;generic;hovedkontortjenester;;;
987210001;ONECO NETWORKS AS;577;www.relacom.no;Selskapets virksomhet skal omfatte handel, investering i fast eiendom og verdipapirer samt annen virksomhet i tilknytning til dette, herunder deltagelse i andre selskaper med tilsvarende virksomhet gjennom egenkapital, lån eller ved avgivelse av garantier.;specific;avgivelse egenkapital fast garantier gjennom lån omfatte verdipapirer;trade/retail;;
920322433;OPCOM AS;62;;Telemontasje, utleie av personell ol. og annet som naturlig faller sammen med dette.;specific;faller personell telemontasje;security/telecom;;
981112784;OPDAHL OG PETTERSEN ELEKTRO AS;26;;Elektrisk installasjon.;boilerplate;;installation;;
996625109;OPPEGÅRD ELEKTRISKE AS;7;www.oppegardelektriske.no;Elektrikertjenester.;generic;elektrikertjenester;;;
986885358;OPPLAND ELEKTRO AS;73;;Elektroentreprenørvirksomhet og andre tjenester og salg forbundet med dette.;generic;elektroentreprenørvirksomhet forbundet;;;
930550248;OPTIMAL ELEKTRO AS;9;;Næringsvirksomhet innen elektrobransjen.;generic;elektrobransjen næringsvirksomhet;;;
920658318;ORKDAL ELEKTRO AS;5;;Elektrisk installasjonsarbeid samt hva hermed står i forbindelse, herunder å delta i andre selskaper med lignende virksomhet.;boilerplate;;installation;;
929975049;OS ELEKTRO AS;19;;Elektrisk installasjonsvirksomhet.;generic;installasjonsvirksomhet;installation;;
989481614;OSLO & AKERSHUS SVAKSTRØM AS;5;;Drive med installasjon og service av svakstrøm produkter som brann- og innbruddsalarmer, tele- og datanettverk, adgangskontroll og porttelefon, samt virksomhet som naturlig faller under dette.;specific;adgangskontroll brann- datanettverk faller innbruddsalarmer porttelefon svakstrøm tele-;installation, security/telecom;;
995834480;OSLO AKERSHUS ELEKTRO OG KLIMA AS;17;www.oaek.no;Elektrisk installasjonsarbeid og VVS-arbeid.;generic;vvs-arbeid;installation;;
963983549;OSLO ELECTRO COMPANY AS;14;;Drive elektrisk monasjevirksomhet, yte konsulent- tjenester, handel og alt hva dermed står i forbindelse.;specific;konsulent- monasjevirksomhet yte;trade/retail;;
961732778;OSLO ELEKTRISKE AS;34;;Elektroinstallasjoner innen sterk og svaksstrøms- anlegg, samt naturlig tilsluttede arbeider, og deltagelse i andre selskaper med lignende virksomhet.;specific;arbeider deltagelse selskaper sterk svaksstrøms- tilsluttede;installation;;
935656192;Oslo Elektro - Service A/S;7;;Drive elektrisk installasjoner, reparasjoner samt virksomhet forbundet med dette.;generic;forbundet reparasjoner;installation;;
912343359;OSLO VEST ELEKTRO AS;8;;Drive med elektro boliginstallasjon, elektrikerservice med ansatte elektrikere, salg, levering og montering av AV-utstyr primært til innbygging. Selskapet kan delta og inneha eierandeler i andre selskaper med lignende virksomhet.;specific;ansatte av-utstyr boliginstallasjon delta eierandeler elektrikere elektrikerservice innbygging inneha levering montering primært selskaper;;;
931567926;OSLOVIKEN ELEKTRO AS;24;;Elektrisk installasjonsarbeid.;boilerplate;;installation;;
917389861;OSSLETTEN ELEKTRO AS;11;;Elektrikertjenester og andre produkter/tjenester som naturlig hører til dette, herunder å delta i andre selskap med lignende virksomhet, og kjøp og salg av aksjer eller på annen måte gjøre seg interessert i andre foretak. Selskapet kan også drive med kjøp/drift av fast eiendom.;specific;delta elektrikertjenester fast foretak gjøre interessert måte seg;;;
920707211;OTTADALEN ELEKTRO AS;14;www.oelektro.no;Utføre kraft- og teletekniske installasjoner, foruten salg av materiell og annen virksomhet som er forenlig med dette, herunder å gjøre seg interessert som aksjeeier i andre selskaper med samme eller beslektet virksomhet.;specific;aksjeeier beslektet forenlig foruten gjøre interessert kraft- materiell seg selskaper teletekniske utføre;installation, security/telecom;;
820747992;OTTO MOEN INSTALLASJON AS;8;;El-installasjon for bedrifter og private og beslektet virksomhet. Videre omfatter virksomheten kjøp og salg av aksjer og andeler i andre selskaper.;specific;beslektet el-installasjon omfatter videre;installation;;
930016519;PARTNER ELEKTRO AS;16;;Utføre elektriske installasjoner ved bygg og anlegg og alt hva herved står i forbindelse.;generic;bygg utføre;installation;;
927552639;PASCAL AUTOMASJON FOLLO AS;8;;Salg, produksjon og installasjon av byggautomasjon, samt vedlikehold av dette og systemer for varme og ventilasjon.;specific;byggautomasjon systemer varme ventilasjon;installation;;
928791068;PASCAL AUTOMASJON LARVIK AS;17;;Salg, produksjon, byggautomasjon, og vedlikehold av systemer for varme og ventilasjon.;specific;byggautomasjon systemer varme ventilasjon;;;
931697986;PAULSEN ELEKTROTEKNIKK AS;5;;Elektrikertjenester. Ingeniør- og prosjektledertjenester innen byggeprosjekter. Snekkerarbeid, montering av dører, vinduer, kjøkken med mer. Reparasjon av husholdningsvarer og hageredskaper.;specific;byggeprosjekter dører elektrikertjenester hageredskaper husholdningsvarer ingeniør- kjøkken mer montering prosjektledertjenester reparasjon snekkerarbeid vinduer;;;
916299850;PAV NORWAY AS;7;;Elektriske installasjoner, kabelinstallasjoner og lysinstallasjoner i bolig og næringsbygg, og planlegging/prosjektering av alle typer elektroinstallasjoner/tjenester samt hva hermed står i forbindelse.;specific;bolig kabelinstallasjoner lysinstallasjoner næringsbygg planlegging prosjektering;installation;;
995954176;PEC ELEKTRIKER'N AS;15;;Elektrisk installasjon. Handel og investering i andre selskaper.;generic;selskaper;installation, trade/retail;;
990688583;PEC ELEKTRO SANDEFJORD AS;39;;Installasjonsvirksomhet, handel, investeringer i andre selskap og hva dermed står i forbindelse.;generic;installasjonsvirksomhet;installation, trade/retail;;
976027663;PEC ELEKTRO TØNSBERG AS;50;;Installasjonsvirksomhet, handel og hva dermed står i forbindelse.;generic;installasjonsvirksomhet;installation, trade/retail;;
934193466;PER JOHANSEN AS;24;;El-installasjoner med handel.;generic;el-installasjoner;installation, trade/retail;;
834735032;PERSSON ELEKTRO AS;17;;Prosjektering og produksjon av autmasjons- og elektrotavler, drift av autorisert elektrisk installasjonsvirksomhet og handel, samt hva hermed står i forbindelse.;specific;autmasjons- autorisert elektrotavler installasjonsvirksomhet prosjektering;installation, trade/retail;;
932130394;PET INSTALLASJON AS;35;;Drive elektriske installasjoner og omsetning i forbindele med dette, samt gjennom aksje- og andelstegning eller på annen måte delta i andre firmaer.;specific;aksje- andelstegning delta firmaer forbindele gjennom måte omsetning;installation;;
839064152;PETTERSENS EL INSTALLASJON AS;15;;Å eie og leie ut eiendommer, drift av elektrisk installasjonsforretning, kjøp og salg av elektri- ske artikler, og hva hermed står i forbindelse.;specific;artikler eie eiendo elektri- installasjonsforretning leie ske;installation;;
984052243;PG INSTALLASJON AS;11;www.pgi.no;Elektrisk installasjons forretning.;generic;forretning installasjons;installation;;
989103660;PH ENERGI AS;10;;Håndverk og handel innen kulde- og elektrisk installasjon, investering i andre selskaper mv.;specific;håndverk kulde- selskaper;installation, trade/retail;;
931960016;PIM MEKK-ELEKTRO AS;27;pimmekk.no;Elektrikertjenester.;generic;elektrikertjenester;;;
980958779;PK SERVICE AS;16;;Elektroninstallasjon og tilhørende virksomhet.;generic;elektroninstallasjon tilhørende;;;
912113957;PLANKEBYEN ELEKTRISKE AS;11;;Elektroinstallasjon. Elektrisk installasjon i hus, hytte og industri.;specific;hus hytte industri;installation, automation/industrial;;
920399983;PLUGGEN ELEKTRO AS;10;;Elektroinstallasjon.;boilerplate;;installation;;
926799053;PM ELEKTRO AS;8;;Elektrisk installasjonsarbeid;boilerplate;;installation;;
919591374;PMH ELEKTRO AS;12;;Elektrisk installasjonsarbeid, ventilasjonsarbeid, installasjon av industrielle maskiner og det som står i forbindelse med dette.;specific;industrielle maskiner ventilasjonsarbeid;installation, automation/industrial;;
936599400;POLLUX EL INSTALLASJON AS;5;;Elektrikertjenester.;generic;elektrikertjenester;;;
811713112;POWER SOLUTIONS MMO AS;15;www.powersolutions.no;Høyspent- og lavspentarbeid, fiber og telekommunikasjon samt konsulenttjenester og andre produkter/tjenester som naturlig hører sammen med dette.;specific;fiber høyspent- lavspentarbeid teleko unikasjon;security/telecom;;
986976957;PRESTERUD ELEKTRO AS;11;prielektro.no;Elektroentreprenør og annen håndverksvirksomhet.;generic;håndverksvirksomhet;;;
987399120;PRO ELEKTRO AS;10;;Elektrisk installasjon m.m.;boilerplate;;installation;;
916878575;PROCEED AS;7;;Brannsikkerhet, installasjon, service, vedlikehold og årskontroll. Industri Automasjon.;specific;automasjon brannsikkerhet industri årskontroll;installation, automation/industrial;;
983980031;PROEL AS;16;;Elektriske og elektroniske installasjoner, kjøle- og fryseservice og beslektede arbeider, foruten salg av materiell og annen virksomhet som er forenlig med dette, herunder gjøre seg interessert som aksjeeier i andre selskaper med samme eller beslektet virksomhet.;specific;aksjeeier arbeider beslektede beslektet elektroniske forenlig foruten fryseservice gjøre interessert kjøle- materiell seg selskaper;installation;;
912575721;PROFF ELEKTRIKER AS;62;;Formidling av elektrikere, installatører, montører, samt eierskap i andre selskaper.;specific;eierskap elektrikere formidling installatører montører selskaper;;;
996341275;PROFF ELEKTRO AS;25;www.proffelektro.no;Elektroentreprenørvirksomhet, kjøp og salg av elektroprodukter samt hva hermed står i forbindelse, herunder å delta i selskaper med lignende virksomhet.;specific;delta elektroentreprenørvirksomhet elektroprodukter selskaper;;;
999196845;PROVSTRØMSPESIALISTEN AS;19;provstrom.no;Utføre installasjonsarbeid innen elektro, samt alt som står i forbindelse med dette.;generic;utføre;installation;;
920753183;PSV ELEKTRO AS;25;;Elektrotekniske installasjoner, prosjektering, rådgivning og prosjektledelse innen prosjekt, service og vedlikehold.;specific;elektrotekniske prosjektering prosjektledelse;installation;;
986464166;RASJONELL ELEKTRO AS;8;;Installasjon og prosjektering av elektroarbeider.;generic;elektroarbeider prosjektering;installation;;
921625790;RASMUSSEN ELEKTRO AS;22;;Elektroentreprenør, entreprenør og handel.;boilerplate;;trade/retail;;
911950707;RAUFOSS ELEKTRO AS;23;eet.as/raufoss/;Elektrisk installasjonsarbeid.;boilerplate;;installation;;
997985451;RAULAND ELEKTRISKE AS;22;;Elektrisk installasjon og salg av produkter som naturlig faller innunder dette, samt delta i andre selskaper med lignende virksomhet og kjøp og salg av aksjer.;specific;delta faller innunder selskaper;installation;;
979523319;RE ELEKTROINSTALLASJON AS;19;;Elektroinstallasjon.;boilerplate;;installation;;
913732367;RECOVERING AS;6;recovering.no;planlegger og utfører arbeid innenfor fibernett innen telekommunikasjon. Utfører også vedlikehold av mobil-stasjoner. Samt utleie av verktøy og annet.;specific;arbeid fibernett mobil-stasjoner planlegger teleko unikasjon utfører verktøy;security/telecom;;
988399973;REIDAR TØNNESSEN AS;20;;Detaljhandel med belysningsartikler og hvitevarer, samt installasjon av disse.;specific;belysningsartikler detaljhandel disse hvitevarer;installation;;
922867224;REIS ELEKTRO AS;9;;Elektrisk installasjon, samt tele-, data- og alarmanlegg for næringsbygg og boliger.;specific;alarmanlegg boliger data- næringsbygg tele-;installation, security/telecom;;
976098307;REISETER INSTALLASJON AS;21;;Elektrisk innstallasjon. Salg av hvitevarer/småelektrisk.;specific;hvitevarer innstallasjon småelektrisk;;;
929654986;REKYL ELEKTRO AS;12;;Installasjon og salg av elektriske artikler og andre produkter som naturlig faller sammen med dette.;generic;artikler faller;installation, trade/retail;;
917823030;RELATEK ELEKTRO AS;19;;Elektroinstallasjon og salg av elektroutstyr samt hva hermed står i forbindelse, herunder å delta i andre selskaper med lignende virksomhet.;generic;elektroutstyr;installation;;
819884412;REN RØROS EL-SERVICE AS;24;;Driftstjenester, montasje og installasjon, vakt og el-sikkerhet og annen virksomhet som naturlig står i forbindelse med dette. Virksomheten kan også drives ved deltagelse i eller i samarbeid med andre selskaper.;specific;deltagelse driftstjenester drives el-sikkerhet montasje samarbeid selskaper vakt;installation, security/telecom;;
920676898;RENNESØY ELEKTRO AS;8;;Elektroinstallasjon, konsulenttjenester innen elektro og andre tjenester som naturlig hører til dette, herunder å delta i andre selskap med lignende virksomhet. Kjøp og salg av aksjer eller på annen måte gjøre seg interessert i andre foretak. Selskapet kan også drive med kjøp, salg og drift av fast eiendom.;specific;delta fast foretak gjøre interessert måte seg;installation;;
820292642;RETT ELEKTRO AS;101;;Elektrikertjenester, etablering og vedlikehold på andres elektriske anlegg. Bygge og vedlikeholde elektriske anlegg. Salg og levering av elektriske produkter i forbindelse med arbeid som utføres. Prosjektereing av elektriske anlegg i bolig og næring.;specific;andres arbeid bolig bygge elektrikertjenester etablering levering næring prosjektereing utføres vedlikeholde;;;
925273481;RGR ELEKTRO AS;19;;Å utføre elektriske installasjoner i bolig og næring, herunder kjøp og salg av elektrisk utstyr.;specific;bolig næring utføre utstyr;installation, trade/retail;;
979928408;RIBES ELEKTRO AS;6;;Handel og elektroinstallasjoner.;boilerplate;;installation, trade/retail;;
931370367;RICHARD ANDERSEN ELEKTRO AS;7;;Elektrisk installasjonsvirksomhet, handel og annen økonomisk drift.;generic;installasjonsvirksomhet økonomisk;installation, trade/retail;;
967907103;RIIS ELEKTRO AS;23;;Elektrisk installasjon. Videre kjøp og salg av varer som hører inn under nevnte virksomhet.;specific;inn varer videre;installation;;
991320164;RIKELEKTRO AS;58;www.rikelektro.no;Salg, utleie, formidling av varer og service innen el, tele, data, alarm, hjem elektronikk, maritimt, fritids, husholdnings og mediasektor, og dertil forenelig virksomhet. Skal også drive med diverse eiendom.;specific;alarm data dertil elektronikk forenelig formidling fritids hjem husholdnings maritimt mediasektor tele varer;security/telecom;;
925573779;RINGJORD ELEKTRO AS;36;;Ekom- og elektroinstallasjoner i landbasert og maritim sektor. Kjøp og salg av varer og tjenester. Selskapet kan også engasjere seg i øvrig virksomhet hvor dette anses å kunne styrke kjernevirksomheten.;specific;anses ekom- engasjere kjernevirksomheten kunne landbasert maritim seg sektor styrke varer øvrig;installation;;
911948745;RINGSAKER ELEKTRO AS;33;www.ringsakerelektro.no;Elektrisk installasjonsarbeid.;boilerplate;;installation;;
929874390;RISNES ELEKTRO AS;10;;Å utføre elektroinstallasjonsarbeid, elektro- reparasjonsarbeid, produksjon av elektroin- stallasjonsprodukter, salg av elektriske artikler, herunder deltakelse i andre selskaper med lignende virksomhet.;specific;artikler elektro- elektroin- elektroinstallasjonsarbeid reparasjonsarbeid stallasjonsprodukter utføre;installation, trade/retail;;
934641485;RK ELEKTRO AS;39;;Elektrikertjenester.;generic;elektrikertjenester;;;
983801587;ROBUST ELEKTRO AS;7;;Elektroinstallasjon, sterkstrøm og svakstrøm.;generic;sterkstrøm svakstrøm;installation, security/telecom;;
919648112;ROGALAND ALARMTJENESTER AS;29;;Selskapet er en del av Verisure sitt franschisetaker-apparat. Det betyr at selskapet skal drive salg av alarmløsninger for private boliger og næring. I tillegg skal de drive service og mersalg på eksisterende anlegg og installasjon av nye anlegg hos nye eller eksisterende kunder.;specific;alarmløsninger betyr boliger del eksisterende franschisetaker-apparat hos mersalg nye næring sitt tillegg verisure;installation, security/telecom;;
981513886;ROGALAND ELEKTRO AS;132;www.rogalandelektro.no;Elektroentreprenørvirksomhet, handel og hva derved står i forbindelse.;generic;derved elektroentreprenørvirksomhet;trade/retail;;
932106817;ROLV SNARE AS;15;;Salg og service av elektroniske/elektroniske produkter og dertil sammenlignbare og tilhørende produkter og tjenester. Selskapet kan også ved aksjetegning eller på annen måte gjøre seg inter- essert i andre foretgender.;specific;aksjetegning dertil elektroniske enlignbare essert foretgender gjøre inter- måte seg tilhørende;;;
976494881;ROMERIKE ELEKTRO AS;74;;Installasjon/service av nye og eksisterende elektriske anlegg.;generic;eksisterende nye;installation;;
886906862;ROMSDAL ELEKTRO AS;9;;Elektrisk installasjonsarbeid.;boilerplate;;installation;;
994034529;RONGVE OG FYLLING ELEKTRO AS;14;;Selskapets virksomhet er å tilby rådgivende og utførende tjenester knyttet til elektroinstallasjoner. Herunder vil deltakelse i andre selskap med lignende formål kunne inngå.;specific;deltakelse inngå knyttet kunne rådgivende tilby utførende;installation;;
998485959;RST ELEKTRO AS;7;www.rstelektro.no;Elektriske innstallasjoner, konsulenttjenester og andre produkter som faller naturlig sammen med dette, herunder delta i lignende virksomheter.;specific;delta faller innstallasjoner;;;
932195429;RUTLEDAL ELEKTRO AS;15;www.rutledalelektro.no;Elektrikertjenester.;generic;elektrikertjenester;;;
962927033;RYFYLKE ELEKTRISKE AS;37;www.ryfylke-elektriske.no;Elektrovirksomhet og handel, samt hva hermed står i forbindelse, herunder å delta i andre selskaper med lignende virksomhet.;generic;elektrovirksomhet;trade/retail;;
987814136;RYFYLKE ELEKTRO AS;22;;Elektroinstallasjoner og annen virksomhet som kan ha tilknytning til dette.;boilerplate;;installation;;
991471898;RYGER ELEKTRO AS;27;;Elektrisk installasjon, automasjon.;generic;automasjon;installation, automation/industrial;;
923258698;RYGGE ELEKTRO AS;9;;Elektrikervirksomhet, kjøp og salg av handelsvarer, rådgivning og deltagelse i andre virksomheter.;specific;deltagelse elektrikervirksomhet handelsvarer;;;
984151497;RÆLINGEN EL-INSTALLASJON AS;8;www.r-el.no/;Elektroinstallasjon, med salg av varer og tjenester tilhørende dette.;generic;tilhørende varer;installation;;
983188524;RØA ELEKTRISKE AS;39;www.roaelektriske.no;Salg/markedsføring, prosjektering, installasjon og service av elektro, tele, svakstrøm og data relaterte produkter, systemer og løsninger.;specific;data prosjektering svakstrøm systemer tele;installation, security/telecom;;
917341060;RØD ELEKTRO AS;12;;Drive med elektro, eiendom og investeringer i andre selskaper, samt alt som har sammenheng med dette.;specific;enheng har selskaper;;;
827118672;RØDAL & MYHRER ELEKTRO AS;10;;Elektrisk installasjon, import og salg av elektrisk utstyr.;generic;utstyr;installation, trade/retail;;
915581714;RØNNING ELEKTRO AS;253;;Elektrisk installasjonsforretning og butikk og dermed beslektet virksomhet. Selskapet kan også delta i andre selskaper eller prosjekter ved askjetegning eller på andre måter.;specific;askjetegning beslektet butikk delta installasjonsforretning måter selskaper;installation, trade/retail;;
976479297;RØNNING INSTALLASJON AS;12;www.ronning-installasjon.no;Installasjon og vedlikehold av elektriske anlegg, salg av installasjonmateriell, salg av diverse elektriske utstyr som lamper, varmeovner, hvitevarer, vifter, mv.;specific;hvitevarer installasjonmateriell lamper utstyr varmeovner vifter;installation;;
976185935;RÅDE ELEKTRO AS;18;;Elektroentreprenør.;boilerplate;;;;
975972046;S LARSSEN INSTALLASJON AS;5;;Elektrisk installasjon.;boilerplate;;installation;;
846969632;S LAURITZEN & CO AS;9;;Servicevirksomhet, elektriske installasjoner og annen virksomhet som står i forbindelse hermed.;generic;servicevirksomhet;installation;;
914581095;S. SANDNES AS;5;;Vegg- og glassmontasje og andre produkter/tjenester som naturlig hører sammen med dette.;generic;glassmontasje vegg-;;;
818871082;SAFE AT SEA AS;5;;Fremstilling/salg av brannsikringstjenester og utstyr og andre produkter som naturlig faller sammen med dette, samt utleie av arbeidskraft. herunder og delta i andre selskaper med lignende virksomhet, kjøp og salg av aksjer, eller på annen måte gjøre seg interessert i andre foretagender.;specific;arbeidskraft brannsikringstjenester delta faller foretagender fremstilling gjøre interessert måte seg selskaper utstyr;;;
918400214;SAGENE ELEKTRO AS;6;;Levere tjenester innenfor elektrofaget herunder prosjektering, installasjon og kontroll av elektriske anlegg samt annet som naturlig faller sammen med dette.;specific;elektrofaget faller kontroll prosjektering;installation;;
986467122;SAGLI ELEKTRO AS;6;;Elektriske installasjoner samt tilhørende virksomhet. I tillegg skal selskapet drive utleie av eiendom.;generic;tilhørende tillegg;installation;;
893444262;SANDAL ELEKTRO AS;5;;Elektrisk installasjonsarbeid, handel, investering i fast eiendom og virksomhet som står i forbindelse med dette.;generic;fast;installation, trade/retail;;
977092418;SANDEFJORD ELEKTRO AS;17;;Elektroinstallatørvirksomhet.;generic;elektroinstallatørvirksomhet;;;
963761244;SANDNES AUTOMASJON & INSTALLASJON AS;16;;Drive handel samt hva hermed står i forbindelse, herunder å delta i andre selskaper med lignende virksomhet.;boilerplate;;trade/retail;;
810034882;SANDNES ELEKTRISKE AS;11;;Handel og innstallasjonsvirksomhet, eller annen virksomhet forbundet med dette, samt delta I annen virksomhet.;specific;delta forbundet innstallasjonsvirksomhet;trade/retail;;
912265420;SANDNESSJØEN INSTALLASJON AS;5;;Elektro- og ventilasjonsinstallasjon. Rådgivning i forbindelse med installasjon. Salg av varer i forbindelse med installasjonsvirksomheten. Eie aksjer og andeler i andre selskap.;specific;eie elektro- installasjonsvirksomheten varer ventilasjonsinstallasjon;installation;;
990765731;SANDVIKA ELEKTRO AS;10;;Salg av varer og tjenester i forbindelse med elektroinstallasjoner, herunder deltagelse i andre virksomheter som måtte stå i forbindelse med dette.;specific;deltagelse stå varer åtte;installation;;
921057474;SARPSBORG ELEKTRO AS;17;;Elektrisk installasjonsarbeid og alt som faller naturlig innunder dette.;generic;faller innunder;installation;;
981408020;SARPSBORG ELINSTALLASJON AS;13;;Elektrisk installasjon for svak og sterkstrøm og det som naturlig faller innen bransjen. Kjøp, salg av varer og tjenester.;specific;bransjen faller sterkstrøm svak varer;installation;;
981568915;SAS ELEKTRO AS;17;;Autorisert elektroinstallatør.;generic;autorisert elektroinstallatør;;;
922956170;SAS ELEKTROSERVICE AS;14;;Elektroinstallasjon og alt som herved står i forbindelse.;boilerplate;;installation;;
976538935;SAUDA INSTALLASJON AS;35;www.saudainst.no;Elektroinstallasjon og annen virksomhet som kan ha tilknytning til dette.;boilerplate;;installation;;
891133952;SAUTER NORGE AS;25;;Byggautomasjon. Selskapet skal kjøpe/selge produkter, levere systemløsninger, prosjektering og service innen byggautomasjon. I tillegg skal firmaet drive med investeringsvirksomhet av enhver art, herunder deltakelse i andre selskaper samt alt som står i forbindelse hermed.;specific;art byggautomasjon enhver firmaet investeringsvirksomhet kjøpe prosjektering systemløsninger tillegg;;;
918693904;SDS ELEKTRO AS;5;;Elektrikertjenester og elektroarbeid og øvrige tjenester knyttet til oppsett, drift og vedlikehold av elektriske anlegg.;specific;elektrikertjenester elektroarbeid knyttet oppsett øvrige;;;
980383946;SEAS SPJELKAVIK ELEKTRO AS;12;www.seas24.no;Handel med elektroprodukter, o.l., installasjonsvirksomhet, m.v. Selskapet skal også gjennom aksjeeie eller på annen måte kune delta i andre foretak.;specific;aksjeeie delta elektroprodukter foretak gjennom installasjonsvirksomhet kune måte;installation, trade/retail;;
993872636;SECTECH AS;24;;Selskapets formål er å prosjektere, kontrollere og installere sikkerhetssystemer. Samt elektro entrepriser.;specific;entrepriser installere kontrollere prosjektere sikkerhetssystemer;security/telecom;;
963825250;SEKO ELEKTRO AS;54;;Installasjon og salg av elektro materiell, og alt som står i forbindelse herved.;generic;materiell;installation;;
929038657;SELECT ELEKTRO AS;6;;Elektroinstallasjon.;boilerplate;;installation;;
884698022;SELFORS INSTALLASJON AS;5;;Elektroninstallasjoner av svak og sterk strøm, kontroll og planlegging av anlegg. Selskapet kan også drive eksport og import.;specific;elektroninstallasjoner kontroll planlegging sterk strøm svak;;;
986342877;SENDIT AS;5;;Installasjon, og produksjonsvirksomhet, service og konsulentvirksomhet, samt hva dermed står i forbindelse, herunder deltagelse i andre selskaper.;generic;produksjonsvirksomhet;installation;;
966291192;SERVICE ELEKTRIKEREN AS;40;;Installasjosvirksomhet, samt virksomhet som står i naturlig forbindelse med dette.;generic;installasjosvirksomhet;;;
922250863;SERVICE PRODUCTION & INVEST AS;11;spi-solbutikk.no;Elektrisk installasjonsarbeid, rengjøringstjenester, installasjon av varmepumper, netthandel, transporttjenester, bygning og renovering.;specific;bygning netthandel rengjøringstjenester renovering transporttjenester varmepumper;installation, solar/energy;;
983185843;SERVICEPARTNER NOTODDEN AS;7;;Installasjons- og vedlikeholdsvirksomhet innenfor fagområdene elektro-, bygg-, rør-, mekanisk. Salg av elektro- og rørmatriell og byggevarer.;specific;bygg- byggevarer elektro- fagområdene installasjons- mekanisk rør- rørmatriell vedlikeholdsvirksomhet;installation;;
935412099;SERVICESENTRALEN LÅS OG NØKKEL AS;8;;Elektrisk installasjonsarbeid (låsesmed).;generic;låsesmed;installation;;
925834157;SES ELEKTRO AS;32;;Drive elektrisk installasjonsvirksomhet og salg av elektriske artikler, samt investering i eiendommer og verdipapir, og hva dermed står i forbindelse.;specific;artikler eiendo installasjonsvirksomhet verdipapir;installation, trade/retail;;
987818549;SET ELEKTRO AS;102;www.set.no;Elektrisk installasjon for industri og bolig samt gatebelysning og deltakelse i andre selskaper.;specific;bolig deltakelse gatebelysning industri selskaper;installation, automation/industrial;;
925354805;SG ELEKTRIKER AS;26;;Elektrisk installasjonsarbeid. Drift, vedlikehold og service. Kjøp, salg og utleie av fast eiendom.;generic;fast;installation;;
994038370;SH - ELEKTRO AS;9;shelektro.no;Elektrisk installasjonsarbeid, salg av elektrisk materiell og utstyr.;generic;materiell utstyr;installation, trade/retail;;
917360596;SIDDIS ELEKTRO AS;10;www.siddiselektro.no;Elektroinstallasjoner for bolig og næring.;generic;bolig næring;installation;;
996692345;SIGDAL ELEKTRO AS;5;www.sigdalelektro.no;Elektroentreprenørvirksomhet.;generic;elektroentreprenørvirksomhet;;;
885326552;SIGVARTSEN ELEKTRO AS;32;;Elektroentreprenørvirksomhet og elektroinstallasjon med naturlig tilhørende virksomhet, herunder også detaljsalg av elektriske artikler.;specific;artikler detaljsalg elektroentreprenørvirksomhet tilhørende;installation;;
916230184;SIKKER JERNBANE AS;39;;Konsulenttjenester og utførende enhet innen jernbanefag, elektrofag, sikkerhet, bygg og anlegg. Vi er et elektroforetak innen anleggstypene, lav- og høytspent, jernbane- og sporveisdrift, samt lavspent for bygning. Bedriftene er aktive med kjøp og salg av aksjer, verdipapirer og eiendom.;specific;aktive anleggstypene bedriftene bygg bygning elektrofag elektroforetak enhet høytspent jernbane- jernbanefag lav- lavspent sikkerhet sporveisdrift utførende verdipapirer;security/telecom;;
966855908;SIKKERHET & SERVICE VERDAL AS;6;;Salg av mobiltlf, telefon, radio/TV, lås og beslag, montering avlås, svakstrøm.;specific;avlås beslag lås mobiltlf montering radio svakstrøm telefon;security/telecom;;
982333733;SIKKERHET 24 AS;51;;Drive med salg og installasjon av data og sikkerhetsløsninger.;generic;data sikkerhetsløsninger;installation, security/telecom;;
931551418;SIKRA SIKKERHET AS;7;;Montering og salg av alarmer, brann- og andre sikkerhetsprodukter. Prosjektering.;specific;alarmer brann- montering prosjektering sikkerhetsprodukter;security/telecom;;
917356181;SIMEX ELEKTRO AS;31;;Å utføre elektroinstallasjoner i boliger og bygninger, og annet som står i naturlig forbindelse med dette.;specific;boliger bygninger utføre;installation;;
935847303;SIMO ELEKTRO ENTREPRENØR AS;5;;Elektrikertjenester.;generic;elektrikertjenester;;;
984548621;SINUS AS;55;;Utøvelse av elektroentreprenørvirksomhet, samt hva som hermed står i forbindelse, herunder å delta i andre selskaper med lignende virksomhet og å skaffe aksjeeierne økonomisk utbytte.;specific;aksjeeierne elektroentreprenørvirksomhet skaffe utbytte utøvelse økonomisk;;;
983156207;SINUS BODØ AS;29;www.elteamnord.no;Elektriske installasjoner samt utleie av fast eiendom.;generic;fast;installation;;
953343339;SINUS BRØNNØYSUND AS;29;;Prosjektering og installasjon av elektriske anlegg samt salg av elektrisk materiell og utstyr, og det som naturlig står i forbindelse med dette, her- under å delta i andre selskaper.;specific;delta her- materiell prosjektering selskaper utstyr;installation, trade/retail;;
989059335;SINUS ELEKTRO AS;76;www.sinus-elektro.no;Eie og investere i aksjer og andre selskaper og virksomheter, samt deltakelse av enhver art i andre virksomheter og hva dermed står i forbindelse.;specific;art deltakelse eie enhver investere selskaper;;;
996301559;SINUS MOSJØEN AS;28;;Utøvelse av elektroentreprenørvirksomhet, elektriske installasjoner mv.;generic;elektroentreprenørvirksomhet utøvelse;installation;;
930877425;SINUS NESNA AS;6;;Elektrisk installasjonsforretning med salg av elektriske artikler samt hva som står i forbindelse hermed.;generic;artikler installasjonsforretning;installation, trade/retail;;
930703419;SIWE ELEKTRO AS;16;;Elektrisk installasjon samt andre oppgaver som derved står i forbindelse.;generic;derved oppgaver;installation;;
930618209;SJOAREN ELEKTRO AS;6;;Installasjonsarbeid elektro.;boilerplate;;installation;;
974526166;SJØVOLD ELEKTRO AS;6;;Elektro installasjon og salg av elektro materiell.;generic;materiell;installation;;
916760655;SK ELEKTRO AS;31;skielektro.no;Elektrikerarbeid.;boilerplate;;;;
926060996;SKANSEN ELEKTRO AS;30;;Elektrisk installasjonsarbeid.;boilerplate;;installation;;
987183829;SKARPSNO ELEKTRO AS;28;skarpsno-elektro.no;Salg/montering av elektriske installasjoner og konsulenttjenester, samt alt annet som faller inn under dette.;specific;faller inn montering;installation;;
926781537;SKG-CONSULT AS;21;;Installasjon og drift av bredbåndsnett samt øvrig virksomhet tilknyttet dette.;generic;bredbåndsnett øvrig;installation;;
948248638;Ski Elektriske Installasjon A/S;27;www.skiel.no;Deltakelse i og utvikling av handels- og service- bedrifter, kjøp, salg, forvaltning og utvikling av fast eiendom, investering i verdipapirer og alt som hermed står i forbindelse, herunder delta i andre selskaper.;specific;delta deltakelse fast forvaltning handels- selskaper service- verdipapirer;;;
922022178;SKINA AS;5;;Å drive elektro-entreprenørviksomhet innen gatelys, overføringsanlegg og beredskapstjenester.;specific;beredskapstjenester elektro-entreprenørviksomhet gatelys overføringsanlegg;;;
989004182;SKOGHEIM EL. INSTALLASJON AS;22;;Elektrisk installasjonsarbeide og dertil tilhørende virksomhet.;specific;dertil installasjonsarbeide tilhørende;installation;;
992786337;SKUTLE EL.INSTALLASJON AS;6;;Bygg og anlegg: El. installasjon av bolig, næringsbygg og anlegg.;specific;bolig bygg næringsbygg;installation;;
991295070;SLAGEN ELEKTRISKE AS;12;www.slagenelektriske.no;Installasjonsvirksomhet, transporttjenester, handel, investeringer i andre selskap og hva dermed står i forbindelse.;generic;installasjonsvirksomhet transporttjenester;installation, trade/retail;;
992383259;SLAGEN ELEKTRO & AUTOMASJON AS;126;;Elektrisk installsjonsarbeider.;generic;installsjonsarbeider;;;
985727139;SLETTEN ELEKTRO AS;22;;Virksomhet innen installasjonsvirksomhet hva gjelder elektrisk og elektronisk utstyr med mer. Videre tar selskapet siktelse på deltakelse som eier i andre selskaper.;specific;deltakelse eier elektronisk gjelder installasjonsvirksomhet mer selskaper siktelse tar utstyr videre;installation;;
960608232;SLEVIK ELEKTRISKE AS;24;;Elektrisk installasjon, handel og produksjon, samt å delta i andre selskaper med tilsvarende formål.;generic;delta selskaper;installation, trade/retail;;
933113035;SLS ELEKTRO AS;17;;Elektrikertjenester.;generic;elektrikertjenester;;;
982008980;SLYNGSTAD ELEKTRO AS;5;www.slyngstadelektro.no;Elektroinstallasjon, reparasjon av elektriske apparater, samt anna veksemd som naturlig hører til.;specific;anna apparater reparasjon veksemd;installation;;
915204007;SMART ELEKTRO AS;76;;Elektroinstallatør. Elektroinstallasjon.;generic;elektroinstallatør;installation;;
982501008;SMART HUS AS;5;www.smarthus.as;Elektroinnstallasjon samt dertil lignende virksomhet. Butikkhandel med belysning/ diverse artikler. Internetthandel. Total rehabilitering av boliger/ næringseiendom.;specific;artikler belysning boliger butikkhandel dertil elektroinnstallasjon internetthandel næringseiendom rehabilitering total;trade/retail;;
918578552;SMART TEKNOLOGI & ELEKTRO AS;6;;Utføre elektriske installasjoner og smarthus systemer i bolig, forretningsbygg og industribygg. Samt ha service og installasjon av storkjøkkenutstyr og robotsystemer. Import og salg av eletronisk og elektrisk utstyr og komponenter.;specific;bolig eletronisk forretningsbygg industribygg komponenter robotsystemer smarthus storkjøkkenutstyr systemer utføre utstyr;installation, automation/industrial;;
919968818;SMARTHUS ELEKTRO AS;5;www.smarthus-elektro.no;Elektrisk installasjonsarbeid.;boilerplate;;installation;;
997189582;SMARTSTRØM AS;18;www.smartstrom.as;Elektroinstallasjon og byggtjenester;generic;byggtjenester;installation;;
920966543;SMS-ELECTRO AS;5;www.sms-electro.no;Salg av el materiell og internkontroll av bygginger samt elektriske installasjoner.;specific;bygginger internkontroll materiell;installation;;
922290970;SMAALENENE ELEKTRO AS;7;;Elektroinstallasjoner med salg av varer og tjenester som naturlig hører til dette, herunder å delta i andre selskap med lignende virksomhet.;generic;delta varer;installation;;
911755920;SOGN ELEKTRO AS;17;;Elektrisk installasjonsarbeid, byggeledelse, teknisk rådgivning, internkontroll av tekniske anlegg.;specific;byggeledelse internkontroll teknisk tekniske;installation;;
917008612;SOKNA ELEKTRO AS;15;;Elektrisk installasjonsarbeid.;boilerplate;;installation;;
999542662;SOLBERG EL-SERVICE AS;12;www.solbergelservice.no;Elektro-arbeid.;generic;elektro-arbeid;;;
985244944;SOLBERG ELEKTRO AS;14;solbergelektro.no;Elektriske installasjoner og alt hva dermed står i forbindelse.;boilerplate;;installation;;
951274496;SOLBERG ELEKTROINSTALLASJON AS;21;www.solberg-as.no;Elektrisk installasjonsarbeid.;boilerplate;;installation;;
919997400;SOLCELLEKRAFT AS;46;www.solcellekraft.no;Elektrisk installasjonsarbeid, herunder solceller andre produkter som naturlig faller sammen med dette, eller på annen måte gjøre seg interessert i andre foretagender som jobber med dette.;specific;faller foretagender gjøre interessert jobber måte seg solceller;installation, solar/energy;;
928439941;SOLID EL ENTREPRENØR AS;5;;Elektro installasjon samt handel med komponenter i tilknytning til dette, utleie av personell samt alt hva hermed står i forbindelse, herunder deltakelse i andre selskap. Samt investering i verdipapirer og aksje selskaper.;specific;aksje deltakelse komponenter personell selskaper verdipapirer;installation, trade/retail;;
943506698;SOLLAND ELEKTRO AS;46;;Elektroinstallasjon, - import, - handel og produksjonsvirksomhet.;generic;produksjonsvirksomhet;installation, trade/retail;;
886997922;SOLØR ELEKTRO AS;8;;Drive med elektroinstallasjonsarbeider innen lavspenningsanlegg, kjøp og salg av nærliggende produkter, samt alt som herved står i forbindelse.;specific;elektroinstallasjonsarbeider lavspenningsanlegg nærliggende;installation;;
934043340;SOMMERFELT ELEKTRO AS;22;;Elektrikertjenester.;generic;elektrikertjenester;;;
990078106;SPENNING AS;9;;Elektroarbeid av hvilken som helst art, herunder salg av utstyr som naturlig hører inn under virksomheten, samt hva som hermed måtte stå i forbindelse, herunder deltakelse i andre foretagender.;specific;art deltakelse elektroarbeid foretagender helst hvilken inn måtte stå utstyr;;;
998989922;SPERREVIK ELEKTRO AS;33;www.sperrevik.no;Virksomhet innen elektrofaget, samt alt som står i forbindelse med dette. Herunder investering i eiendom og finansielle instrumenter.;specific;elektrofaget finansielle instrumenter;;;
992901101;SPYDEBERG ELEKTRO AS;13;www.spydebergelektro.no;Elektroinstallasjon.;boilerplate;;installation;;
937709005;SS AUTOMATION AS;7;;Konsulentjenester innenfor automasjon og elektro. Deretter salg av produkter relatert til dette.;specific;automasjon deretter konsulentjenester;automation/industrial;;
994018299;SSP SIKKERHET AS;21;www.sspi.no;Fremstilling/salg av installasjonstjenester av elektroprodukter innen svakstrøm og sikkerhet og ander produkter som naturlig faller sammen med dette, herunder å delta i andre selskapet med lignende virksomhet. I tillegg kan selskapet drive kjøp og salg av eiendom.;specific;ander delta elektroprodukter faller fremstilling installasjonstjenester sikkerhet svakstrøm tillegg;installation, security/telecom;;
985449341;ST ELEKTRO AS;9;;Elektriske installasjoner.;boilerplate;;installation;;
941828167;STADT ELEKTRO AS;8;;Elektrisk installasjonsarbeid, samt innkjøp av komponenter og tjenester som er nødvendig for dette. Selskapet skal også kunne delta i andre selskaper med økonomisk formål når dette fremmer selskapets egen virksomhet.;specific;delta egen fre innkjøp komponenter kunne når nødvendig selskaper økonomisk;installation;;
916188331;STANGE ELEKTRISKE AS;22;;Salg av elektriske artikler og installasjons- virksomhet.;generic;artikler installasjons-;installation, trade/retail;;
984447647;STAR ELEKTRO AS;18;star-elektro.no;Elektrisk installasjon.;boilerplate;;installation;;
819328692;STAURBAKK AS;13;;Elektrisk installasjonsvirksomhet og omsetning av varer og tjenester innenfor denne bransjen.;specific;bransjen denne installasjonsvirksomhet omsetning varer;installation;;
952709003;STAVANGER INSTALLASJON AS;64;;Elektroinstallasjon og salg av elektroutstyr samt hva hermed står i forbindelse, herunder å delta i andre selskaper med lignende virksomhet.;generic;elektroutstyr;installation;;
999023207;STEINAR ANDERSEN ELEKTRISKE AS;7;;Elektriske installasjoner innen bolig og næringsliv.;generic;bolig næringsliv;installation;;
918526250;STEINVIKAUNE ELEKTRO AS;5;;Salg av elektrotjenester og elektromateriell.;generic;elektromateriell elektrotjenester;;;
934870514;STERKR ELEKTRO AS;5;;Elektrikertjenester.;generic;elektrikertjenester;;;
916268548;STERKSTRØM AS;12;;Elektrisk installasjonsvirksomhet og utsalg.;generic;installasjonsvirksomhet utsalg;installation;;
882497542;STOKKELAND ELEKTRO AS;5;;Handel og elektroinstallasjoner, og alt hva hermed står i forbindelse.;boilerplate;;installation, trade/retail;;
919762128;STOLT ELEKTRO AS;13;;Installasjon, reparasjon, verifikasjon og generelt utførelse av arbeid med elektriske anlegg og formidling av tjenester og produkter knyttet til elektrofaget.;specific;arbeid elektrofaget formidling knyttet reparasjon utførelse verifikasjon;installation;;
984417578;STOMAS AS;16;www.stomas.no;Drive Expert-forretning med hvitevarer, småelektrisk, brunevarer, data, mobil, foto og belysning. I tillegg drives også elektro installasjonsvirksomhet.;specific;belysning brunevarer data drives expert-forretning foto hvitevarer installasjonsvirksomhet mobil småelektrisk tillegg;installation;;
986526366;STOPLIGHT ELEKTRO OG BYGNINGSTEKNISKE INSTALLASJONER AS;12;www.stoplightelektro.no;Agentur og engrossvirksomhet, samt markedsføring og salg av husholdningsvarer, elektrisk husholdningsutstyr, belysning, elektrisk utstyr og materiell, rør- teknisk installasjon, bygge- og anleggsvirksomhet, bygginstallasjon og elektrisk installasjonsarbeid samt å investere i andre selskaper med tilsvarende virksomheter.;specific;agentur anleggsvirksomhet belysning bygge- bygginstallasjon engrossvirksomhet husholdningsutstyr husholdningsvarer investere materiell rør- selskaper teknisk utstyr;installation;;
811948772;STORHAMAR ELEKTRO AS;25;storhamarelektro.no;Elektrisk installasjonsarbeid.;boilerplate;;installation;;
930984132;STORHAUG ELEKTROINSTALLASJON AS;6;www.storhaug-elektroinstallasjon.no;Elektrikertjenester.;generic;elektrikertjenester;;;
922633959;STORM ELEKTRO AS;109;;Elektroinstallasjon.;boilerplate;;installation;;
984275382;STORM ELEKTRO MOSS AS;27;www.stormelektro.no;Tjenester innen elektroinstallasjoner, serviceytelser, handel samt deltagelse i andre virksomheter innen elektro og montasjevirksomhet - rettet mot privat, industriell og offentlig virksomhet.;specific;deltagelse industriell montasjevirksomhet offentlig privat rettet serviceytelser;installation, automation/industrial, trade/retail;;
885204392;STORM ELEKTRO OSLO-AKERSHUS AS;72;www.stormelektro.no;Elektroentreprenør;boilerplate;;;;
886927762;STORM ELEKTRO SARPSBORG AS;18;;Tjenester innen elektroinnstallasjoner, serviceytelser, handel samt detagelse i andre virksomheter innen elektro og montasjevirksomhet - rettet mot privat, industriell og offentlig virksomhet.;specific;detagelse elektroinnstallasjoner industriell montasjevirksomhet offentlig privat rettet serviceytelser;automation/industrial, trade/retail;;
985226199;STORM ELEKTRO VEST AS;28;www.stormelektro.com;Selskapets formål er rådgivende ingeniørtjenester, samt utøvelse av tjenester innen elektro installasjoner, serviceytelser, handel samt deltakelse i andre virksomheter innen elektro og montasjevirksomhet rettet mot privat, industriell og offentlig virksomhet. Selskapet skal være forhandler av datautstyr og drive handel med fotorelaterte artikler.;specific;artikler datautstyr deltakelse forhandler fotorelaterte industriell ingeniørtjenester montasjevirksomhet offentlig privat rettet rådgivende serviceytelser utøvelse være;installation, automation/industrial, trade/retail;;
982844924;STRAND ELEKTRO AS;6;;Drive elektrisk installasjon, samt annet som står i forbindelse med dette.;boilerplate;;installation;;
996619583;STRAUME ELEKTRISKE AS;42;;Elektroinstallasjon i boliger og næringseiendommer.;generic;boliger næringseiendo;installation;;
992908122;STRØM SERVICE AS;13;;Elektrisk installasjon og service, samt investering i fast eiendom. Selskapet kan delta i andre selskaper med tilsvarende formål.;specific;delta fast selskaper;installation;;
983188796;STRØMMEN EL-INSTALLASJON AS;31;;Elektrisk installasjon, handel og annen virksomhet som har sammenheng med dette.;boilerplate;;installation, trade/retail;;
948685957;STRØMSBORG ELEKTRO AS;15;;Drive installasjon, produksjon og handel. Sel- skapet kan også ved aksjetegning og på annen måte gjøre seg interessert i andre foretagender.;specific;aksjetegning foretagender gjøre interessert måte seg sel- skapet;installation, trade/retail;;
996388700;STRØMSTAD ELEKTRO AS;8;;Elektroinstallasjon.;boilerplate;;installation;;
934308956;STÆRK ELEKTRO AS;12;www.starkelektro.no;Vi utfører alle typer elektroarbeider - både lavspennings -og ekom-installajsoner.;specific;ekom-installajsoner elektroarbeider lavspennings utfører;;;
916580002;STØTEN ELEKTRO AS;5;;Elektrisk installasjonsarbeid for private og næringskunder, samt andre tjenester som naturlig hører til. Kjøp og salg av kjøretøy, elektrisk materiell, samt varer generelt. Vedlikehold av annen eiendom som hører med.;specific;kjøretøy materiell næringskunder varer;installation;;
990973555;SUCUS AS;5;;Elektrikertjenester.;generic;elektrikertjenester;;;
925901881;SUMMIT SOLUTIONS AS;17;;Elektrisk installasjonsarbeid og salg av konsulenttjenester.;boilerplate;;installation;;
995394405;SUNNFJORD ELEKTRO AS;26;sunnfjordelektro.no;Prosjektering og utførelse av elektroinnstallasjon samt annen virksomhet i naturlig forbindelse med dette.;specific;elektroinnstallasjon prosjektering utførelse;;;
912544559;SVEEN ELEKTRO AS;5;;Utføre elektrisk installasjon, og salg varer og tjenester som leveres i forbindelse med dette.;specific;leveres utføre varer;installation;;
960733185;SVENSGAARD INSTALLASJON AS;33;;Elektrisk entreprenørvirksomhet og handel som naturlig står i sammenheng med dette samt del- tagelse i andre selskaper.;specific;del- enheng entreprenørvirksomhet selskaper tagelse;trade/retail;;
961122422;SVITHUN ELEKTRO AS;26;;Drive elektroinstallasjoner samt drive handel og annen beslektet virksomhet. Selskapet kan også kjøpe, selge og leie ut fast eiendom. Selskapet kan ved aksjekjøp, kjøp av K/S andeler og ANS andeler også gjøre seg interessert i andre foretagender eller virksomheter.;specific;aksjekjøp ans beslektet fast foretagender gjøre interessert kjøpe leie seg;installation, trade/retail;;
828902202;SVOLVÆR SKIPSELEKTRO AS;6;;Elektrotjenesten til skip og industri.;specific;elektrotjenesten industri skip;automation/industrial;;
961580722;SVORKA INSTALLASJON AS;35;;Installasjon, salg og service av elektriske produkter og tjenester.;boilerplate;;installation;;
933812634;SYD ELEKTRO AS;14;;Elektrikertjenester.;generic;elektrikertjenester;;;
998602130;SYNERGI ELEKTRO AS;8;;Elektrisk installasjonsarbeid.;boilerplate;;installation;;
933852121;SÆTHER ELEKTRO AS;7;;Elektrikertjenester.;generic;elektrikertjenester;;;
936092497;SÆTREN AS;45;;Elektrisk installasjon- og servicevirksomhet for skip, industri, bygg og anlegg. Selskapet kan dessuten gjøre seg interessert i andre selskap dersom dette kan tjene selskapet.;specific;bygg dersom dessuten gjøre industri installasjon- interessert seg servicevirksomhet skip tjene;installation, automation/industrial;;
980891674;SØGNE ELEKTRISKE AS;22;;Elektriske installasjoner og omsetning av elektriske artikler.;generic;artikler omsetning;installation;;
936876196;SØNNINGDAL ELEKTRO AS;10;;Elektroinstallasjon og handel.;boilerplate;;installation, trade/retail;;
896630342;SØRLANDETS ELEKTRO AS;19;;Elektroinstallasjon for industri- og privatbygg og anlegg samt beslektet virksomhet, herunder salg av relatert utstyr og investeringer i dertil knyttet virksomhet.;specific;beslektet dertil industri- knyttet privatbygg utstyr;installation, automation/industrial;;
982571073;SØRUM ELEKTRISKE AS;17;www.sorum-elektriske.no;Elektroinstallasjon, salg av elektriske komponenter samt foreta investeringer innen samme bransje.;specific;bransje foreta komponenter;installation, trade/retail;;
933297047;T&B HANSEN INSTALLASJON AS;11;;Elektrikertjenester.;generic;elektrikertjenester;;;
930850225;TALLBERG ELEKTRO AS;19;;Drive handel og elektrisk installasjon samt hva hermed står i naturlig forbindelse, herunder å delta i andre selskaper med lignende virksomhet.;boilerplate;;installation, trade/retail;;
916636946;TANDBERGS ELEKTRISKE AS;13;www.tandbergs.com;Handel med elektrisk materiell, installasjons- og reparasjonsvirksomhet samt elektriske forretninger av enhver art.;specific;art enhver forretninger installasjons- materiell reparasjonsvirksomhet;installation, trade/retail;;
935819237;TARALDSEN ELEKTRO AS;5;;Elektriske installasjoner.;boilerplate;;installation;;
920445691;TAVLEVERKSTEDET AS;15;;Omsetning av elektrotjenester, og er også et investeringsselskap.;specific;elektrotjenester investeringsselskap omsetning;;;
919706430;TEAM ENERGY AS;27;;Kontrollere tele- og strømnett over hele landet. Energimontørtjenester.;specific;energimontørtjenester hele kontrollere landet over strømnett tele-;solar/energy, security/telecom;;
934282299;TEAM INSTALLASJON AS;26;;Elektriske installasjoner og alt hva dermed står i forbindelse.;boilerplate;;installation;;
983246702;TECA AS;261;www.teca.no;Utføre rør-, VVS-, ventilasjons- og elektroinstallasjonsarbeid for privat- og næringsmarkedet, og salg av tilhørende produkter og tjenesteleveranser, samt eie aksjer i selskaper som driver tilsvarende virksomhet.;specific;eie elektroinstallasjonsarbeid næringsmarkedet privat- rør- selskaper tilhørende tjenesteleveranser utføre ventilasjons- vvs-;installation;;
918381260;TECHAIR AS;6;;Installasjon av høyspentmateriell, samt drift og utvikling av fjernstyrt installasjonsverktøy til høyspentlinjer.;specific;fjernstyrt høyspentlinjer høyspentmateriell installasjonsverktøy;installation;;
868491922;TEDDY ELEKTRO AS;18;;Elektriske installasjoner og reparasjoner, kjøp og salg av materiell. Kjøp og salg av aksjer. Kjøp og salg av fast eiendom, samt deltagelse i andre selskaper med samme formål.;specific;deltagelse materiell reparasjoner selskaper;installation;;
935916968;TEIRA NORWAY AS;126;;Salg, prosjektering, installasjon, idriftsettelse samt service og vedlikehold av elektriske distribusjonsnett, automasjonsløsninger og styrings- og overvåkingssystemer. Brann- og sikkerhetsløsninger for bygg med tilhørende styrings- og overvåkingssystemer, og det som naturlig hører til dette.;specific;automasjonsløsninger brann- bygg distribusjonsnett idriftsettelse overvåkingssystemer prosjektering sikkerhetsløsninger styrings- tilhørende;installation, automation/industrial, security/telecom;;
934570413;TEKNISK INSTALLASJON AS;24;;Installasjon av elektro og VVS.;generic;vvs;installation;;
830154582;TEKNISKBUREAU AS;83;www.tekb.no;Utføre rør-, VVS-, ventilasjons- og elektroinstallasjonsarbeid for privat- og næringsmarkedet, og salg av tilhørende produkter og tjenesteleveranser, samt eie aksjer i selskaper som driver tilsvarende virksomhet.;specific;eie elektroinstallasjonsarbeid næringsmarkedet privat- rør- selskaper tilhørende tjenesteleveranser utføre ventilasjons- vvs-;installation;;
998480132;TEKODA ELEKTRO AS;19;;Salg og markedsføring av elektrotjenester og tilhørende materialsalg, herunder deltakelse i andre selskaper med tilsvarende virksomhet.;specific;elektrotjenester materialsalg tilhørende;;;
932942658;TEKSLE & TVEITO ELEKTRO AS;8;;Elektrikertjenester.;generic;elektrikertjenester;;;
932240793;TELE2TAL AS;7;;Levering av telekommunikasjonsmontør tjenester.;specific;levering teleko unikasjonsmontør;security/telecom;;
913257464;TELECOMPANIET AS;8;;Utleie av arbeidskraft samt små installasjoner på kabeltv.;specific;arbeidskraft kabeltv små;installation;;
927602881;TELEMARK ELEKTRO OG MONTASJE AS;14;;Elektrisk installasjoner og reparasjoner av elektrisk utstyr. Mekaniskarbeid, sveisearbeid og montasjearbeid. Utleie og salg av diverse utstyr/maskiner/kjøretøy og anna som naturlig fell sammen med dette. Salg av rør/VVS/elektro og mekaniske deler. Diverse serviceoppdrag. Prosjektering, design installasjon og vedlikehold innenfor samferdsel, herunder vei, bane og annen transport og andre produkter/tjenester som naturlig hører sammen med dette, herunder å delta i andre selskap med lignende virksomhet, og kjøp og salg av aksjer eller på annen måte gjøre seg interessert i andre foretak.;specific;anna bane deler delta design fell foretak gjøre interessert kjøretøy maskiner mekaniskarbeid mekaniske montasjearbeid måte prosjektering reparasjoner rør samferdsel seg serviceoppdrag sveisearbeid transport utstyr vei vvs;installation;;
928978192;TELERØR ELEKTRO AS;43;;Elektrotekniske installasjonsarbeider og service samt annet som naturlig faller inn under dette.;specific;elektrotekniske faller inn installasjonsarbeider;installation;;
833841262;TELETO AS;7;;Levere varer, tjenester og prosjekter knyttet til tele- og elektroinstallasjon.;specific;knyttet tele- varer;installation, security/telecom;;
997732588;TELTECH AS;20;www.teltech.no;Entreprenørdrift innan tele, data og fibernett.;specific;data entreprenørdrift fibernett innan tele;security/telecom;;
928302989;TEROX AS;37;www.terox.no;Elektrisk installasjons-, automasjons- og servicevirksomhet, handel og konsulenttjenester, samt hva som står i naturlig forbindelse med dette. Selskapet kan også delta i annen virksomhet ved aksjetegning eller på annen måte.;specific;aksjetegning automasjons- delta installasjons- måte servicevirksomhet;installation, automation/industrial, trade/retail;;
993342491;TH ELEKTRO AS;10;;Elektroarbeid.;generic;elektroarbeid;;;
976038266;TH KOLBEINSEN INSTALLASJON AS;13;;Drive montasje og installasjon innen elektrobransjen.;generic;elektrobransjen montasje;installation;;
920888607;THORSLAND ELEKTRO AS;9;;Elektroniske installasjoner og ingeniørtjenester, og annet som naturlig faller sammen med dette.;specific;elektroniske faller ingeniørtjenester;installation;;
947059580;THORSTENSEN EFTF AS EL INSTALLATØR;7;;Elektrisk installasjon, entreprenørvirksomhet, konsulenttjenester, eiendom, kjøp og salg.;generic;entreprenørvirksomhet;installation;;
976527461;TIKO AS;10;www.tiko.no;Drive elektriske installasjoner på Tysnes. Hus, industri, radio og TV. Parabol. Reparasjoner og vedlikehald av el- installasjon.;specific;el- hus industri parabol radio reparasjoner tysnes vedlikehald;installation, automation/industrial;;
960016785;TIME ELEKTRO AS;27;www.time-elektro.no;Drive el- og teleinstallasjon, samt hva dermed står i forbindelse, herunder å delta i andre selskaper med lignende virksomhet.;generic;el- teleinstallasjon;security/telecom;;
983611087;TINGVALLA ELEKTRO AS;28;;Tjenester i elektrobransjen, samt investering i fast eiendom og andre selskaper.;specific;elektrobransjen fast selskaper;;;
977540771;TINGVOLL ELEKTRO AS;9;;Salg av varer og tjenester innenfor elektroniske installasjoner, samt salg av varer og tjenester innenfor kontor, data, telefoni og audio/video.;specific;audio data elektroniske kontor telefoni varer video;installation, security/telecom;;
957866697;TJØME & HVASSER ELEKTRISKE AS;12;;Elektrisk installasjonsvirksomhet, handel og dertil hørende virksomhet.;specific;dertil hørende installasjonsvirksomhet;installation, trade/retail;;
983900518;TJØME EL-INSTALLASJON AS;10;;Elektro innstallasjon, salg av lys og varmeutstyr.;specific;innstallasjon lys varmeutstyr;;;
920416721;TLS ELEKTRO AS;19;;EL installasjon med beslektet virksomhet og detaljhandel elektro. Utleie av arbeidskraft og andre tjenester og produkter som naturlig faller sammen med dette, herunder å delta i andre selskaper med lignende virksomhet.;specific;arbeidskraft beslektet detaljhandel faller;installation;;
933969754;TORBJØRN REIME MASKIN AS;17;;Fiberarbeid;generic;fiberarbeid;;;
898320812;TORSHOV ELEKTRO AS;86;;Elektroinnstallasjoner.;generic;elektroinnstallasjoner;;;
936838766;TORSVIK ELEKTRO AS;50;www.torsvik.no;Drive elektrisk installasjon og handel.;boilerplate;;installation, trade/retail;;
876031612;TOTAL SERVICE AS;10;;Elektroinstallasjon, ventilasjon og murerarbeid, konsulenttjenester.;generic;murerarbeid ventilasjon;installation;;
914947537;TOTEN ALARM AS;5;;Selskapets virksomhet er å drive med salg, montering, service og årskontroller av alarmsystemer til alle typer formål, samt annen virksomhet som naturlig faller inn under dette, - herunder kjøp og salg av andre varer og tjenester.;specific;alarmsystemer faller inn montering varer årskontroller;security/telecom;;
936218458;TOVI ELEKTRO AS;8;;Elektrikertjenester.;generic;elektrikertjenester;;;
932233061;TRAFIKKTEKNIKK AS;39;;Elektrikertjenester. Grunnarbeid (graving, drenering, sprengning, planering).;specific;drenering elektrikertjenester graving grunnarbeid planering sprengning;;;
897603632;TRAFTEC AS;284;www.traftec.no;Prosjektering, design, installasjon og vedlikehold innenfor samferdsel, herunder vei, bane og annen transport.;specific;bane design prosjektering samferdsel transport vei;installation;;
990518831;TRATEC TEKNIKKEN AS;244;www.teknikken.no;Rør- elektro installasjoner mot private marked og industrimarkedet. Prosjekter service innen elektro og rør mot industrimarkedet.;specific;industrimarkedet marked rør rør-;installation, automation/industrial;;
920283667;TRE ALLSERVICE AS;9;;Konsulentvirksomhet innen elektro. Elektroinstallasjon med tilhørende. Utføre alt av elektroinstallasjoner. Utleie og salg av utstyr via nettbutikk. For det meste utleie av verktøy/utstyr og salg av elektrisk materiell/utstyr med tilhørende.;specific;materiell meste nettbutikk tilhørende utføre utstyr verktøy via;installation, trade/retail;;
921785062;TRG-ELEKTRO AS;22;;El-installatør, konsulentvirksomhet og rådgivning innenfor elektroinstallasjoner, alarm, og telekommunikasjon, handel med el-utstyr og annen virksomhet i forbindelse med dette, herunder deltagelse i andre virksomheter som står i forbindelse med formålet.;specific;alarm deltagelse el-installatør el-utstyr teleko unikasjon;installation, security/telecom, trade/retail;;
990629854;TRIO ELEKTRO AS;6;;Installasjonsbedrift Elektro.;generic;installasjonsbedrift;installation;;
833356372;TROMS MARITIME AUTOMATION AS;5;;Elektrikertjenester.;generic;elektrikertjenester;;;
995750090;TROMSDALEN ELEKTRO AS;25;;Elektrisk installasjonsarbeid og salg av elektrisk utstyr samt belysning.;generic;belysning utstyr;installation, trade/retail;;
915492649;TRONDHEIM EL AS;9;;Elektrisk installasjon, herunder salg av materialer, service og arbeid, samt annet som naturlig er forbundet med dette. Aksjekjøp eller virksomhet som på en annen måte kan gjøre selskapet interessert i andre foretak med samme eller lignende formål.;specific;aksjekjøp arbeid forbundet foretak gjøre interessert materialer måte;installation;;
826716592;TRONDHEIM ELEKTRO AS;11;;Elektroinstallasjoner.;boilerplate;;installation;;
917999473;TRYGG ELEKTRISKE AS;7;;Elektrikertjenester, investeringer i aksjer og eiendom samt deltagelse i andre virksomheter.;generic;deltagelse elektrikertjenester;;;
922409692;TRYGG ELEKTRO AS;21;;Elektrotekniske tjenester og deltakelse i andre selskaper, samt hva herved står i forbindelse.;specific;deltakelse elektrotekniske selskaper;;;
981411501;TRYSIL ELEKTRO AS;19;www.trysilelektro.no;Elektrisk installasjon og handel, samt annen økonomisk virksomhet, herunder ved aksjetegning eller på annen måte å gjøre seg interessert i andre foretagender.;specific;aksjetegning foretagender gjøre interessert måte seg økonomisk;installation, trade/retail;;
977300967;TRØNDELAG ELEKTRO AS;9;;Elektroentreprenør.;boilerplate;;;;
937662890;TT ELEKTRISKE AS;7;;Elektrikertjenester.;generic;elektrikertjenester;;;
943725799;TT ELEKTRO AS;15;;Elektrisk installasjon innen svak-og sterkstrøm, omsetning av elektriske artikler, investering og forvaltning av fast eiendom, aksjer og verdi- papirer samt annen virksomhet med økonomisk formål.;specific;artikler fast forvaltning omsetning papirer sterkstrøm svak-og verdi- økonomisk;installation;;
915050514;TUSSA INSTALLASJON AS;169;www.tussainstallasjon.no;Handel med elektriske artikler, radio og TV, samt virksomhet som autorisert installatør, og hva hermed står i forbindelse.;specific;artikler autorisert installatør radio;trade/retail;;
925967734;TVEDESTRAND ELEKTRO AS;13;;Elektriske installasjoner. Salg av elektriske artikler.;generic;artikler;installation, trade/retail;;
933110672;TYSVÆR ELEKTRO AS;11;;Elektrisk installasjonsvirksomhet samt hva dermed står i forbindelse, herunder å delta i andre sel- skaper med lignende virksomhet.;specific;delta installasjonsvirksomhet sel- skaper;installation;;
855343282;TØGERSEN ELEKTRO AS;27;;Elektroinnstalasjon, handel og konsulenttjenester, samt virksomhet som naturlig hører sammen med disse.;generic;disse elektroinnstalasjon;trade/retail;;
971505192;TØNSBERG ELEKTRISKE AS;5;www.tonsberg-elektriske.no;Elektroinnstallajsoner og handel av elektroutstyr av enhver art direkte eller gjennom deltakelse i andre selskaper.;specific;art deltakelse direkte elektroinnstallajsoner elektroutstyr enhver gjennom selskaper;trade/retail;;
838067522;TÅRNFALK AS;7;;Elektroentreprenør virksomhet og installasjon.;boilerplate;;installation;;
934220269;TÅSEN EL-INSTALLASJON AS;12;;Elektrikertjenester.;generic;elektrikertjenester;;;
981400224;ULVESUND ELEKTRO AS;54;;Elektrisk installasjon, handel, agentur og det som står i forbindelse med dette.;generic;agentur;installation, trade/retail;;
917027781;URHEIMS ELEKTROKOMPANI AS;9;;Elektrisk installasjon og handel, samt dermed sammenhengende virksomhet.;generic;enhengende;installation, trade/retail;;
922041016;UTNE ELEKTRO AS;8;;Installasjon, vedlikehold og reparasjon av elektriske anlegg samt dertil hørende aktiviteter.;specific;aktiviteter dertil hørende reparasjon;installation;;
991081801;UVDAL EL-SERVICE AS;5;;Innstallasjonsforretning, salg av el.artikler og div byggeprodukter, samt investeringer i aksjer og fast eiendom.;specific;artikler byggeprodukter div fast innstallasjonsforretning;;;
898320472;V-EL INSTALLASJON AS;5;v-el.no;Elektrikerinstallasjon, handel og alt innen elektriske artikler samt aktiviteter forbundet med dette og økonomisk virksomhet forøvrig, herundrer deltakelse i andre selskaper.;specific;aktiviteter artikler deltakelse elektrikerinstallasjon forbundet forøvrig herundrer selskaper økonomisk;trade/retail;;
987627328;VADSØ INSTALLASJON AS;36;;Elektroinstallasjon og salg av installasjonsmateriell.;generic;installasjonsmateriell;installation;;
991297324;VALDRES ELEKTRO & VARMEPUMPE AS;5;www.valdresel.no;Elektrisk installasjonsarbeid.;boilerplate;;installation;;
935762286;VALDRES INSTALLASJON AS;50;www.valdres-installasjon.no;Handel, elektrisk installasjon og alt som står i forbindelse med dette.;boilerplate;;installation, trade/retail;;
998879779;VASSNES POWER AS;241;www.vassnes.com;Utleie av personell og totalleveranser av elektroinstallasjon på maritime og offshore konstruksjoner, og tilhørende aktiviteter. Selskapet skal også drive konsulenttjenester.;specific;aktiviteter konstruksjoner maritime offshore personell tilhørende totalleveranser;installation;;
992925922;VATVEDT ELEKTRONIKK AS;5;www.vatvedt.no;Salg og montering av brannvarslingssystemer, andre elektroniske komponenter samt annen teknisk konsulentvirksomhet.;specific;brannvarslingssystemer elektroniske komponenter montering teknisk;;;
935452856;VBM ELEKTRO AS;8;;Elektrikertjenester.;generic;elektrikertjenester;;;
935434300;VEBENSTAD ELEKTRO AS;6;;Elektrikertjenester.;generic;elektrikertjenester;;;
993417122;VEKTEK AS;18;www.vektek.no;Salg, service, samt installasjon av elektriske tjenester og hva dermed står i forbindelse, samt deltakelse i andre selskaper med liknende formål.;specific;deltakelse liknende selskaper;installation;;
914719313;VELOX ELECTRO NORDICS AS;1088;;Bygg og anlegg: Elektro. Automasjon. HVAC. Maritim: Elektro. Automasjon. Personell: Utleie av ansattes arbeidskraft til oljeserviceindustrien.;specific;ansattes arbeidskraft automasjon bygg hvac maritim oljeserviceindustrien personell;automation/industrial;;
933270122;VEST-LOFOTEN EL AS;5;;Elektrikertjenester.;generic;elektrikertjenester;;;
921006667;VESTFJORD ELEKTRO AS;5;;Elektrisk Installasjon i boliger og industri.;generic;boliger industri;installation, automation/industrial;;
918695338;VESTFOLD ELEKTRO AS;14;;Elektrisk installasjonsarbeid, samt salg av elektrisk utstyr.;generic;utstyr;installation, trade/retail;;
979982046;VESTLAND ELEKTRO OG RØR AS;40;;Handel med varer og tjenester innen elektro og VVS, herunder delta i andre foretak.;specific;delta foretak varer vvs;trade/retail;;
996913058;VESTRE AKER ELEKTRO AS;27;;Drive elektrikervirksomhet samt naturlig tilliggende virksomhet.;generic;elektrikervirksomhet tilliggende;;;
951398152;VESTRE SLIDRE EL-INSTALLASJON AS;5;;Å foreta elektriske installasjonsarbeider, selge elektriske artikler og ellers drive virksomhet som står i denne forbindelse.;specific;artikler denne ellers foreta installasjonsarbeider;installation;;
933709205;VETO ENERGI AS;7;;Totalleverandør av tjenester innen bygging og vedlikehold av elektrisk infrastruktur, driftledelse og kontrolloppdrag.;specific;bygging driftledelse infrastruktur kontrolloppdrag totalleverandør;;;
970903461;VIK ELEKTRISKE AS;8;;Elektriske sterk- og svakstrømsinstallasjoner og det som derved er forbundet, herunder delta i andre selskaper, samt eie og drive fast eiendom.;specific;delta derved eie fast forbundet selskaper sterk- svakstrømsinstallasjoner;security/telecom;;
899250842;VIKEN ELEKTRO AS;10;;Rådgivning og konsulentvirksomhet innen energioptimalisering, lysdesign og elektro. Installasjon av elektriske anlegg. Handel og montering av skipsutstyr.;specific;energioptimalisering lysdesign montering skipsutstyr;installation, solar/energy, trade/retail;;
922937753;VIKEN STRØM AS;13;;Elektrisk installasjonsarbeid og salg av elektromateriell, samt andre konsulenttjenester vedrørende elektro.;generic;elektromateriell vedrørende;installation;;
823114222;VIKEN TEKNISKE AS;36;;Sterkstrøm- og EKOM installasjonsvirksomhet, VVS, ventilasjon, prosjektering og dertilhørende virksomhet, samt deltakelse i andre selskaper ved aksjeinnskudd eller på annen måte.;specific;aksjeinnskudd deltakelse dertilhørende ekom installasjonsvirksomhet måte prosjektering selskaper sterkstrøm- ventilasjon vvs;installation;;
933905233;VIKING EL AVDELING DRAMMEN AS;6;;Elektrikertjenester.;generic;elektrikertjenester;;;
914973414;VINDEREN ELEKTRO AS;9;www.vinderen.no;Elektrikertjenester og andre produkter/tjenester som naturlig hører til dette, herunder å delta i andre selskap med lignende virksomhet, og kjøp og salg av aksjer eller på annen måte gjøre seg interessert i andre foretak. Selskapet kan også drive med kjøp/drift av fast eiendom.;specific;delta elektrikertjenester fast foretak gjøre interessert måte seg;;;
917685258;VINJE INDUSTRI ELEKTRO AS;12;;Leveranse av elektrotjenester inkludert utførelse av arbeid knyttet til elektriske anlegg og reparasjon av elektrisk utstyr.;specific;arbeid elektrotjenester inkludert knyttet reparasjon utførelse utstyr;;;
986724311;VINSNESBAKK ELEKTRO AS;5;;Instalasjon og montering av elektriske installasjoner i bygg og anlegg.;specific;bygg instalasjon montering;installation;;
929314832;VINTERVOLL AS;238;;Elektriske installasjoner og alt som står i sammenheng hermed, samt handel og deltakelse i andre selskaper av lignende art.;specific;art deltakelse enheng selskaper;installation, trade/retail;;
994456105;VISION SECURITY-SYSTEMS AS;12;;Service og salg av svakstrøms- tele/data- og sikkerhetsinstallasjoner.;specific;data- sikkerhetsinstallasjoner svakstrøms- tele;security/telecom;;
918181539;VISJONEL AS;10;www.visjonel.no;Levering av elektrikertjenester, salg av elektromateriell og alt som tilfaller naturlig under dette. Selskapet kan også delta i andre selskaper.;specific;delta elektrikertjenester elektromateriell levering selskaper tilfaller;;;
916350163;VITAL ELEKTRO AS;17;;Elektrisk installasjonsarbeid;boilerplate;;installation;;
912793974;VITEQ AS;32;;Produksjon av mekaniske og tekniske tjenester.;generic;mekaniske tekniske;;;
984612982;VITO ELEKTRO SERVICE AS;12;;Elektroinstallasjon.;boilerplate;;installation;;
977070023;VOKKS INSTALLASJON AS;42;;Selskapets formål er å drive handels, installasjon og service virksomhet, relatert til elektrisk utstyr og anlegg og alt hva hermed står i forbindelse, herunder deltagelse i andre selskaper med tilsvarende virksomhet.;generic;handels utstyr;installation;;
986554343;VOLT ELEKTRO HARSTAD AS;23;volt.as;Elektroinstallasjon.;boilerplate;;installation;;
986554408;VOLT ELEKTRO NARVIK AS;22;;Elektriske installasjoner.;boilerplate;;installation;;
931554549;VOLTI AS;16;;Elektrikertjenester. Industridesign, produktdesign og annen teknisk design. Programmering. Reparasjon av maskiner til landbruk/skogbruk, bygg- og anlegg og industri ellers.;specific;bygg- design elektrikertjenester ellers ering industri industridesign landbruk maskiner produktdesign progra reparasjon skogbruk teknisk;automation/industrial;;
935402379;VRÅDAL ELEKTRO AS;10;;Elektrikertjenester.;generic;elektrikertjenester;;;
928539393;VTS ELEKTRO AS;83;;Montering og vedlikehold av elektriske tavler, kontrolltavler og paneler. Montering av strømskinner. Utleie av arbeidskraft innen elektro.;specific;arbeidskraft kontrolltavler montering paneler strømskinner tavler;;;
997125924;VÅGAN ELEKTRO AS;15;www.vaganelektro.no;Elektro- og tele installasjon, samt annen virksomhet som står i forbindelse med dette.;generic;elektro- tele;installation, security/telecom;;
993312584;WAGNER FIRE SAFETY AS;11;www.wagnergroup.com/no;Utvikling, salg og leveranser av brannsikringssystemer, samt det som naturlig står i forbindelse med dette.;generic;brannsikringssystemer;;;
925847097;WELHAVEN ELEKTRO AS;21;;Korttidsutleie av hus, hytte, leilighet eller rom.;specific;hus hytte korttidsutleie leilighet rom;;;
925288217;WESTCON POWER & AUTOMATION AS;191;;Fremstilling og salg av elektrotjenester og andre produkter og tjenester som naturlig står i forbindelse med dette.;generic;elektrotjenester fremstilling;;;
984802730;WETHAL ELEKTROENTREPRENØR AS;18;;Elekroentreprenør.;generic;elekroentreprenør;;;
981473078;WIBRA AS;6;;Elektroinstallasjon og automasjon.;generic;automasjon;installation, automation/industrial;;
928972658;WILH. KOLSTAD AS;17;;Å levere tjenester og produkter innen elektroinstallasjon, samt alt som står i forbindelse med dette, herunder deltakelse i andre selskaper.;boilerplate;;installation;;
984256434;WIST MIKAELSEN & GIFSTAD AS;6;www.wmg.no;Autorisert elektrisk installasjonsarbeid innenfor bygg, anlegg, rehabilitering og vedlikehold.;specific;autorisert bygg rehabilitering;installation;;
979705883;X5 ELEKTRO AS;49;www.x5elektro.no/;Elektrisk installasjonsvirksomhet.;generic;installasjonsvirksomhet;installation;;
931422545;XP SERVICE AS;13;;Elektrikertjenester.;generic;elektrikertjenester;;;
981574036;XPERT INSTALLASJON AS;88;www.xpert.no;Å være totalleverandør innenfor eletroinstallasjoner og dertil tilhørende virksomheter. Videre deltagelse i beslektede virksomheter, samt ervervelse av verdipapirer og fast eiendom.;specific;beslektede deltagelse dertil eletroinstallasjoner ervervelse fast tilhørende totalleverandør verdipapirer videre være;;;
833786342;ZEAB AS;5;;Fiber og data installasjoner.;generic;data fiber;installation, security/telecom;;
931627538;ZIMMERMANN ELEKTRO AS;8;;Elektrikertjenester.;generic;elektrikertjenester;;;
923399135;ZK ELEKTRO AS;34;www.zkelektro.no;El-installasjon svakstrøm/sterkstrøm, samt å delta i andre selskaper som er relevant til dette.;specific;delta el-installasjon relevant selskaper sterkstrøm svakstrøm;installation, security/telecom;;
918613102;ÆGIR ELEKTRO AS;22;;Elektrotjenester.;generic;elektrotjenester;;;
999338887;Ø.S. ELEKTRO AS;5;;Yte elektrikkertjenester og annen virksomhet som naturlig hører hjemme i virksomheten, samt annen konsulentvirksomhet og kjøp og salg av varer.;specific;elektrikkertjenester hje varer yte;;;
970976981;ØDESKAUG ELEKTRO AS;9;;Elektroteknisk installasjonsvirksomhet, konsulent- tjenester, deltagelse i andre selskaper og hva dermed står i forbindelse.;specific;deltagelse elektroteknisk installasjonsvirksomhet konsulent- selskaper;installation;;
988277231;ØISTAD ELEKTRO AS;13;;Elektro installasjon og alt som står i forbindelse med dette.;boilerplate;;installation;;
827026042;ØRA ELEKTRO AS;11;;Planlegging og utførelse av elektroinstallasjoner. Salg av ingeniørtjenester.;specific;ingeniørtjenester planlegging utførelse;installation;;
935342880;ØST ALARMTJENESTER AS;10;;Salg og installering av alarm og sikkerhetstjenester.;specific;alarm installering sikkerhetstjenester;security/telecom;;
921707959;ØST ELEKTRO AS;12;;Omsetning av tjenester og varer innen elektrobransjen. Samarbeid med og deltakelse i andre selskaper i samme bransje.;specific;bransje deltakelse elektrobransjen omsetning samarbeid selskaper varer;;;
923545395;ØSTA ELEKTRO AS;35;www.osta-elektro.no;Elektroinstallatør med montering av nyanlegg, service og vedlikehold av elektroinstallasjoner for boliger, landbruk, industri og annen næringsvirksomhet, samt salg, montering og vedlikehold av brannalarmanlegg.;specific;boliger brannalarmanlegg elektroinstallatør industri landbruk montering nyanlegg næringsvirksomhet;installation, automation/industrial;;
920961932;ØSTBYE & SLETMOEN AS;17;;Elektrovirksomhet;generic;elektrovirksomhet;;;
984280505;ØSTERHUS ELEKTRO AS;20;;Installasjon og handel med elektriske produkter og andre håndtverktjenester.;generic;håndtverktjenester;installation, trade/retail;;
928029700;ØSTFOLD ALARMTJENESTER AS;13;;Salg, installasjon og service på alarmanlegg.;generic;alarmanlegg;installation, security/telecom;;
955719107;ØVERBYGD ELEKTRO AS;22;www.overbygd-elektro.no;Drive elektrisk innstallasjon og handel, samt annen virksomhet som naturlig faller inn under dette.;specific;faller inn innstallasjon;trade/retail;;
945139668;ØVREBERG INSTALLASJONSFORRETNING AS;30;;Handel og installasjonsvirksomhet, samt hva hermed står i forbindelse, herunder å delta i andre selskaper.;generic;installasjonsvirksomhet;installation, trade/retail;;
968467530;ØYGARDEN ELEKTRISKE AS;28;www.oygarden-elektriske.no;Elektrisk installasjonsarbeid, omsetnad av elektrisk handelsvare og anna omsetnad som høyrer naturlig inn under slik verksemd.;specific;anna handelsvare høyrer inn omsetnad verksemd;installation;;
913405943;ØYSTESE ELEKTRISKE AS;9;;Elektrisk nyinstallasjon og vedlikehold i boliger, hytter og næringsbygg.;specific;boliger hytter nyinstallasjon næringsbygg;;;
987660392;AA ELEKTRO INSTALLASJON AS;65;www.aaele.no;Elektroinstallasjon og det som faller naturlig inn under dette.;generic;faller inn;installation;;
982777461;ÅL INSTALLASJON AS;5;www.aalinst.no;Elektrisk installasjonsvirksomhet og detaljsalg av elektriske artikler.;specific;artikler detaljsalg installasjonsvirksomhet;installation;;
926454226;AALAND ELEKTROSERVICE AS;5;;Elektroinstallasjoner innen bolig, landbruk og annen næring;specific;bolig landbruk næring;installation;;
933322467;ÅLESUND ELEKTRO AS;12;;Elektrisk installasjonsvirksomhet av enhver art, handel og det som hermed står i forbindelse, foruten deltakelse ved aksjeinnskudd eller på annen måte i selskaper med økonomiske formål.;specific;aksjeinnskudd art deltakelse enhver foruten installasjonsvirksomhet måte selskaper økonomiske;installation, trade/retail;;
960121163;AALMO AS AUTORISERT ELEKTROENTREPRENØR;47;;Entreprenørvirksomhet, installasjon, handel, utleie av fast eiendom samt annen virksomhet i forbindelse med dette, herunder deltagelse i andre selskaper.;generic;entreprenørvirksomhet fast;installation, trade/retail;;
991638768;ÅRNES ELEKTRO AS;24;;Elektroentrepenørvirksomhet.;generic;elektroentrepenørvirksomhet;;;
948109298;ÅRSETH ELEKTRO AS;5;;Handel og elektrisk installasjon samt det som dermed står i forbindelse.;boilerplate;;installation, trade/retail;;
916625715;AARSKOG ELEKTRO AS;16;;Elektroinstallasjon og handel, samt investering og annet som står i forbindelse med dette.;boilerplate;;installation, trade/retail;;
960433440;ÅS ELEKTRISKE AS;13;www.aas-elektriske.no;Import og eksport, handel og elektrisk installasjon.;boilerplate;;installation, trade/retail;;
930730793;ÅSANE TEKNISKE GRUPPE ELEKTRO AS;25;;Levere prosjektering og salg av elektriske elektroinstallasjoner, både sterk- og svakstrøminstallasjoner. Primært leveres tjenestene som ferdig installerte produkter av en elektromontør, men salg av el. produkter uten montasje kan forekomme. Selskapet skal yte sine tjenester både for private personer, offentlige- og bedriftskunder.;specific;bedriftskunder elektromontør ferdig foreko installerte leveres men montasje offentlige- personer primært prosjektering sine sterk- svakstrøminstallasjoner tjenestene uten yte;installation, security/telecom, trade/retail;;
979476205;AASEBØ & ULVESTAD INSTALLASJON AS;12;;Elektrisk installasjonsverksemd.;generic;installasjonsverksemd;installation;;
920277756;ÅSGÅRDEN ELEKTRO AS;7;;Elektrikertjenester.;generic;elektrikertjenester;;;
